ARO_Accession,CARD_Name,Model_Type,ARO_Categories,Match_Status,ResFinder_Gene_Name,ResFinder_Class,Match_Tier,Match_Confidence,Alternate_ResFinder_Synonyms,Excluded_Candidates_ClassMismatch,N_Pathogens_With_Hit,Max_NCBI_WGS_Prevalence_Pct,Top_Pathogen_By_WGS_Pct,Has_Perfect_Strict_Hit
ARO:3000005,vanD,protein homolog model,antibiotic target alteration; glycopeptide antibiotic,matched,VanD,Glycopeptide,case_insensitive,High,,,5,25.58,Enterocloster clostridioformis,True
ARO:3000010,vanA,protein homolog model,antibiotic target alteration; glycopeptide antibiotic,matched,VanA,Glycopeptide,case_insensitive,High,,,7,28.71,Enterococcus faecium,True
ARO:3000013,vanB,protein homolog model,antibiotic target alteration; glycopeptide antibiotic,matched,VanB,Glycopeptide,case_insensitive,High,,,3,4.41,Enterococcus faecium,True
ARO:3000118,vgaB,protein homolog model,antibiotic target protection; pleuromutilin antibiotic; streptogramin A antibiotic; streptogramin antibiotic,matched,vga(B),Macrolide resistance,loose,High,,,2,0.75,Staphylococcus epidermidis,True
ARO:3000149,FosA,protein homolog model,antibiotic inactivation; phosphonic acid antibiotic,matched,fosA,Fosfomycin resistance,case_insensitive,High,,,6,67.57,Pseudomonas aeruginosa,True
ARO:3000165,tet(A),protein homolog model,antibiotic efflux; tetracycline antibiotic,matched,tet(A),Tetracycline,exact,High,,,62,37.62,Shigella sonnei,True
ARO:3000166,tet(B),protein homolog model,antibiotic efflux; tetracycline antibiotic,matched,tet(B),Tetracycline,exact,High,,,54,67.55,Shigella flexneri,True
ARO:3000167,tet(C),protein homolog model,antibiotic efflux; tetracycline antibiotic,matched,tet(C),Tetracycline,exact,High,,,67,57.14,Achromobacter insolitus,True
ARO:3000168,tet(D),protein homolog model,antibiotic efflux; tetracycline antibiotic,matched,tet(D),Tetracycline,exact,High,,,42,15.38,Citrobacter werkmanii,True
ARO:3000172,FosB,protein homolog model,antibiotic inactivation; phosphonic acid antibiotic,matched,fosB,Fosfomycin resistance,case_insensitive,High,,,3,82.25,Bacillus cereus,True
ARO:3000173,tet(E),protein homolog model,antibiotic efflux; tetracycline antibiotic,matched,tet(E),Tetracycline,exact,High,,,3,20.43,Aeromonas caviae,True
ARO:3000175,tet(H),protein homolog model,antibiotic efflux; tetracycline antibiotic,matched,tet(H),Tetracycline,exact,High,,,11,41.38,Histophilus somni,True
ARO:3000178,tet(K),protein homolog model,antibiotic efflux; tetracycline antibiotic,matched,tet(K),Tetracycline,exact,High,,,18,15.38,Staphylococcus pasteuri,True
ARO:3000180,tetA(P),protein homolog model,antibiotic efflux; tetracycline antibiotic,matched,tetA(P),Tetracycline,exact,High,,,2,0.24,Clostridium perfringens,True
ARO:3000182,tet(Y),protein homolog model,antibiotic efflux; tetracycline antibiotic,matched,tet(Y),Tetracycline,exact,High,,,11,50.0,Acinetobacter wuhouensis,True
ARO:3000183,tet(Z),protein homolog model,antibiotic efflux; tetracycline antibiotic,matched,tet(Z),Tetracycline,exact,High,,,1,16.67,Trueperella pyogenes,True
ARO:3000186,tet(M),protein homolog model,antibiotic target protection; tetracycline antibiotic,matched,tet(M),Tetracycline,exact,High,,,99,71.43,Peptoniphilus harei,True
ARO:3000190,tet(O),protein homolog model,antibiotic target protection; tetracycline antibiotic,matched,tet(O),Tetracycline,exact,High,,,51,44.44,Roseburia hominis,True
ARO:3000191,tet(Q),protein homolog model,antibiotic target protection; tetracycline antibiotic,matched,tet(Q),Tetracycline,exact,High,,,24,100.0,Eubacterium limosum,True
ARO:3000192,tet(S),protein homolog model,antibiotic target protection; tetracycline antibiotic,matched,tet(S),Tetracycline,exact,High,,,15,15.56,Lactococcus garvieae,True
ARO:3000193,tet(T),protein homolog model,antibiotic target protection; tetracycline antibiotic,matched,tet(T),Tetracycline,exact,High,,,2,0.93,Streptococcus dysgalactiae,True
ARO:3000194,tet(W),protein homolog model,antibiotic target protection; tetracycline antibiotic,matched,tet(W),Tetracycline,exact,High,,,43,80.0,Christensenella minuta,True
ARO:3000195,tetB(P),protein homolog model,antibiotic target protection; tetracycline antibiotic,matched,tetB(P),Tetracycline,exact,High,,,10,100.0,Peptacetobacter hiranonis,True
ARO:3000196,tet(32),protein homolog model,antibiotic target protection; tetracycline antibiotic,matched,tet(32),Tetracycline,exact,High,,,18,20.93,Enterocloster clostridioformis,True
ARO:3000197,tet(36),protein homolog model,antibiotic target protection; tetracycline antibiotic,matched,tet(36),Tetracycline,exact,High,,,11,100.0,Clostridium septicum,True
ARO:3000198,FosX,protein homolog model,antibiotic inactivation; phosphonic acid antibiotic,matched,fosX,Fosfomycin resistance,case_insensitive,High,,,2,74.47,Listeria monocytogenes,True
ARO:3000205,tet(X),protein homolog model,antibiotic inactivation; glycylcycline; tetracycline antibiotic,matched,tet(X),Tetracycline,exact,High,,,17,100.0,Myroides phaeus,True
ARO:3000230,ANT(2'')-Ia,protein homolog model,aminoglycoside antibiotic; antibiotic inactivation,matched,aadB,Aminoglycoside,alias_bridge,Medium,,,55,17.65,Alcaligenes faecalis,True
ARO:3000250,ErmC,protein homolog model,antibiotic target alteration; lincosamide antibiotic; macrolide antibiotic; streptogramin A antibiotic; streptogramin antibiotic; streptogramin B antibiotic,matched,erm(C),Macrolide resistance,loose,High,,,30,21.42,Staphylococcus epidermidis,True
ARO:3000251,msrA,protein homolog model,antibiotic target protection; macrolide antibiotic; streptogramin antibiotic; streptogramin B antibiotic,matched,msr(A),Macrolide resistance,loose,High,,,14,65.0,Staphylococcus arlettae,True
ARO:3000300,lsaA,protein homolog model,antibiotic target protection; lincosamide antibiotic; pleuromutilin antibiotic; streptogramin A antibiotic; streptogramin antibiotic; streptogramin B antibiotic,matched,lsa(A),Macrolide resistance,loose,High,,,1,2.79,Enterococcus faecalis,True
ARO:3000316,mphA,protein homolog model,antibiotic inactivation; macrolide antibiotic,matched,mph(A),Macrolide resistance,loose,High,,,48,24.32,Citrobacter portucalensis,True
ARO:3000318,mphB,protein homolog model,antibiotic inactivation; macrolide antibiotic,matched,mph(B),Macrolide resistance,loose,High,,,7,1.79,Streptococcus uberis,True
ARO:3000319,mphC,protein homolog model,antibiotic inactivation; macrolide antibiotic,matched,mph(C),Macrolide resistance,loose,High,,,11,41.07,Staphylococcus equorum,True
ARO:3000347,ErmA,protein homolog model,antibiotic target alteration; lincosamide antibiotic; macrolide antibiotic; streptogramin A antibiotic; streptogramin antibiotic; streptogramin B antibiotic,matched,erm(A),Macrolide resistance,loose,High,,,19,15.79,Enterococcus avium,True
ARO:3000361,EreA,protein homolog model,antibiotic inactivation; macrolide antibiotic,matched,ere(A),Macrolide resistance,loose,High,,,16,3.96,Proteus mirabilis,True
ARO:3000363,EreB,protein homolog model,antibiotic inactivation; macrolide antibiotic,matched,ere(B),Macrolide resistance,loose,High,,,6,3.07,Morganella morganii,True
ARO:3000375,ErmB,protein homolog model,antibiotic target alteration; lincosamide antibiotic; macrolide antibiotic; streptogramin A antibiotic; streptogramin antibiotic; streptogramin B antibiotic,matched,erm(B),Macrolide resistance,loose,High,,,86,51.28,Staphylococcus pseudintermedius,True
ARO:3000391,norA,protein homolog model,antibiotic efflux; disinfecting agents and antiseptics; fluoroquinolone antibiotic,matched,norA,Quinolone,exact,High,,,1,72.13,Staphylococcus epidermidis,True
ARO:3000410,sul1,protein homolog model,antibiotic target replacement; sulfonamide antibiotic; sulfone antibiotic,matched,sul1,sulphonamide resistance,exact,High,,,93,59.68,Aeromonas caviae,True
ARO:3000412,sul2,protein homolog model,antibiotic target replacement; sulfonamide antibiotic; sulfone antibiotic,matched,sul2,sulphonamide resistance,exact,High,,,100,100.0,Actinobacillus indolicus,True
ARO:3000413,sul3,protein homolog model,antibiotic target replacement; sulfonamide antibiotic; sulfone antibiotic,matched,sul3,sulphonamide resistance,exact,High,,,27,12.5,Citrobacter youngae,True
ARO:3000448,QepA1,protein homolog model,antibiotic efflux; fluoroquinolone antibiotic,matched,qepA1,Quinolone,case_insensitive,High,,,1,0.0,Shigella flexneri,True
ARO:3000467,NDM-5,protein homolog model,antibiotic inactivation; carbapenem; cephalosporin; cephamycin; penam,matched,blaNDM-5,Beta-Lactamase,debla,High,,,16,7.24,Klebsiella quasipneumoniae,True
ARO:3000478,tet(33),protein homolog model,antibiotic efflux; tetracycline antibiotic,matched,tet(33),Tetracycline,exact,High,,,2,0.63,Corynebacterium diphtheriae,True
ARO:3000498,ErmF,protein homolog model,antibiotic target alteration; lincosamide antibiotic; macrolide antibiotic; streptogramin A antibiotic; streptogramin antibiotic; streptogramin B antibiotic,matched,erm(F),Macrolide resistance,loose,High,,,17,38.46,Phocaeicola massiliensis,True
ARO:3000522,ErmG,protein homolog model,antibiotic target alteration; lincosamide antibiotic; macrolide antibiotic; streptogramin A antibiotic; streptogramin antibiotic; streptogramin B antibiotic,matched,erm(G),Macrolide resistance,loose,High,,,10,23.75,Bacteroides caccae,True
ARO:3000556,tet(44),protein homolog model,antibiotic target protection; tetracycline antibiotic,matched,tet(44),Tetracycline,exact,High,,,5,8.14,Erysipelatoclostridium ramosum,True
ARO:3000566,tet(39),protein homolog model,antibiotic efflux; tetracycline antibiotic,matched,tet(39),Tetracycline,exact,High,,,9,50.0,Acinetobacter wuhouensis,True
ARO:3000567,tet(40),protein homolog model,antibiotic efflux; tetracycline antibiotic,matched,tet(40),Tetracycline,exact,High,,,10,22.22,Roseburia hominis,True
ARO:3000569,tet(41),protein homolog model,antibiotic efflux; tetracycline antibiotic,matched,tet(41),Tetracycline,exact,High,,,1,23.07,Serratia marcescens,True
ARO:3000589,NDM-1,protein homolog model,antibiotic inactivation; carbapenem; cephalosporin; cephamycin; penam,matched,blaNDM-1,Beta-Lactamase,debla,High,,,52,50.0,Acinetobacter wuhouensis,True
ARO:3000590,NDM-2,protein homolog model,antibiotic inactivation; carbapenem; cephalosporin; cephamycin; penam,matched,blaNDM-2,Beta-Lactamase,debla,High,,,1,0.03,Acinetobacter baumannii,True
ARO:3000593,ErmQ,protein homolog model,antibiotic target alteration; lincosamide antibiotic; macrolide antibiotic; streptogramin A antibiotic; streptogramin antibiotic; streptogramin B antibiotic,matched,erm(Q),Macrolide resistance,loose,High,,,3,4.89,Clostridium perfringens,True
ARO:3000595,ErmT,protein homolog model,antibiotic target alteration; lincosamide antibiotic; macrolide antibiotic; streptogramin A antibiotic; streptogramin antibiotic; streptogramin B antibiotic,matched,erm(T),Macrolide resistance,loose,High,,,19,25.0,Streptococcus pasteurianus,True
ARO:3000596,ErmX,protein homolog model,antibiotic target alteration; lincosamide antibiotic; macrolide antibiotic; streptogramin A antibiotic; streptogramin antibiotic; streptogramin B antibiotic,matched,erm(X),Macrolide resistance,loose,High,,,16,100.0,Corynebacterium ureicelerivorans,True
ARO:3000602,Erm(39),protein homolog model,antibiotic target alteration; lincosamide antibiotic; macrolide antibiotic; streptogramin A antibiotic; streptogramin antibiotic; streptogramin B antibiotic,matched,erm(39),Macrolide resistance,case_insensitive,High,,,2,100.0,Mycolicibacterium septicum,True
ARO:3000604,Erm(35),protein homolog model,antibiotic target alteration; lincosamide antibiotic; macrolide antibiotic; streptogramin A antibiotic; streptogramin antibiotic; streptogramin B antibiotic,matched,erm(35),Macrolide resistance,case_insensitive,High,,,7,3.42,Bacteroides ovatus,True
ARO:3000605,Erm(36),protein homolog model,antibiotic target alteration; lincosamide antibiotic; macrolide antibiotic; streptogramin A antibiotic; streptogramin antibiotic; streptogramin B antibiotic,matched,erm(36),Macrolide resistance,case_insensitive,High,,,1,4.44,Micrococcus luteus,True
ARO:3000617,mecA,protein homolog model,antibiotic target replacement; carbapenem; cephalosporin; cephamycin; monobactam; penam,matched,mecA,Beta-Lactamase,exact,High,,,13,57.69,Staphylococcus pseudintermedius,True
ARO:3000843,MUS-1,protein homolog model,antibiotic inactivation; carbapenem; penam; penem,matched,blaMUS-1,Beta-Lactamase,debla,High,,,1,71.43,Myroides odoratimimus,True
ARO:3000845,GIM-1,protein homolog model,antibiotic inactivation; carbapenem; cephalosporin; cephamycin; monobactam; penam; penem,matched,blaGIM-1,Beta-Lactamase,debla,High,,,4,0.28,Acinetobacter pittii,True
ARO:3000846,SIM-1,protein homolog model,antibiotic inactivation; carbapenem; cephalosporin; penam,matched,blaSIM-1,Beta-Lactamase,debla,High,,,3,0.01,Pseudomonas aeruginosa,True
ARO:3000847,KHM-1,protein homolog model,antibiotic inactivation; carbapenem; cephalosporin; cephamycin; penam; penem,matched,blaKHM-1,Beta-Lactamase,debla,High,,,2,0.0,Enterobacter hormaechei,True
ARO:3000848,DIM-1,protein homolog model,antibiotic inactivation; carbapenem; cephalosporin,matched,blaDIM-1,Beta-Lactamase,debla,High,,,1,0.1,Pseudomonas aeruginosa,True
ARO:3000858,armA,protein homolog model,aminoglycoside antibiotic; antibiotic target alteration,matched,armA,Aminoglycoside,exact,High,,,28,24.91,Acinetobacter baumannii,True
ARO:3000860,rmtB,protein homolog model,aminoglycoside antibiotic; antibiotic target alteration,matched,rmtB,Aminoglycoside,exact,High,,,20,4.73,Klebsiella pneumoniae,True
ARO:3000861,rmtC,protein homolog model,aminoglycoside antibiotic; antibiotic target alteration,matched,rmtC,Aminoglycoside,exact,High,,,18,1.91,Providencia rettgeri,True
ARO:3000873,TEM-1,protein homolog model,antibiotic inactivation; cephalosporin; monobactam; penam; penem,matched,blaTEM-1,Beta-Lactamase,debla,High,,,66,35.9,Citrobacter werkmanii,True
ARO:3000874,TEM-2,protein homolog model,antibiotic inactivation; cephalosporin; monobactam; penam; penem,matched,blaTEM-2,Beta-Lactamase,debla,High,,,8,4.55,Providencia stuartii,True
ARO:3000875,TEM-3,protein homolog model,antibiotic inactivation; cephalosporin; monobactam; penam; penem,matched,blaTEM-3,Beta-Lactamase,debla,High,,,1,0.42,Klebsiella oxytoca,True
ARO:3000878,TEM-6,protein homolog model,antibiotic inactivation; cephalosporin; monobactam; penam; penem,matched,blaTEM-6,Beta-Lactamase,debla,High,,,1,0.0,Escherichia coli,True
ARO:3000881,TEM-9,protein homolog model,antibiotic inactivation; cephalosporin; monobactam; penam; penem,matched,blaTEM-9,Beta-Lactamase,debla,High,,,2,0.13,Klebsiella quasipneumoniae,True
ARO:3000882,TEM-10,protein homolog model,antibiotic inactivation; cephalosporin; monobactam; penam; penem,matched,blaTEM-10,Beta-Lactamase,debla,High,,,2,0.02,Klebsiella pneumoniae,True
ARO:3000884,TEM-12,protein homolog model,antibiotic inactivation; cephalosporin; monobactam; penam; penem,matched,blaTEM-12,Beta-Lactamase,debla,High,,,4,0.09,Enterobacter hormaechei,True
ARO:3000886,TEM-15,protein homolog model,antibiotic inactivation; cephalosporin; monobactam; penam; penem,matched,blaTEM-15,Beta-Lactamase,debla,High,,,3,0.13,Serratia marcescens,True
ARO:3000890,TEM-19,protein homolog model,antibiotic inactivation; cephalosporin; monobactam; penam; penem,matched,blaTEM-19,Beta-Lactamase,debla,High,,,2,0.13,Klebsiella quasipneumoniae,True
ARO:3000891,TEM-20,protein homolog model,antibiotic inactivation; cephalosporin; monobactam; penam; penem,matched,blaTEM-20,Beta-Lactamase,debla,High,,,1,0.01,Escherichia coli,True
ARO:3000894,TEM-24,protein homolog model,antibiotic inactivation; cephalosporin; monobactam; penam; penem,matched,blaTEM-24,Beta-Lactamase,debla,High,,,2,0.01,Klebsiella pneumoniae,True
ARO:3000896,TEM-26,protein homolog model,antibiotic inactivation; cephalosporin; monobactam; penam; penem,matched,blaTEM-26,Beta-Lactamase,debla,High,,,4,0.44,Enterobacter kobei,True
ARO:3000898,TEM-28,protein homolog model,antibiotic inactivation; cephalosporin; monobactam; penam; penem,matched,blaTEM-28,Beta-Lactamase,debla,High,,,1,0.26,Serratia marcescens,True
ARO:3000899,TEM-29,protein homolog model,antibiotic inactivation; cephalosporin; monobactam; penam; penem,matched,blaTEM-29,Beta-Lactamase,debla,High,,,2,0.01,Klebsiella pneumoniae,True
ARO:3000900,TEM-30,protein homolog model,antibiotic inactivation; cephalosporin; monobactam; penam; penem,matched,blaTEM-30,Beta-Lactamase,debla,High,,,6,7.69,Neisseria sicca,True
ARO:3000901,TEM-31,protein homolog model,antibiotic inactivation; cephalosporin; monobactam; penam; penem,matched,blaTEM-31,Beta-Lactamase,debla,High,,,3,0.27,Klebsiella michiganensis,True
ARO:3000902,TEM-32,protein homolog model,antibiotic inactivation; cephalosporin; monobactam; penam; penem,matched,blaTEM-32,Beta-Lactamase,debla,High,,,4,0.8,Shigella sonnei,True
ARO:3000903,TEM-33,protein homolog model,antibiotic inactivation; cephalosporin; monobactam; penam; penem,matched,blaTEM-33,Beta-Lactamase,debla,High,,,3,0.1,Klebsiella pneumoniae,True
ARO:3000904,TEM-34,protein homolog model,antibiotic inactivation; cephalosporin; monobactam; penam; penem,matched,blaTEM-34,Beta-Lactamase,debla,High,,,3,0.13,Haemophilus influenzae,True
ARO:3000905,TEM-35,protein homolog model,antibiotic inactivation; cephalosporin; monobactam; penam; penem,matched,blaTEM-35,Beta-Lactamase,debla,High,,,1,0.03,Escherichia coli,True
ARO:3000906,TEM-36,protein homolog model,antibiotic inactivation; cephalosporin; monobactam; penam; penem,matched,blaTEM-36,Beta-Lactamase,debla,High,,,1,0.01,Escherichia coli,True
ARO:3000907,TEM-37,protein homolog model,antibiotic inactivation; cephalosporin; monobactam; penam; penem,matched,blaTEM-37,Beta-Lactamase,debla,High,,,1,0.0,Escherichia coli,True
ARO:3000909,TEM-39,protein homolog model,antibiotic inactivation; cephalosporin; monobactam; penam; penem,matched,blaTEM-39,Beta-Lactamase,debla,High,,,1,0.01,Escherichia coli,True
ARO:3000910,TEM-40,protein homolog model,antibiotic inactivation; cephalosporin; monobactam; penam; penem,matched,blaTEM-40,Beta-Lactamase,debla,High,,,4,0.62,Shigella flexneri,True
ARO:3000916,TEM-47,protein homolog model,antibiotic inactivation; cephalosporin; monobactam; penam; penem,matched,blaTEM-47,Beta-Lactamase,debla,High,,,1,0.0,Escherichia coli,True
ARO:3000921,TEM-52,protein homolog model,antibiotic inactivation; cephalosporin; monobactam; penam; penem,matched,blaTEM-52,Beta-Lactamase,debla,High,,,5,1.02,Vibrio cholerae,True
ARO:3000923,TEM-54,protein homolog model,antibiotic inactivation; cephalosporin; monobactam; penam; penem,matched,blaTEM-54,Beta-Lactamase,debla,High,,,1,0.0,Escherichia coli,True
ARO:3000926,TEM-57,protein homolog model,antibiotic inactivation; cephalosporin; monobactam; penam; penem,matched,blaTEM-57,Beta-Lactamase,debla,High,,,2,0.09,Escherichia coli,True
ARO:3000931,TEM-63,protein homolog model,antibiotic inactivation; cephalosporin; monobactam; penam; penem,matched,blaTEM-63,Beta-Lactamase,debla,High,,,1,0.45,Vibrio cholerae,True
ARO:3000935,TEM-68,protein homolog model,antibiotic inactivation; cephalosporin; monobactam; penam; penem,matched,blaTEM-68,Beta-Lactamase,debla,High,,,1,0.0,Acinetobacter baumannii,True
ARO:3000937,TEM-71,protein homolog model,antibiotic inactivation; cephalosporin; monobactam; penam; penem,matched,blaTEM-71,Beta-Lactamase,debla,High,,,1,0.0,Xanthomonas oryzae,True
ARO:3000951,TEM-84,protein homolog model,antibiotic inactivation; cephalosporin; monobactam; penam; penem,matched,blaTEM-84,Beta-Lactamase,debla,High,,,6,0.74,Klebsiella pneumoniae,True
ARO:3000959,TEM-92,protein homolog model,antibiotic inactivation; cephalosporin; monobactam; penam; penem,matched,blaTEM-92,Beta-Lactamase,debla,High,,,1,0.17,Proteus mirabilis,True
ARO:3000960,TEM-93,protein homolog model,antibiotic inactivation; cephalosporin; monobactam; penam; penem,matched,blaTEM-93,Beta-Lactamase,debla,High,,,2,2.27,Providencia stuartii,True
ARO:3000962,TEM-95,protein homolog model,antibiotic inactivation; cephalosporin; monobactam; penam; penem,matched,blaTEM-95,Beta-Lactamase,debla,High,,,2,0.27,Haemophilus influenzae,True
ARO:3000967,TEM-104,protein homolog model,antibiotic inactivation; cephalosporin; monobactam; penam; penem,matched,blaTEM-104,Beta-Lactamase,debla,High,,,2,0.19,Citrobacter freundii,True
ARO:3000973,TEM-110,protein homolog model,antibiotic inactivation; cephalosporin; monobactam; penam; penem,matched,blaTEM-110,Beta-Lactamase,debla,High,,,4,0.61,Morganella morganii,True
ARO:3000978,TEM-115,protein homolog model,antibiotic inactivation; cephalosporin; monobactam; penam; penem,matched,blaTEM-115,Beta-Lactamase,debla,High,,,1,0.0,Escherichia coli,True
ARO:3000979,TEM-116,protein homolog model,antibiotic inactivation; cephalosporin; monobactam; penam; penem,matched,blaTEM-116,Beta-Lactamase,debla,High,,,54,25.81,Chlamydia trachomatis,True
ARO:3000984,TEM-122,protein homolog model,antibiotic inactivation; cephalosporin; monobactam; penam; penem,matched,blaTEM-122,Beta-Lactamase,debla,High,,,4,2.27,Providencia stuartii,True
ARO:3000989,TEM-127,protein homolog model,antibiotic inactivation; cephalosporin; monobactam; penam; penem,matched,blaTEM-127,Beta-Lactamase,debla,High,,,1,0.09,Enterobacter hormaechei,True
ARO:3000995,TEM-131,protein homolog model,antibiotic inactivation; cephalosporin; monobactam; penam; penem,matched,blaTEM-131,Beta-Lactamase,debla,High,,,1,0.17,Proteus mirabilis,True
ARO:3000997,TEM-133,protein homolog model,antibiotic inactivation; cephalosporin; monobactam; penam; penem,matched,blaTEM-133,Beta-Lactamase,debla,High,,,1,0.32,Enterobacter cloacae,True
ARO:3000999,TEM-135,protein homolog model,antibiotic inactivation; cephalosporin; monobactam; penam; penem,matched,blaTEM-135,Beta-Lactamase,debla,High,,,8,2.17,Escherichia fergusonii,True
ARO:3001017,TEM-150,protein homolog model,antibiotic inactivation; cephalosporin; monobactam; penam; penem,matched,blaTEM-150,Beta-Lactamase,debla,High,,,10,3.43,Shigella sonnei,True
ARO:3001022,TEM-156,protein homolog model,antibiotic inactivation; cephalosporin; monobactam; penam; penem,matched,blaTEM-156,Beta-Lactamase,debla,High,,,1,0.0,Escherichia coli,True
ARO:3001029,TEM-163,protein homolog model,antibiotic inactivation; cephalosporin; monobactam; penam; penem,matched,blaTEM-163,Beta-Lactamase,debla,High,,,3,0.03,Klebsiella pneumoniae,True
ARO:3001032,TEM-166,protein homolog model,antibiotic inactivation; cephalosporin; monobactam; penam; penem,matched,blaTEM-166,Beta-Lactamase,debla,High,,,1,0.02,Escherichia coli,True
ARO:3001034,TEM-168,protein homolog model,antibiotic inactivation; cephalosporin; monobactam; penam; penem,matched,blaTEM-168,Beta-Lactamase,debla,High,,,3,0.01,Acinetobacter baumannii,True
ARO:3001035,TEM-169,protein homolog model,antibiotic inactivation; cephalosporin; monobactam; penam; penem,matched,blaTEM-169,Beta-Lactamase,debla,High,,,3,0.08,Klebsiella pneumoniae,True
ARO:3001037,TEM-171,protein homolog model,antibiotic inactivation; cephalosporin; monobactam; penam; penem,matched,blaTEM-171,Beta-Lactamase,debla,High,,,7,0.41,Vibrio vulnificus,True
ARO:3001041,TEM-176,protein homolog model,antibiotic inactivation; cephalosporin; monobactam; penam; penem,matched,blaTEM-176,Beta-Lactamase,debla,High,,,6,3.64,Citrobacter amalonaticus,True
ARO:3001044,TEM-181,protein homolog model,antibiotic inactivation; cephalosporin; monobactam; penam; penem,matched,blaTEM-181,Beta-Lactamase,debla,High,,,8,2.04,Streptococcus lutetiensis,True
ARO:3001050,TEM-190,protein homolog model,antibiotic inactivation; cephalosporin; monobactam; penam; penem,matched,blaTEM-190,Beta-Lactamase,debla,High,,,2,0.09,Escherichia coli,True
ARO:3001051,TEM-191,protein homolog model,antibiotic inactivation; cephalosporin; monobactam; penam; penem,matched,blaTEM-191,Beta-Lactamase,debla,High,,,1,0.01,Acinetobacter baumannii,True
ARO:3001057,TEM-198,protein homolog model,antibiotic inactivation; cephalosporin; monobactam; penam; penem,matched,blaTEM-198,Beta-Lactamase,debla,High,,,5,0.47,Klebsiella pneumoniae,True
ARO:3001059,SHV-1,protein homolog model,antibiotic inactivation; carbapenem; cephalosporin; penam,matched,blaSHV-1,Beta-Lactamase,debla,High,,,5,14.1,Klebsiella pneumoniae,True
ARO:3001060,SHV-2,protein homolog model,antibiotic inactivation; carbapenem; cephalosporin; penam,matched,blaSHV-2,Beta-Lactamase,debla,High,,,7,2.56,Citrobacter werkmanii,True
ARO:3001061,SHV-2A,protein homolog model,antibiotic inactivation; carbapenem; cephalosporin; penam,matched,blaSHV-2a,Beta-Lactamase,debla,High,,,6,0.4,Enterobacter asburiae,True
ARO:3001064,SHV-5,protein homolog model,antibiotic inactivation; carbapenem; cephalosporin; penam,matched,blaSHV-5,Beta-Lactamase,debla,High,,,15,2.27,Providencia stuartii,True
ARO:3001066,SHV-7,protein homolog model,antibiotic inactivation; carbapenem; cephalosporin; penam,matched,blaSHV-7,Beta-Lactamase,debla,High,,,10,0.97,Citrobacter freundii,True
ARO:3001070,SHV-11,protein homolog model,antibiotic inactivation; carbapenem; cephalosporin; penam,matched,blaSHV-11,Beta-Lactamase,debla,High,,,8,25.69,Klebsiella pneumoniae,True
ARO:3001071,SHV-12,protein homolog model,antibiotic inactivation; carbapenem; cephalosporin; penam,matched,blaSHV-12,Beta-Lactamase,debla,High,,,31,12.56,Enterobacter hormaechei,True
ARO:3001073,SHV-14,protein homolog model,antibiotic inactivation; carbapenem; cephalosporin; penam,matched,blaSHV-14,Beta-Lactamase,debla,High,,,3,0.42,Klebsiella oxytoca,True
ARO:3001076,SHV-18,protein homolog model,antibiotic inactivation; carbapenem; cephalosporin; penam,matched,blaSHV-18,Beta-Lactamase,debla,High,,,1,0.79,Klebsiella quasipneumoniae,True
ARO:3001082,SHV-24,protein homolog model,antibiotic inactivation; carbapenem; cephalosporin; penam,matched,blaSHV-24,Beta-Lactamase,debla,High,,,1,0.01,Klebsiella pneumoniae,True
ARO:3001083,SHV-25,protein homolog model,antibiotic inactivation; carbapenem; cephalosporin; penam,matched,blaSHV-25,Beta-Lactamase,debla,High,,,1,0.1,Klebsiella pneumoniae,True
ARO:3001084,SHV-26,protein homolog model,antibiotic inactivation; carbapenem; cephalosporin; penam,matched,blaSHV-26,Beta-Lactamase,debla,High,,,1,0.82,Klebsiella pneumoniae,True
ARO:3001085,SHV-27,protein homolog model,antibiotic inactivation; carbapenem; cephalosporin; penam,matched,blaSHV-27,Beta-Lactamase,debla,High,,,1,1.74,Klebsiella pneumoniae,True
ARO:3001086,SHV-28,protein homolog model,antibiotic inactivation; carbapenem; cephalosporin; penam,matched,blaSHV-28,Beta-Lactamase,debla,High,,,1,7.02,Klebsiella pneumoniae,True
ARO:3001088,SHV-30,protein homolog model,antibiotic inactivation; carbapenem; cephalosporin; penam,matched,blaSHV-30,Beta-Lactamase,debla,High,,,7,0.8,Klebsiella michiganensis,True
ARO:3001089,SHV-31,protein homolog model,antibiotic inactivation; carbapenem; cephalosporin; penam,matched,blaSHV-31,Beta-Lactamase,debla,High,,,2,0.39,Citrobacter freundii,True
ARO:3001090,SHV-32,protein homolog model,antibiotic inactivation; carbapenem; cephalosporin; penam,matched,blaSHV-32,Beta-Lactamase,debla,High,,,1,0.13,Klebsiella pneumoniae,True
ARO:3001091,SHV-33,protein homolog model,antibiotic inactivation; carbapenem; cephalosporin; penam,matched,blaSHV-33,Beta-Lactamase,debla,High,,,1,0.82,Klebsiella pneumoniae,True
ARO:3001094,SHV-36,protein homolog model,antibiotic inactivation; carbapenem; cephalosporin; penam,matched,blaSHV-36,Beta-Lactamase,debla,High,,,1,0.54,Klebsiella pneumoniae,True
ARO:3001095,SHV-37,protein homolog model,antibiotic inactivation; carbapenem; cephalosporin; penam,matched,blaSHV-37,Beta-Lactamase,debla,High,,,1,0.08,Klebsiella pneumoniae,True
ARO:3001096,SHV-38,protein homolog model,antibiotic inactivation; carbapenem; cephalosporin; penam,matched,blaSHV-38,Beta-Lactamase,debla,High,,,1,0.17,Klebsiella pneumoniae,True
ARO:3001098,SHV-40,protein homolog model,antibiotic inactivation; carbapenem; cephalosporin; penam,matched,blaSHV-40,Beta-Lactamase,debla,High,,,1,0.09,Klebsiella pneumoniae,True
ARO:3001099,SHV-41,protein homolog model,antibiotic inactivation; carbapenem; cephalosporin; penam,matched,blaSHV-41,Beta-Lactamase,debla,High,,,1,0.12,Klebsiella pneumoniae,True
ARO:3001100,SHV-42,protein homolog model,antibiotic inactivation; carbapenem; cephalosporin; penam,matched,blaSHV-42,Beta-Lactamase,debla,High,,,1,0.1,Klebsiella pneumoniae,True
ARO:3001102,SHV-44,protein homolog model,antibiotic inactivation; carbapenem; cephalosporin; penam,matched,blaSHV-44,Beta-Lactamase,debla,High,,,1,0.01,Klebsiella pneumoniae,True
ARO:3001103,SHV-45,protein homolog model,antibiotic inactivation; carbapenem; cephalosporin; penam,matched,blaSHV-45,Beta-Lactamase,debla,High,,,1,0.0,Klebsiella pneumoniae,True
ARO:3001106,SHV-49,protein homolog model,antibiotic inactivation; carbapenem; cephalosporin; penam,matched,blaSHV-49,Beta-Lactamase,debla,High,,,1,0.01,Klebsiella pneumoniae,True
ARO:3001109,SHV-52,protein homolog model,antibiotic inactivation; carbapenem; cephalosporin; penam,matched,blaSHV-52,Beta-Lactamase,debla,High,,,1,0.09,Klebsiella pneumoniae,True
ARO:3001111,SHV-55,protein homolog model,antibiotic inactivation; carbapenem; cephalosporin; penam,matched,blaSHV-55,Beta-Lactamase,debla,High,,,1,0.02,Klebsiella pneumoniae,True
ARO:3001115,SHV-60,protein homolog model,antibiotic inactivation; carbapenem; cephalosporin; penam,matched,blaSHV-60,Beta-Lactamase,debla,High,,,1,0.23,Klebsiella pneumoniae,True
ARO:3001116,SHV-61,protein homolog model,antibiotic inactivation; carbapenem; cephalosporin; penam,matched,blaSHV-61,Beta-Lactamase,debla,High,,,1,0.22,Klebsiella pneumoniae,True
ARO:3001117,SHV-62,protein homolog model,antibiotic inactivation; carbapenem; cephalosporin; penam,matched,blaSHV-62,Beta-Lactamase,debla,High,,,1,0.18,Klebsiella pneumoniae,True
ARO:3001118,SHV-63,protein homolog model,antibiotic inactivation; carbapenem; cephalosporin; penam,matched,blaSHV-63,Beta-Lactamase,debla,High,,,1,0.01,Klebsiella pneumoniae,True
ARO:3001120,SHV-65,protein homolog model,antibiotic inactivation; carbapenem; cephalosporin; penam,matched,blaSHV-65,Beta-Lactamase,debla,High,,,1,0.03,Klebsiella pneumoniae,True
ARO:3001121,SHV-66,protein homolog model,antibiotic inactivation; carbapenem; cephalosporin; penam,matched,blaSHV-66,Beta-Lactamase,debla,High,,,4,0.0,Acinetobacter baumannii,True
ARO:3001125,SHV-71,protein homolog model,antibiotic inactivation; carbapenem; cephalosporin; penam,matched,blaSHV-71,Beta-Lactamase,debla,High,,,1,0.29,Klebsiella pneumoniae,True
ARO:3001129,SHV-75,protein homolog model,antibiotic inactivation; carbapenem; cephalosporin; penam,matched,blaSHV-75,Beta-Lactamase,debla,High,,,1,0.35,Klebsiella pneumoniae,True
ARO:3001130,SHV-76,protein homolog model,antibiotic inactivation; carbapenem; cephalosporin; penam,matched,blaSHV-76,Beta-Lactamase,debla,High,,,1,0.63,Klebsiella pneumoniae,True
ARO:3001131,SHV-77,protein homolog model,antibiotic inactivation; carbapenem; cephalosporin; penam,matched,blaSHV-77,Beta-Lactamase,debla,High,,,1,0.08,Klebsiella pneumoniae,True
ARO:3001134,SHV-80,protein homolog model,antibiotic inactivation; carbapenem; cephalosporin; penam,matched,blaSHV-80,Beta-Lactamase,debla,High,,,1,0.12,Klebsiella pneumoniae,True
ARO:3001146,SHV-94,protein homolog model,antibiotic inactivation; carbapenem; cephalosporin; penam,matched,blaSHV-94,Beta-Lactamase,debla,High,,,1,0.01,Klebsiella pneumoniae,True
ARO:3001152,SHV-103,protein homolog model,antibiotic inactivation; carbapenem; cephalosporin; penam,matched,blaSHV-103,Beta-Lactamase,debla,High,,,1,0.03,Klebsiella pneumoniae,True
ARO:3001155,SHV-106,protein homolog model,antibiotic inactivation; carbapenem; cephalosporin; penam,matched,blaSHV-106,Beta-Lactamase,debla,High,,,1,0.03,Klebsiella pneumoniae,True
ARO:3001156,SHV-107,protein homolog model,antibiotic inactivation; carbapenem; cephalosporin; penam,matched,blaSHV-107,Beta-Lactamase,debla,High,,,1,0.01,Klebsiella pneumoniae,True
ARO:3001157,SHV-108,protein homolog model,antibiotic inactivation; carbapenem; cephalosporin; penam,matched,blaSHV-108,Beta-Lactamase,debla,High,,,1,0.39,Klebsiella pneumoniae,True
ARO:3001159,SHV-110,protein homolog model,antibiotic inactivation; carbapenem; cephalosporin; penam,matched,blaSHV-110,Beta-Lactamase,debla,High,,,1,0.21,Klebsiella pneumoniae,True
ARO:3001160,SHV-111,protein homolog model,antibiotic inactivation; carbapenem; cephalosporin; penam,matched,blaSHV-111,Beta-Lactamase,debla,High,,,1,0.03,Klebsiella pneumoniae,True
ARO:3001164,SHV-115,protein homolog model,antibiotic inactivation; carbapenem; cephalosporin; penam,matched,blaSHV-115,Beta-Lactamase,debla,High,,,1,0.01,Klebsiella pneumoniae,True
ARO:3001165,SHV-116,protein homolog model,antibiotic inactivation; carbapenem; cephalosporin; penam,matched,blaSHV-116,Beta-Lactamase,debla,High,,,1,0.03,Klebsiella pneumoniae,True
ARO:3001167,SHV-120,protein homolog model,antibiotic inactivation; carbapenem; cephalosporin; penam,matched,blaSHV-120,Beta-Lactamase,debla,High,,,1,0.01,Klebsiella pneumoniae,True
ARO:3001168,SHV-121,protein homolog model,antibiotic inactivation; carbapenem; cephalosporin; penam,matched,blaSHV-121,Beta-Lactamase,debla,High,,,1,0.24,Klebsiella pneumoniae,True
ARO:3001177,SHV-133,protein homolog model,antibiotic inactivation; carbapenem; cephalosporin; penam,matched,blaSHV-133,Beta-Lactamase,debla,High,,,1,0.01,Klebsiella pneumoniae,True
ARO:3001178,SHV-134,protein homolog model,antibiotic inactivation; carbapenem; cephalosporin; penam,matched,blaSHV-134,Beta-Lactamase,debla,High,,,1,0.01,Klebsiella pneumoniae,True
ARO:3001179,SHV-135,protein homolog model,antibiotic inactivation; carbapenem; cephalosporin; penam,matched,blaSHV-135,Beta-Lactamase,debla,High,,,1,0.01,Klebsiella pneumoniae,True
ARO:3001184,SHV-142,protein homolog model,antibiotic inactivation; carbapenem; cephalosporin; penam,matched,blaSHV-142,Beta-Lactamase,debla,High,,,1,0.1,Klebsiella pneumoniae,True
ARO:3001196,SHV-157,protein homolog model,antibiotic inactivation; carbapenem; cephalosporin; penam,matched,blaSHV-157,Beta-Lactamase,debla,High,,,1,0.02,Klebsiella pneumoniae,True
ARO:3001203,SHV-165,protein homolog model,antibiotic inactivation; carbapenem; cephalosporin; penam,matched,blaSHV-165,Beta-Lactamase,debla,High,,,1,0.17,Acinetobacter baumannii,True
ARO:3001209,mecC,protein homolog model,antibiotic target replacement; carbapenem; cephalosporin; cephamycin; monobactam; penam,matched,mecC,Beta-Lactamase,exact,High,,,1,0.13,Staphylococcus aureus,True
ARO:3001307,vgbA,protein homolog model,antibiotic inactivation; streptogramin antibiotic; streptogramin B antibiotic,matched,vgb(A),Macrolide resistance,loose,High,,,1,0.04,Enterococcus faecalis,True
ARO:3001338,SHV-100,protein homolog model,antibiotic inactivation; carbapenem; cephalosporin; penam,matched,blaSHV-100,Beta-Lactamase,debla,High,,,1,0.02,Klebsiella pneumoniae,True
ARO:3001340,SHV-119,protein homolog model,antibiotic inactivation; carbapenem; cephalosporin; penam,matched,blaSHV-119,Beta-Lactamase,debla,High,,,1,0.1,Klebsiella pneumoniae,True
ARO:3001345,SHV-144,protein homolog model,antibiotic inactivation; carbapenem; cephalosporin; penam,matched,blaSHV-144,Beta-Lactamase,debla,High,,,1,0.03,Klebsiella pneumoniae,True
ARO:3001346,SHV-146,protein homolog model,antibiotic inactivation; carbapenem; cephalosporin; penam,matched,blaSHV-146,Beta-Lactamase,debla,High,,,1,0.01,Klebsiella pneumoniae,True
ARO:3001347,SHV-164,protein homolog model,antibiotic inactivation; carbapenem; cephalosporin; penam,matched,blaSHV-164,Beta-Lactamase,debla,High,,,1,0.06,Klebsiella pneumoniae,True
ARO:3001352,SHV-168,protein homolog model,antibiotic inactivation; carbapenem; cephalosporin; penam,matched,blaSHV-168,Beta-Lactamase,debla,High,,,1,0.28,Klebsiella pneumoniae,True
ARO:3001355,SHV-171,protein homolog model,antibiotic inactivation; carbapenem; cephalosporin; penam,matched,blaSHV-171,Beta-Lactamase,debla,High,,,1,0.03,Klebsiella pneumoniae,True
ARO:3001376,TEM-196,protein homolog model,antibiotic inactivation; cephalosporin; monobactam; penam; penem,matched,blaTEM-196,Beta-Lactamase,debla,High,,,1,0.0,Klebsiella pneumoniae,True
ARO:3001383,TEM-206,protein homolog model,antibiotic inactivation; cephalosporin; monobactam; penam; penem,matched,blaTEM-206,Beta-Lactamase,debla,High,,,3,0.1,Klebsiella pneumoniae,True
ARO:3001385,TEM-208,protein homolog model,antibiotic inactivation; cephalosporin; monobactam; penam; penem,matched,blaTEM-208,Beta-Lactamase,debla,High,,,1,0.01,Klebsiella pneumoniae,True
ARO:3001387,TEM-210,protein homolog model,antibiotic inactivation; cephalosporin; monobactam; penam; penem,matched,blaTEM-210,Beta-Lactamase,debla,High,,,3,0.56,Klebsiella aerogenes,True
ARO:3001390,TEM-213,protein homolog model,antibiotic inactivation; cephalosporin; monobactam; penam; penem,matched,blaTEM-213,Beta-Lactamase,debla,High,,,1,0.06,Klebsiella pneumoniae,True
ARO:3001391,TEM-214,protein homolog model,antibiotic inactivation; cephalosporin; monobactam; penam; penem,matched,blaTEM-214,Beta-Lactamase,debla,High,,,8,2.56,Citrobacter werkmanii,True
ARO:3001392,TEM-215,protein homolog model,antibiotic inactivation; cephalosporin; monobactam; penam; penem,matched,blaTEM-215,Beta-Lactamase,debla,High,,,4,5.13,Citrobacter werkmanii,True
ARO:3001396,OXA-1,protein homolog model,antibiotic inactivation; carbapenem; cephalosporin; penam,matched,blaOXA-1,Beta-Lactamase,debla,High,blaOXA-30,,40,66.46,Shigella flexneri,True
ARO:3001397,OXA-2,protein homolog model,antibiotic inactivation; carbapenem; cephalosporin; penam,matched,blaOXA-2,Beta-Lactamase,debla,High,,,32,7.64,Providencia rettgeri,True
ARO:3001399,OXA-4,protein homolog model,antibiotic inactivation; carbapenem; cephalosporin; penam,matched,blaOXA-4,Beta-Lactamase,debla,High,blaOXA-33,,13,0.84,Pseudomonas aeruginosa,True
ARO:3001400,OXA-5,protein homolog model,antibiotic inactivation; carbapenem; cephalosporin; penam,matched,blaOXA-5,Beta-Lactamase,debla,High,,,1,0.01,Pseudomonas aeruginosa,True
ARO:3001404,OXA-9,protein homolog model,antibiotic inactivation; carbapenem; cephalosporin; penam,matched,blaOXA-9,Beta-Lactamase,debla,High,,,27,8.0,Enterobacter chengduensis,True
ARO:3001405,OXA-10,protein homolog model,antibiotic inactivation; carbapenem; cephalosporin; penam,matched,blaOXA-10,Beta-Lactamase,debla,High,,,40,16.56,Providencia rettgeri,True
ARO:3001407,OXA-12,protein homolog model,antibiotic inactivation; carbapenem; cephalosporin; penam,matched,blaOXA-12,Beta-Lactamase,debla,High,,,1,2.25,Aeromonas veronii,True
ARO:3001409,OXA-14,protein homolog model,antibiotic inactivation; carbapenem; cephalosporin; penam,matched,blaOXA-14,Beta-Lactamase,debla,High,,,1,0.07,Pseudomonas aeruginosa,True
ARO:3001410,OXA-15,protein homolog model,antibiotic inactivation; carbapenem; cephalosporin; penam,matched,blaOXA-15,Beta-Lactamase,debla,High,,,1,0.07,Pseudomonas aeruginosa,True
ARO:3001412,OXA-17,protein homolog model,antibiotic inactivation; carbapenem; cephalosporin; penam,matched,blaOXA-17,Beta-Lactamase,debla,High,,,9,2.38,Pseudomonas monteilii,True
ARO:3001414,OXA-19,protein homolog model,antibiotic inactivation; carbapenem; cephalosporin; penam,matched,blaOXA-19,Beta-Lactamase,debla,High,,,2,0.53,Pseudomonas putida,True
ARO:3001415,OXA-20,protein homolog model,antibiotic inactivation; carbapenem; cephalosporin; penam,matched,blaOXA-20,Beta-Lactamase,debla,High,,,1,0.07,Acinetobacter baumannii,True
ARO:3001416,OXA-21,protein homolog model,antibiotic inactivation; carbapenem; cephalosporin; penam,matched,blaOXA-21,Beta-Lactamase,debla,High,,,12,6.45,Aeromonas caviae,True
ARO:3001417,OXA-22,protein homolog model,antibiotic inactivation; carbapenem; cephalosporin; penam,matched,blaOXA-22,Beta-Lactamase,debla,High,,,1,93.67,Ralstonia pickettii,True
ARO:3001418,OXA-23,protein homolog model,antibiotic inactivation; carbapenem; cephalosporin; penam,matched,blaOXA-23,Beta-Lactamase,debla,High,,,9,39.94,Acinetobacter baumannii,True
ARO:3001419,OXA-24,protein homolog model,antibiotic inactivation; carbapenem; cephalosporin; monobactam; penam,matched,blaOXA-24,Beta-Lactamase,debla,High,blaOXA-40,,2,1.85,Acinetobacter baumannii,True
ARO:3001423,OXA-28,protein homolog model,antibiotic inactivation; carbapenem; cephalosporin; penam,matched,blaOXA-28,Beta-Lactamase,debla,High,,,1,0.01,Pseudomonas aeruginosa,True
ARO:3001424,OXA-29,protein homolog model,antibiotic inactivation; carbapenem; cephalosporin; penam,matched,blaOXA-29,Beta-Lactamase,debla,High,,,3,28.57,Legionella anisa,True
ARO:3001429,OXA-35,protein homolog model,antibiotic inactivation; carbapenem; cephalosporin; penam,matched,blaOXA-35,Beta-Lactamase,debla,High,,,6,0.79,Enterobacter asburiae,True
ARO:3001437,OXA-67,protein homolog model,antibiotic inactivation; carbapenem; cephalosporin; penam,matched,blaOXA-67,Beta-Lactamase,debla,High,,,1,0.25,Acinetobacter baumannii,True
ARO:3001438,OXA-100,protein homolog model,antibiotic inactivation; carbapenem; cephalosporin; penam,matched,blaOXA-100,Beta-Lactamase,debla,High,,,1,0.4,Acinetobacter baumannii,True
ARO:3001439,OXA-101,protein homolog model,antibiotic inactivation; carbapenem; cephalosporin; penam,matched,blaOXA-101,Beta-Lactamase,debla,High,,,5,0.53,Pseudomonas putida,True
ARO:3001442,OXA-117,protein homolog model,antibiotic inactivation; carbapenem; cephalosporin; penam,matched,blaOXA-117,Beta-Lactamase,debla,High,,,1,0.07,Acinetobacter baumannii,True
ARO:3001443,OXA-121,protein homolog model,antibiotic inactivation; carbapenem; cephalosporin; penam,matched,blaOXA-121,Beta-Lactamase,debla,High,,,1,0.25,Acinetobacter baumannii,True
ARO:3001445,OXA-123,protein homolog model,antibiotic inactivation; carbapenem; cephalosporin; penam,matched,blaOXA-123,Beta-Lactamase,debla,High,,,1,0.03,Acinetobacter baumannii,True
ARO:3001447,OXA-125,protein homolog model,antibiotic inactivation; carbapenem; cephalosporin; penam,matched,blaOXA-125,Beta-Lactamase,debla,High,,,1,0.01,Acinetobacter baumannii,True
ARO:3001448,OXA-126,protein homolog model,antibiotic inactivation; carbapenem; cephalosporin; penam,matched,blaOXA-126,Beta-Lactamase,debla,High,,,1,0.07,Acinetobacter baumannii,True
ARO:3001452,OXA-140,protein homolog model,antibiotic inactivation; carbapenem; cephalosporin; penam,matched,blaOXA-140,Beta-Lactamase,debla,High,,,7,0.39,Citrobacter freundii,True
ARO:3001453,OXA-148,protein homolog model,antibiotic inactivation; carbapenem; cephalosporin; penam,matched,blaOXA-148,Beta-Lactamase,debla,High,,,1,0.03,Acinetobacter baumannii,True
ARO:3001455,OXA-150,protein homolog model,antibiotic inactivation; carbapenem; cephalosporin; penam,matched,blaOXA-150,Beta-Lactamase,debla,High,,,1,0.01,Acinetobacter baumannii,True
ARO:3001469,OXA-169,protein homolog model,antibiotic inactivation; carbapenem; cephalosporin; penam,matched,blaOXA-169,Beta-Lactamase,debla,High,,,1,0.04,Acinetobacter baumannii,True
ARO:3001474,OXA-180,protein homolog model,antibiotic inactivation; carbapenem; cephalosporin; penam,matched,blaOXA-180,Beta-Lactamase,debla,High,,,1,0.07,Acinetobacter baumannii,True
ARO:3001476,OXA-184,protein homolog model,antibiotic inactivation; carbapenem; cephalosporin; penam,matched,blaOXA-184,Beta-Lactamase,debla,High,,,1,4.93,Campylobacter jejuni,True
ARO:3001478,OXA-193,protein homolog model,antibiotic inactivation; carbapenem; cephalosporin; penam,matched,blaOXA-193,Beta-Lactamase,debla,High,,,2,31.37,Campylobacter jejuni,True
ARO:3001483,OXA-205,protein homolog model,antibiotic inactivation; carbapenem; cephalosporin; penam,matched,blaOXA-205,Beta-Lactamase,debla,High,,,1,0.04,Pseudomonas aeruginosa,True
ARO:3001485,OXA-207,protein homolog model,antibiotic inactivation; carbapenem; cephalosporin; penam,matched,blaOXA-207,Beta-Lactamase,debla,High,,,1,0.03,Acinetobacter baumannii,True
ARO:3001486,OXA-208,protein homolog model,antibiotic inactivation; carbapenem; cephalosporin; penam,matched,blaOXA-208,Beta-Lactamase,debla,High,,,1,0.27,Acinetobacter baumannii,True
ARO:3001487,OXA-210,protein homolog model,antibiotic inactivation; carbapenem; cephalosporin; penam,matched,blaOXA-210,Beta-Lactamase,debla,High,,,1,0.03,Pseudomonas aeruginosa,True
ARO:3001489,OXA-217,protein homolog model,antibiotic inactivation; carbapenem; cephalosporin; penam,matched,blaOXA-217,Beta-Lactamase,debla,High,,,1,0.12,Acinetobacter baumannii,True
ARO:3001493,OXA-225,protein homolog model,antibiotic inactivation; carbapenem; cephalosporin; penam,matched,blaOXA-225,Beta-Lactamase,debla,High,,,2,1.3,Acinetobacter indicus,True
ARO:3001495,OXA-233,protein homolog model,antibiotic inactivation; carbapenem; cephalosporin; penam,matched,blaOXA-233,Beta-Lactamase,debla,High,,,1,0.0,Pseudomonas aeruginosa,True
ARO:3001496,OXA-234,protein homolog model,antibiotic inactivation; carbapenem; cephalosporin; penam,matched,blaOXA-234,Beta-Lactamase,debla,High,,,1,0.01,Acinetobacter baumannii,True
ARO:3001498,OXA-239,protein homolog model,antibiotic inactivation; carbapenem; cephalosporin; penam,matched,blaOXA-239,Beta-Lactamase,debla,High,,,2,2.33,Acinetobacter haemolyticus,True
ARO:3001502,OXA-256,protein homolog model,antibiotic inactivation; carbapenem; cephalosporin; penam,matched,blaOXA-256,Beta-Lactamase,debla,High,,,1,0.01,Pseudomonas aeruginosa,True
ARO:3001503,OXA-258,protein homolog model,antibiotic inactivation; carbapenem; cephalosporin; penam,matched,blaOXA-258,Beta-Lactamase,debla,High,,,1,0.76,Achromobacter xylosoxidans,True
ARO:3001504,OXA-309,protein homolog model,antibiotic inactivation; carbapenem; cephalosporin; penam,matched,blaOXA-309,Beta-Lactamase,debla,High,,,1,3.64,Acinetobacter johnsonii,True
ARO:3001510,OXA-322,protein homolog model,antibiotic inactivation; carbapenem; cephalosporin; penam,matched,blaOXA-322,Beta-Lactamase,debla,High,,,1,4.35,Acinetobacter calcoaceticus,True
ARO:3001511,OXA-323,protein homolog model,antibiotic inactivation; carbapenem; cephalosporin; penam,matched,blaOXA-323,Beta-Lactamase,debla,High,,,1,0.0,Acinetobacter calcoaceticus,True
ARO:3001512,OXA-324,protein homolog model,antibiotic inactivation; carbapenem; cephalosporin; penam,matched,blaOXA-324,Beta-Lactamase,debla,High,,,1,4.35,Acinetobacter calcoaceticus,True
ARO:3001518,OXA-330,protein homolog model,antibiotic inactivation; carbapenem; cephalosporin; penam,matched,blaOXA-330,Beta-Lactamase,debla,High,,,1,0.0,Acinetobacter calcoaceticus,True
ARO:3001520,OXA-332,protein homolog model,antibiotic inactivation; carbapenem; cephalosporin; penam,matched,blaOXA-332,Beta-Lactamase,debla,High,,,1,21.74,Acinetobacter calcoaceticus,True
ARO:3001521,OXA-333,protein homolog model,antibiotic inactivation; carbapenem; cephalosporin; penam,matched,blaOXA-333,Beta-Lactamase,debla,High,,,1,0.0,Acinetobacter johnsonii,True
ARO:3001522,OXA-334,protein homolog model,antibiotic inactivation; carbapenem; cephalosporin; penam,matched,blaOXA-334,Beta-Lactamase,debla,High,,,1,12.73,Acinetobacter johnsonii,True
ARO:3001525,OXA-337,protein homolog model,antibiotic inactivation; carbapenem; cephalosporin; penam,matched,blaOXA-337,Beta-Lactamase,debla,High,,,1,0.04,Acinetobacter baumannii,True
ARO:3001526,OXA-338,protein homolog model,antibiotic inactivation; carbapenem; cephalosporin; penam,matched,blaOXA-338,Beta-Lactamase,debla,High,,,1,0.09,Acinetobacter baumannii,True
ARO:3001528,OXA-340,protein homolog model,antibiotic inactivation; carbapenem; cephalosporin; penam,matched,blaOXA-340,Beta-Lactamase,debla,High,,,1,0.06,Acinetobacter baumannii,True
ARO:3001530,OXA-342,protein homolog model,antibiotic inactivation; carbapenem; cephalosporin; penam,matched,blaOXA-342,Beta-Lactamase,debla,High,,,1,0.0,Acinetobacter baumannii,True
ARO:3001531,OXA-343,protein homolog model,antibiotic inactivation; carbapenem; cephalosporin; penam,matched,blaOXA-343,Beta-Lactamase,debla,High,,,1,0.1,Acinetobacter baumannii,True
ARO:3001532,OXA-344,protein homolog model,antibiotic inactivation; carbapenem; cephalosporin; penam,matched,blaOXA-344,Beta-Lactamase,debla,High,,,1,0.01,Acinetobacter baumannii,True
ARO:3001535,OXA-348,protein homolog model,antibiotic inactivation; carbapenem; cephalosporin; penam,matched,blaOXA-348,Beta-Lactamase,debla,High,,,1,4.35,Acinetobacter calcoaceticus,True
ARO:3001538,OXA-351,protein homolog model,antibiotic inactivation; carbapenem; cephalosporin; penam,matched,blaOXA-351,Beta-Lactamase,debla,High,,,1,4.35,Acinetobacter calcoaceticus,True
ARO:3001539,OXA-352,protein homolog model,antibiotic inactivation; carbapenem; cephalosporin; penam,matched,blaOXA-352,Beta-Lactamase,debla,High,,,1,4.35,Acinetobacter calcoaceticus,True
ARO:3001541,OXA-354,protein homolog model,antibiotic inactivation; carbapenem; cephalosporin; penam,matched,blaOXA-354,Beta-Lactamase,debla,High,,,1,4.35,Acinetobacter calcoaceticus,True
ARO:3001542,OXA-355,protein homolog model,antibiotic inactivation; carbapenem; cephalosporin; penam,matched,blaOXA-355,Beta-Lactamase,debla,High,,,1,0.01,Acinetobacter baumannii,True
ARO:3001545,OXA-358,protein homolog model,antibiotic inactivation; carbapenem; cephalosporin; penam,matched,blaOXA-358,Beta-Lactamase,debla,High,,,1,0.0,Acinetobacter calcoaceticus,True
ARO:3001549,OXA-362,protein homolog model,antibiotic inactivation; carbapenem; cephalosporin; penam,matched,blaOXA-362,Beta-Lactamase,debla,High,,,1,10.53,Acinetobacter lwoffii,True
ARO:3001557,OXA-371,protein homolog model,antibiotic inactivation; carbapenem; cephalosporin; penam,matched,blaOXA-371,Beta-Lactamase,debla,High,,,1,0.12,Acinetobacter baumannii,True
ARO:3001560,OXA-374,protein homolog model,antibiotic inactivation; carbapenem; cephalosporin; penam,matched,blaOXA-374,Beta-Lactamase,debla,High,,,1,0.09,Acinetobacter baumannii,True
ARO:3001562,OXA-376,protein homolog model,antibiotic inactivation; carbapenem; cephalosporin; penam,matched,blaOXA-376,Beta-Lactamase,debla,High,,,1,0.01,Acinetobacter baumannii,True
ARO:3001564,OXA-378,protein homolog model,antibiotic inactivation; carbapenem; cephalosporin; penam,matched,blaOXA-378,Beta-Lactamase,debla,High,,,1,0.17,Acinetobacter baumannii,True
ARO:3001610,OXA-243,protein homolog model,antibiotic inactivation; carbapenem; cephalosporin; penam,matched,blaOXA-243,Beta-Lactamase,debla,High,,,2,0.0,Burkholderia cepacia,True
ARO:3001611,OXA-58,protein homolog model,antibiotic inactivation; carbapenem; cephalosporin; penam,matched,blaOXA-58,Beta-Lactamase,debla,High,,,13,50.0,Acinetobacter wuhouensis,True
ARO:3001612,OXA-51,protein homolog model,antibiotic inactivation; carbapenem; cephalosporin; monobactam; penam,matched,blaOXA-51,Beta-Lactamase,debla,High,,,1,0.98,Acinetobacter baumannii,True
ARO:3001613,OXA-64,protein homolog model,antibiotic inactivation; carbapenem; cephalosporin; penam,matched,blaOXA-64,Beta-Lactamase,debla,High,,,1,3.0,Acinetobacter baumannii,True
ARO:3001614,OXA-65,protein homolog model,antibiotic inactivation; carbapenem; cephalosporin; penam,matched,blaOXA-65,Beta-Lactamase,debla,High,,,1,2.97,Acinetobacter baumannii,True
ARO:3001615,OXA-66,protein homolog model,antibiotic inactivation; carbapenem; cephalosporin; penam,matched,blaOXA-66,Beta-Lactamase,debla,High,,,1,33.61,Acinetobacter baumannii,True
ARO:3001616,OXA-68,protein homolog model,antibiotic inactivation; carbapenem; cephalosporin; penam,matched,blaOXA-68,Beta-Lactamase,debla,High,,,1,1.27,Acinetobacter baumannii,True
ARO:3001617,OXA-69,protein homolog model,antibiotic inactivation; carbapenem; cephalosporin; penam,matched,blaOXA-69,Beta-Lactamase,debla,High,,,1,4.44,Acinetobacter baumannii,True
ARO:3001618,OXA-70,protein homolog model,antibiotic inactivation; carbapenem; cephalosporin; penam,matched,blaOXA-70,Beta-Lactamase,debla,High,,,1,0.26,Acinetobacter baumannii,True
ARO:3001619,OXA-71,protein homolog model,antibiotic inactivation; carbapenem; cephalosporin; penam,matched,blaOXA-71,Beta-Lactamase,debla,High,,,1,0.75,Acinetobacter baumannii,True
ARO:3001623,OXA-83,protein homolog model,antibiotic inactivation; carbapenem; cephalosporin; penam,matched,blaOXA-83,Beta-Lactamase,debla,High,,,1,0.26,Acinetobacter baumannii,True
ARO:3001626,OXA-88,protein homolog model,antibiotic inactivation; carbapenem; cephalosporin; penam,matched,blaOXA-88,Beta-Lactamase,debla,High,,,1,0.04,Acinetobacter baumannii,True
ARO:3001627,OXA-91,protein homolog model,antibiotic inactivation; carbapenem; cephalosporin; penam,matched,blaOXA-91,Beta-Lactamase,debla,High,,,1,0.84,Acinetobacter baumannii,True
ARO:3001629,OXA-94,protein homolog model,antibiotic inactivation; carbapenem; cephalosporin; penam,matched,blaOXA-94,Beta-Lactamase,debla,High,,,1,0.72,Acinetobacter baumannii,True
ARO:3001630,OXA-95,protein homolog model,antibiotic inactivation; carbapenem; cephalosporin; penam,matched,blaOXA-95,Beta-Lactamase,debla,High,,,1,0.55,Acinetobacter baumannii,True
ARO:3001631,OXA-96,protein homolog model,antibiotic inactivation; carbapenem; cephalosporin; penam,matched,blaOXA-96,Beta-Lactamase,debla,High,,,3,0.57,Acinetobacter nosocomialis,True
ARO:3001632,OXA-92,protein homolog model,antibiotic inactivation; carbapenem; cephalosporin; penam,matched,blaOXA-92,Beta-Lactamase,debla,High,,,1,0.07,Acinetobacter baumannii,True
ARO:3001634,OXA-80,protein homolog model,antibiotic inactivation; carbapenem; cephalosporin; penam,matched,blaOXA-80,Beta-Lactamase,debla,High,,,1,0.13,Acinetobacter baumannii,True
ARO:3001635,OXA-82,protein homolog model,antibiotic inactivation; carbapenem; cephalosporin; penam,matched,blaOXA-82,Beta-Lactamase,debla,High,,,1,8.55,Acinetobacter baumannii,True
ARO:3001636,OXA-104,protein homolog model,antibiotic inactivation; carbapenem; cephalosporin; penam,matched,blaOXA-104,Beta-Lactamase,debla,High,,,1,0.33,Acinetobacter baumannii,True
ARO:3001637,OXA-106,protein homolog model,antibiotic inactivation; carbapenem; cephalosporin; penam,matched,blaOXA-106,Beta-Lactamase,debla,High,,,1,0.27,Acinetobacter baumannii,True
ARO:3001638,OXA-107,protein homolog model,antibiotic inactivation; carbapenem; cephalosporin; penam,matched,blaOXA-107,Beta-Lactamase,debla,High,,,1,0.03,Acinetobacter baumannii,True
ARO:3001640,OXA-109,protein homolog model,antibiotic inactivation; carbapenem; cephalosporin; penam,matched,blaOXA-109,Beta-Lactamase,debla,High,,,1,0.29,Acinetobacter baumannii,True
ARO:3001642,OXA-111,protein homolog model,antibiotic inactivation; carbapenem; cephalosporin; penam,matched,blaOXA-111,Beta-Lactamase,debla,High,,,1,0.06,Acinetobacter baumannii,True
ARO:3001644,OXA-113,protein homolog model,antibiotic inactivation; carbapenem; cephalosporin; penam,matched,blaOXA-113,Beta-Lactamase,debla,High,,,1,0.13,Acinetobacter baumannii,True
ARO:3001645,OXA-78,protein homolog model,antibiotic inactivation; carbapenem; cephalosporin; penam,matched,blaOXA-78,Beta-Lactamase,debla,High,,,1,0.13,Acinetobacter baumannii,True
ARO:3001646,OXA-98,protein homolog model,antibiotic inactivation; carbapenem; cephalosporin; penam,matched,blaOXA-98,Beta-Lactamase,debla,High,,,1,0.99,Acinetobacter baumannii,True
ARO:3001648,OXA-128,protein homolog model,antibiotic inactivation; carbapenem; cephalosporin; penam,matched,blaOXA-128,Beta-Lactamase,debla,High,,,1,0.01,Acinetobacter baumannii,True
ARO:3001649,OXA-99,protein homolog model,antibiotic inactivation; carbapenem; cephalosporin; penam,matched,blaOXA-99,Beta-Lactamase,debla,High,,,1,0.04,Acinetobacter baumannii,True
ARO:3001650,OXA-90,protein homolog model,antibiotic inactivation; carbapenem; cephalosporin; penam,matched,blaOXA-90,Beta-Lactamase,debla,High,,,1,1.01,Acinetobacter baumannii,True
ARO:3001651,OXA-130,protein homolog model,antibiotic inactivation; carbapenem; cephalosporin; penam,matched,blaOXA-130,Beta-Lactamase,debla,High,,,1,0.01,Acinetobacter baumannii,True
ARO:3001653,OXA-132,protein homolog model,antibiotic inactivation; carbapenem; cephalosporin; penam,matched,blaOXA-132,Beta-Lactamase,debla,High,,,1,0.17,Acinetobacter baumannii,True
ARO:3001654,OXA-143,protein homolog model,antibiotic inactivation; carbapenem; cephalosporin; penam,matched,blaOXA-143,Beta-Lactamase,debla,High,,,1,0.04,Acinetobacter baumannii,True
ARO:3001656,OXA-172,protein homolog model,antibiotic inactivation; carbapenem; cephalosporin; penam,matched,blaOXA-172,Beta-Lactamase,debla,High,,,1,0.35,Acinetobacter baumannii,True
ARO:3001662,OXA-164,protein homolog model,antibiotic inactivation; carbapenem; cephalosporin; penam,matched,blaOXA-164,Beta-Lactamase,debla,High,,,2,0.28,Acinetobacter pittii,True
ARO:3001666,OXA-201,protein homolog model,antibiotic inactivation; carbapenem; cephalosporin; penam,matched,blaOXA-201,Beta-Lactamase,debla,High,,,1,0.0,Acinetobacter baumannii,True
ARO:3001667,OXA-202,protein homolog model,antibiotic inactivation; carbapenem; cephalosporin; penam,matched,blaOXA-202,Beta-Lactamase,debla,High,,,1,0.01,Acinetobacter baumannii,True
ARO:3001668,OXA-219,protein homolog model,antibiotic inactivation; carbapenem; cephalosporin; penam,matched,blaOXA-219,Beta-Lactamase,debla,High,,,1,0.06,Acinetobacter baumannii,True
ARO:3001669,OXA-223,protein homolog model,antibiotic inactivation; carbapenem; cephalosporin; penam,matched,blaOXA-223,Beta-Lactamase,debla,High,,,1,0.23,Acinetobacter baumannii,True
ARO:3001670,OXA-231,protein homolog model,antibiotic inactivation; carbapenem; cephalosporin; penam,matched,blaOXA-231,Beta-Lactamase,debla,High,,,1,0.03,Acinetobacter baumannii,True
ARO:3001672,OXA-120,protein homolog model,antibiotic inactivation; carbapenem; cephalosporin; penam,matched,blaOXA-120,Beta-Lactamase,debla,High,,,1,0.55,Acinetobacter baumannii,True
ARO:3001676,OXA-235,protein homolog model,antibiotic inactivation; carbapenem; cephalosporin; penam,matched,blaOXA-235,Beta-Lactamase,debla,High,,,4,2.63,Acinetobacter lwoffii,True
ARO:3001678,OXA-237,protein homolog model,antibiotic inactivation; carbapenem; cephalosporin; penam,matched,blaOXA-237,Beta-Lactamase,debla,High,,,1,0.27,Acinetobacter baumannii,True
ARO:3001679,OXA-241,protein homolog model,antibiotic inactivation; carbapenem; cephalosporin; penam,matched,blaOXA-241,Beta-Lactamase,debla,High,,,1,0.04,Acinetobacter baumannii,True
ARO:3001680,OXA-242,protein homolog model,antibiotic inactivation; carbapenem; cephalosporin; penam,matched,blaOXA-242,Beta-Lactamase,debla,High,,,1,0.79,Acinetobacter baumannii,True
ARO:3001682,OXA-254,protein homolog model,antibiotic inactivation; carbapenem; cephalosporin; penam,matched,blaOXA-254,Beta-Lactamase,debla,High,,,1,0.03,Acinetobacter baumannii,True
ARO:3001683,OXA-312,protein homolog model,antibiotic inactivation; carbapenem; cephalosporin; penam,matched,blaOXA-312,Beta-Lactamase,debla,High,,,1,0.03,Acinetobacter baumannii,True
ARO:3001685,OXA-314,protein homolog model,antibiotic inactivation; carbapenem; cephalosporin; penam,matched,blaOXA-314,Beta-Lactamase,debla,High,,,1,0.13,Acinetobacter baumannii,True
ARO:3001688,OXA-317,protein homolog model,antibiotic inactivation; carbapenem; cephalosporin; penam,matched,blaOXA-317,Beta-Lactamase,debla,High,,,1,0.12,Acinetobacter baumannii,True
ARO:3001689,OXA-253,protein homolog model,antibiotic inactivation; carbapenem; cephalosporin; penam,matched,blaOXA-253,Beta-Lactamase,debla,High,,,1,0.16,Acinetobacter baumannii,True
ARO:3001690,OXA-255,protein homolog model,antibiotic inactivation; carbapenem; cephalosporin; penam,matched,blaOXA-255,Beta-Lactamase,debla,High,,,1,0.0,Acinetobacter pittii,True
ARO:3001695,OXA-134,protein homolog model,antibiotic inactivation; carbapenem; cephalosporin; penam,matched,blaOXA-134,Beta-Lactamase,debla,High,,,1,2.63,Acinetobacter lwoffii,True
ARO:3001705,OXA-72,protein homolog model,antibiotic inactivation; carbapenem; cephalosporin; penam,matched,blaOXA-72,Beta-Lactamase,debla,High,,,3,2.54,Acinetobacter baumannii,True
ARO:3001707,OXA-103,protein homolog model,antibiotic inactivation; carbapenem; cephalosporin; penam,matched,blaOXA-103,Beta-Lactamase,debla,High,,,1,1.75,Acinetobacter radioresistens,True
ARO:3001710,OXA-211,protein homolog model,antibiotic inactivation; carbapenem; cephalosporin; penam,matched,blaOXA-211,Beta-Lactamase,debla,High,,,1,7.27,Acinetobacter johnsonii,True
ARO:3001711,OXA-212,protein homolog model,antibiotic inactivation; carbapenem; cephalosporin; penam,matched,blaOXA-212,Beta-Lactamase,debla,High,,,1,0.0,Acinetobacter johnsonii,True
ARO:3001712,OXA-213,protein homolog model,antibiotic inactivation; carbapenem; cephalosporin; penam,matched,blaOXA-213,Beta-Lactamase,debla,High,,,1,17.39,Acinetobacter calcoaceticus,True
ARO:3001713,OXA-214,protein homolog model,antibiotic inactivation; carbapenem; cephalosporin; penam,matched,blaOXA-214,Beta-Lactamase,debla,High,,,1,23.26,Acinetobacter haemolyticus,True
ARO:3001714,OXA-215,protein homolog model,antibiotic inactivation; carbapenem; cephalosporin; penam,matched,blaOXA-215,Beta-Lactamase,debla,High,,,1,2.33,Acinetobacter haemolyticus,True
ARO:3001715,OXA-259,protein homolog model,antibiotic inactivation; carbapenem; cephalosporin; penam,matched,blaOXA-259,Beta-Lactamase,debla,High,,,1,0.55,Acinetobacter baumannii,True
ARO:3001716,OXA-260,protein homolog model,antibiotic inactivation; carbapenem; cephalosporin; penam,matched,blaOXA-260,Beta-Lactamase,debla,High,,,1,0.01,Acinetobacter baumannii,True
ARO:3001717,OXA-261,protein homolog model,antibiotic inactivation; carbapenem; cephalosporin; penam,matched,blaOXA-261,Beta-Lactamase,debla,High,,,1,0.01,Acinetobacter baumannii,True
ARO:3001718,OXA-262,protein homolog model,antibiotic inactivation; carbapenem; cephalosporin; penam,matched,blaOXA-262,Beta-Lactamase,debla,High,,,1,0.01,Acinetobacter baumannii,True
ARO:3001719,OXA-263,protein homolog model,antibiotic inactivation; carbapenem; cephalosporin; penam,matched,blaOXA-263,Beta-Lactamase,debla,High,,,1,0.13,Acinetobacter baumannii,True
ARO:3001720,OXA-264,protein homolog model,antibiotic inactivation; carbapenem; cephalosporin; penam,matched,blaOXA-264,Beta-Lactamase,debla,High,,,1,34.88,Acinetobacter haemolyticus,True
ARO:3001721,OXA-265,protein homolog model,antibiotic inactivation; carbapenem; cephalosporin; penam,matched,blaOXA-265,Beta-Lactamase,debla,High,,,1,32.56,Acinetobacter haemolyticus,True
ARO:3001723,OXA-267,protein homolog model,antibiotic inactivation; carbapenem; cephalosporin; penam,matched,blaOXA-267,Beta-Lactamase,debla,High,,,1,4.35,Acinetobacter calcoaceticus,True
ARO:3001724,OXA-268,protein homolog model,antibiotic inactivation; carbapenem; cephalosporin; penam,matched,blaOXA-268,Beta-Lactamase,debla,High,,,1,8.7,Acinetobacter calcoaceticus,True
ARO:3001725,OXA-269,protein homolog model,antibiotic inactivation; carbapenem; cephalosporin; penam,matched,blaOXA-269,Beta-Lactamase,debla,High,,,1,4.35,Acinetobacter calcoaceticus,True
ARO:3001726,OXA-270,protein homolog model,antibiotic inactivation; carbapenem; cephalosporin; penam,matched,blaOXA-270,Beta-Lactamase,debla,High,,,1,0.28,Acinetobacter pittii,True
ARO:3001728,OXA-272,protein homolog model,antibiotic inactivation; carbapenem; cephalosporin; penam,matched,blaOXA-272,Beta-Lactamase,debla,High,,,1,2.27,Acinetobacter pittii,True
ARO:3001729,OXA-273,protein homolog model,antibiotic inactivation; carbapenem; cephalosporin; penam,matched,blaOXA-273,Beta-Lactamase,debla,High,,,1,1.14,Acinetobacter pittii,True
ARO:3001735,OXA-280,protein homolog model,antibiotic inactivation; carbapenem; cephalosporin; penam,matched,blaOXA-280,Beta-Lactamase,debla,High,,,1,3.64,Acinetobacter johnsonii,True
ARO:3001736,OXA-281,protein homolog model,antibiotic inactivation; carbapenem; cephalosporin; penam,matched,blaOXA-281,Beta-Lactamase,debla,High,,,1,9.09,Acinetobacter johnsonii,True
ARO:3001737,OXA-282,protein homolog model,antibiotic inactivation; carbapenem; cephalosporin; penam,matched,blaOXA-282,Beta-Lactamase,debla,High,,,1,5.26,Acinetobacter lwoffii,True
ARO:3001738,OXA-283,protein homolog model,antibiotic inactivation; carbapenem; cephalosporin; penam,matched,blaOXA-283,Beta-Lactamase,debla,High,,,1,28.95,Acinetobacter lwoffii,True
ARO:3001740,OXA-285,protein homolog model,antibiotic inactivation; carbapenem; cephalosporin; penam,matched,blaOXA-285,Beta-Lactamase,debla,High,,,1,2.63,Acinetobacter lwoffii,True
ARO:3001752,OXA-297,protein homolog model,antibiotic inactivation; carbapenem; cephalosporin; penam,matched,blaOXA-297,Beta-Lactamase,debla,High,,,1,0.03,Acinetobacter baumannii,True
ARO:3001753,OXA-298,protein homolog model,antibiotic inactivation; carbapenem; cephalosporin; penam,matched,blaOXA-298,Beta-Lactamase,debla,High,,,1,0.03,Acinetobacter baumannii,True
ARO:3001754,OXA-299,protein homolog model,antibiotic inactivation; carbapenem; cephalosporin; penam,matched,blaOXA-299,Beta-Lactamase,debla,High,,,1,0.0,Acinetobacter johnsonii,True
ARO:3001757,OXA-302,protein homolog model,antibiotic inactivation; carbapenem; cephalosporin; penam,matched,blaOXA-302,Beta-Lactamase,debla,High,,,1,0.01,Acinetobacter baumannii,True
ARO:3001765,OXA-136,protein homolog model,antibiotic inactivation; carbapenem; cephalosporin; penam,matched,blaOXA-136,Beta-Lactamase,debla,High,,,1,13.64,Brachyspira pilosicoli,True
ARO:3001767,OXA-137,protein homolog model,antibiotic inactivation; carbapenem; cephalosporin; penam,matched,blaOXA-137,Beta-Lactamase,debla,High,,,1,0.0,Brachyspira pilosicoli,True
ARO:3001769,OXA-42,protein homolog model,antibiotic inactivation; carbapenem; cephalosporin; penam,matched,blaOXA-42,Beta-Lactamase,debla,High,,,2,69.81,Burkholderia thailandensis,True
ARO:3001771,OXA-57,protein homolog model,antibiotic inactivation; carbapenem; cephalosporin; penam,matched,blaOXA-57,Beta-Lactamase,debla,High,,,1,30.1,Burkholderia pseudomallei,True
ARO:3001772,OXA-59,protein homolog model,antibiotic inactivation; carbapenem; cephalosporin; penam,matched,blaOXA-59,Beta-Lactamase,debla,High,,,1,56.47,Burkholderia pseudomallei,True
ARO:3001773,OXA-61,protein homolog model,antibiotic inactivation; carbapenem; cephalosporin; penam,matched,blaOXA-61,Beta-Lactamase,debla,High,,,2,2.79,Campylobacter jejuni,True
ARO:3001774,OXA-370,protein homolog model,antibiotic inactivation; carbapenem; cephalosporin; penam,matched,blaOXA-370,Beta-Lactamase,debla,High,,,3,2.56,Citrobacter werkmanii,True
ARO:3001775,OXA-119,protein homolog model,antibiotic inactivation; carbapenem; cephalosporin; penam,matched,blaOXA-119,Beta-Lactamase,debla,High,,,1,0.01,Pseudomonas aeruginosa,True
ARO:3001776,OXA-162,protein homolog model,antibiotic inactivation; carbapenem; cephalosporin; penam,matched,blaOXA-162,Beta-Lactamase,debla,High,,,4,0.39,Serratia marcescens,True
ARO:3001777,OXA-347,protein homolog model,antibiotic inactivation; carbapenem; cephalosporin; penam,matched,blaOXA-347,Beta-Lactamase,debla,High,,,11,100.0,Myroides phaeus,True
ARO:3001778,OXA-232,protein homolog model,antibiotic inactivation; carbapenem; cephalosporin; penam,matched,blaOXA-232,Beta-Lactamase,debla,High,,,8,2.79,Klebsiella pneumoniae,True
ARO:3001779,OXA-146,protein homolog model,antibiotic inactivation; carbapenem; cephalosporin; penam,matched,blaOXA-146,Beta-Lactamase,debla,High,,,2,7.79,Acinetobacter indicus,True
ARO:3001780,OXA-85,protein homolog model,antibiotic inactivation; carbapenem; cephalosporin; penam,matched,blaOXA-85,Beta-Lactamase,debla,High,,,3,4.65,Fusobacterium necrophorum,True
ARO:3001782,OXA-48,protein homolog model,antibiotic inactivation; carbapenem; cephalosporin; penam,matched,blaOXA-48,Beta-Lactamase,debla,High,,,22,7.35,Citrobacter freundii,True
ARO:3001783,OXA-163,protein homolog model,antibiotic inactivation; carbapenem; cephalosporin; penam,matched,blaOXA-163,Beta-Lactamase,debla,High,,,3,0.9,Citrobacter koseri,True
ARO:3001784,OXA-181,protein homolog model,antibiotic inactivation; carbapenem; cephalosporin; penam,matched,blaOXA-181,Beta-Lactamase,debla,High,,,10,1.8,Citrobacter portucalensis,True
ARO:3001786,OXA-244,protein homolog model,antibiotic inactivation; carbapenem; cephalosporin; penam,matched,blaOXA-244,Beta-Lactamase,debla,High,,,3,0.42,Klebsiella oxytoca,True
ARO:3001787,OXA-245,protein homolog model,antibiotic inactivation; carbapenem; cephalosporin; penam,matched,blaOXA-245,Beta-Lactamase,debla,High,,,1,0.06,Klebsiella pneumoniae,True
ARO:3001788,OXA-204,protein homolog model,antibiotic inactivation; carbapenem; cephalosporin; penam,matched,blaOXA-204,Beta-Lactamase,debla,High,,,4,0.02,Klebsiella pneumoniae,True
ARO:3001793,OXA-320,protein homolog model,antibiotic inactivation; carbapenem; cephalosporin; penam,matched,blaOXA-320,Beta-Lactamase,debla,High,,,1,0.01,Klebsiella pneumoniae,True
ARO:3001795,OXA-56,protein homolog model,antibiotic inactivation; carbapenem; cephalosporin; penam,matched,blaOXA-56,Beta-Lactamase,debla,High,,,1,0.61,Pseudomonas aeruginosa,True
ARO:3001796,OXA-50,protein homolog model,antibiotic inactivation; carbapenem; cephalosporin; penam,matched,blaOXA-50,Beta-Lactamase,debla,High,,,3,12.98,Pseudomonas aeruginosa,True
ARO:3001797,OXA-46,protein homolog model,antibiotic inactivation; carbapenem; cephalosporin; penam,matched,blaOXA-46,Beta-Lactamase,debla,High,blaOXA-81,,1,0.07,Pseudomonas aeruginosa,True
ARO:3001798,OXA-74,protein homolog model,antibiotic inactivation; carbapenem; cephalosporin; penam,matched,blaOXA-74,Beta-Lactamase,debla,High,,,2,0.15,Stenotrophomonas maltophilia,True
ARO:3001802,OXA-141,protein homolog model,antibiotic inactivation; carbapenem; cephalosporin; penam,matched,blaOXA-141,Beta-Lactamase,debla,High,,,1,0.01,Pseudomonas aeruginosa,True
ARO:3001805,OXA-198,protein homolog model,antibiotic inactivation; carbapenem; cephalosporin; penam,matched,blaOXA-198,Beta-Lactamase,debla,High,,,2,6.25,Citrobacter youngae,True
ARO:3001807,OXA-246,protein homolog model,antibiotic inactivation; carbapenem; cephalosporin; penam,matched,blaOXA-246,Beta-Lactamase,debla,High,,,2,0.11,Pseudomonas aeruginosa,True
ARO:3001808,OXA-60,protein homolog model,antibiotic inactivation; carbapenem; cephalosporin; penam,matched,blaOXA-60,Beta-Lactamase,debla,High,,,1,64.56,Ralstonia pickettii,True
ARO:3001811,OXA-129,protein homolog model,antibiotic inactivation; carbapenem; cephalosporin; penam,matched,blaOXA-129,Beta-Lactamase,debla,High,,,2,0.47,Enterobacter hormaechei,True
ARO:3001815,ACC-1,protein homolog model,antibiotic inactivation; cephalosporin; cephamycin; monobactam; oxacephem; penam,matched,blaACC-1,Beta-Lactamase,debla,High,,,6,0.39,Citrobacter freundii,True
ARO:3001818,ACC-4,protein homolog model,antibiotic inactivation; cephalosporin; monobactam; penam,matched,blaACC-4,Beta-Lactamase,debla,High,,,1,0.01,Klebsiella pneumoniae,True
ARO:3001821,ACT-1,protein homolog model,antibiotic inactivation; carbapenem; cephalosporin; cephamycin; penam,matched,blaACT-1,Beta-Lactamase,debla,High,,,2,9.88,Enterobacter asburiae,True
ARO:3001822,ACT-2,protein homolog model,antibiotic inactivation; carbapenem; cephalosporin; cephamycin; penam,matched,blaACT-2,Beta-Lactamase,debla,High,,,2,16.6,Enterobacter asburiae,True
ARO:3001823,ACT-3,protein homolog model,antibiotic inactivation; carbapenem; cephalosporin; cephamycin; penam,matched,blaACT-3,Beta-Lactamase,debla,High,,,1,8.7,Enterobacter asburiae,True
ARO:3001824,ACT-5,protein homolog model,antibiotic inactivation; carbapenem; cephalosporin; cephamycin; penam,matched,blaACT-5,Beta-Lactamase,debla,High,,,2,1.04,Enterobacter hormaechei,True
ARO:3001825,ACT-6,protein homolog model,antibiotic inactivation; carbapenem; cephalosporin; cephamycin; penam,matched,blaACT-6,Beta-Lactamase,debla,High,,,2,12.65,Enterobacter asburiae,True
ARO:3001826,ACT-9,protein homolog model,antibiotic inactivation; carbapenem; cephalosporin; cephamycin; penam,matched,blaACT-9,Beta-Lactamase,debla,High,,,1,11.79,Enterobacter kobei,True
ARO:3001829,ACT-4,protein homolog model,antibiotic inactivation; carbapenem; cephalosporin; cephamycin; penam,matched,blaACT-4,Beta-Lactamase,debla,High,,,1,6.72,Enterobacter asburiae,True
ARO:3001830,ACT-7,protein homolog model,antibiotic inactivation; carbapenem; cephalosporin; cephamycin; penam,matched,blaACT-7,Beta-Lactamase,debla,High,,,2,0.32,Enterobacter cloacae,True
ARO:3001831,ACT-8,protein homolog model,antibiotic inactivation; carbapenem; cephalosporin; cephamycin; penam,matched,blaACT-8,Beta-Lactamase,debla,High,,,6,85.71,Enterobacter cancerogenus,True
ARO:3001835,ACT-13,protein homolog model,antibiotic inactivation; carbapenem; cephalosporin; cephamycin; penam,matched,blaACT-13,Beta-Lactamase,debla,High,,,1,1.58,Enterobacter asburiae,True
ARO:3001836,ACT-14,protein homolog model,antibiotic inactivation; carbapenem; cephalosporin; cephamycin; penam,matched,blaACT-14,Beta-Lactamase,debla,High,,,1,0.04,Enterobacter hormaechei,True
ARO:3001837,ACT-15,protein homolog model,antibiotic inactivation; carbapenem; cephalosporin; cephamycin; penam,matched,blaACT-15,Beta-Lactamase,debla,High,,,2,2.93,Enterobacter hormaechei,True
ARO:3001856,CFE-1,protein homolog model,antibiotic inactivation; cephamycin,matched,blaCFE-1,Beta-Lactamase,debla,High,,,1,0.58,Citrobacter freundii,True
ARO:3001858,IMI-1,protein homolog model,antibiotic inactivation; carbapenem,matched,blaIMI-1,Beta-Lactamase,debla,High,,,3,3.19,Enterobacter cloacae,True
ARO:3001859,IMI-2,protein homolog model,antibiotic inactivation; carbapenem,matched,blaIMI-2,Beta-Lactamase,debla,High,,,1,0.4,Enterobacter asburiae,True
ARO:3001860,IMI-3,protein homolog model,antibiotic inactivation; carbapenem,matched,blaIMI-3,Beta-Lactamase,debla,High,,,1,0.0,Enterobacter cloacae,True
ARO:3001864,CTX-M-1,protein homolog model,antibiotic inactivation; cephalosporin,matched,blaCTX-M-1,Beta-Lactamase,debla,High,,,10,1.37,Escherichia coli,True
ARO:3001865,CTX-M-2,protein homolog model,antibiotic inactivation; cephalosporin,matched,blaCTX-M-2,Beta-Lactamase,debla,High,,,18,4.55,Providencia stuartii,True
ARO:3001866,CTX-M-3,protein homolog model,antibiotic inactivation; cephalosporin; cephamycin; penam,matched,blaCTX-M-3,Beta-Lactamase,debla,High,blaCTX-M-133,,28,4.0,Enterobacter chengduensis,True
ARO:3001871,CTX-M-8,protein homolog model,antibiotic inactivation; cephalosporin,matched,blaCTX-M-8,Beta-Lactamase,debla,High,,,8,2.27,Providencia stuartii,True
ARO:3001872,CTX-M-9,protein homolog model,antibiotic inactivation; cephalosporin,matched,blaCTX-M-9,Beta-Lactamase,debla,High,,,13,6.55,Enterobacter kobei,True
ARO:3001873,CTX-M-10,protein homolog model,antibiotic inactivation; cephalosporin,matched,blaCTX-M-10,Beta-Lactamase,debla,High,,,2,0.13,Klebsiella quasipneumoniae,True
ARO:3001875,CTX-M-12,protein homolog model,antibiotic inactivation; cephalosporin,matched,blaCTX-M-12,Beta-Lactamase,debla,High,,,9,2.18,Enterobacter kobei,True
ARO:3001876,CTX-M-13,protein homolog model,antibiotic inactivation; cephalosporin,matched,blaCTX-M-13,Beta-Lactamase,debla,High,,,1,0.09,Enterobacter hormaechei,True
ARO:3001877,CTX-M-14,protein homolog model,antibiotic inactivation; cephalosporin,matched,blaCTX-M-14,Beta-Lactamase,debla,High,blaCTX-M-18,,32,6.25,Citrobacter youngae,True
ARO:3001878,CTX-M-15,protein homolog model,antibiotic inactivation; cephalosporin; penam,matched,blaCTX-M-15,Beta-Lactamase,debla,High,,,33,20.83,Klebsiella pneumoniae,True
ARO:3001886,CTX-M-24,protein homolog model,antibiotic inactivation; cephalosporin,matched,blaCTX-M-24,Beta-Lactamase,debla,High,,,4,0.21,Escherichia coli,True
ARO:3001887,CTX-M-25,protein homolog model,antibiotic inactivation; cephalosporin,matched,blaCTX-M-25,Beta-Lactamase,debla,High,,,3,0.17,Proteus mirabilis,True
ARO:3001888,CTX-M-26,protein homolog model,antibiotic inactivation; cephalosporin,matched,blaCTX-M-26,Beta-Lactamase,debla,High,,,1,0.01,Klebsiella pneumoniae,True
ARO:3001889,CTX-M-27,protein homolog model,antibiotic inactivation; carbapenem; cephalosporin; penam,matched,blaCTX-M-27,Beta-Lactamase,debla,High,,,9,2.22,Shigella boydii,True
ARO:3001892,CTX-M-30,protein homolog model,antibiotic inactivation; cephalosporin,matched,blaCTX-M-30,Beta-Lactamase,debla,High,,,1,0.0,Pseudomonas aeruginosa,True
ARO:3001894,CTX-M-32,protein homolog model,antibiotic inactivation; cephalosporin,matched,blaCTX-M-32,Beta-Lactamase,debla,High,,,5,0.46,Escherichia coli,True
ARO:3001895,CTX-M-33,protein homolog model,antibiotic inactivation; cephalosporin,matched,blaCTX-M-33,Beta-Lactamase,debla,High,,,2,0.02,Klebsiella pneumoniae,True
ARO:3001897,CTX-M-35,protein homolog model,antibiotic inactivation; cephalosporin,matched,blaCTX-M-35,Beta-Lactamase,debla,High,,,1,0.9,Citrobacter koseri,True
ARO:3001898,CTX-M-36,protein homolog model,antibiotic inactivation; cephalosporin,matched,blaCTX-M-36,Beta-Lactamase,debla,High,,,4,0.09,Enterobacter hormaechei,True
ARO:3001899,CTX-M-37,protein homolog model,antibiotic inactivation; cephalosporin,matched,blaCTX-M-37,Beta-Lactamase,debla,High,,,1,0.9,Citrobacter portucalensis,True
ARO:3001901,CTX-M-39,protein homolog model,antibiotic inactivation; cephalosporin,matched,blaCTX-M-39,Beta-Lactamase,debla,High,,,1,0.39,Citrobacter freundii,True
ARO:3001902,CTX-M-40,protein homolog model,antibiotic inactivation; cephalosporin,matched,blaCTX-M-40,Beta-Lactamase,debla,High,,,1,0.03,Klebsiella pneumoniae,True
ARO:3001906,CTX-M-44,protein homolog model,antibiotic inactivation; cephalosporin,matched,blaCTX-M-44,Beta-Lactamase,debla,High,,,1,0.0,Escherichia coli,True
ARO:3001917,CTX-M-55,protein homolog model,antibiotic inactivation; cephalosporin,matched,blaCTX-M-55,Beta-Lactamase,debla,High,blaCTX-M-57,,19,3.85,Acinetobacter towneri,True
ARO:3001919,CTX-M-58,protein homolog model,antibiotic inactivation; cephalosporin,matched,blaCTX-M-58,Beta-Lactamase,debla,High,,,1,0.01,Klebsiella pneumoniae,True
ARO:3001920,CTX-M-59,protein homolog model,antibiotic inactivation; cephalosporin,matched,blaCTX-M-59,Beta-Lactamase,debla,High,,,2,0.28,Klebsiella aerogenes,True
ARO:3001923,CTX-M-62,protein homolog model,antibiotic inactivation; cephalosporin,matched,blaCTX-M-62,Beta-Lactamase,debla,High,,,3,0.0,Escherichia coli,True
ARO:3001924,CTX-M-63,protein homolog model,antibiotic inactivation; cephalosporin,matched,blaCTX-M-63,Beta-Lactamase,debla,High,,,4,0.26,Klebsiella quasipneumoniae,True
ARO:3001925,CTX-M-64,protein homolog model,antibiotic inactivation; cephalosporin,matched,blaCTX-M-64,Beta-Lactamase,debla,High,,,4,0.44,Enterobacter kobei,True
ARO:3001926,CTX-M-65,protein homolog model,antibiotic inactivation; cephalosporin,matched,blaCTX-M-65,Beta-Lactamase,debla,High,,,12,12.5,Proteus penneri,True
ARO:3001929,CTX-M-68,protein homolog model,antibiotic inactivation; cephalosporin,matched,blaCTX-M-68,Beta-Lactamase,debla,High,,,1,0.01,Klebsiella pneumoniae,True
ARO:3001932,CTX-M-71,protein homolog model,antibiotic inactivation; cephalosporin,matched,blaCTX-M-71,Beta-Lactamase,debla,High,,,1,0.01,Klebsiella pneumoniae,True
ARO:3001940,CTX-M-79,protein homolog model,antibiotic inactivation; cephalosporin,matched,blaCTX-M-79,Beta-Lactamase,debla,High,,,1,0.01,Escherichia coli,True
ARO:3001948,CTX-M-88,protein homolog model,antibiotic inactivation; cephalosporin,matched,blaCTX-M-88,Beta-Lactamase,debla,High,,,2,0.01,Escherichia coli,True
ARO:3001950,CTX-M-90,protein homolog model,antibiotic inactivation; cephalosporin,matched,blaCTX-M-90,Beta-Lactamase,debla,High,,,2,0.04,Klebsiella pneumoniae,True
ARO:3001953,CTX-M-93,protein homolog model,antibiotic inactivation; cephalosporin,matched,blaCTX-M-93,Beta-Lactamase,debla,High,,,1,0.0,Klebsiella pneumoniae,True
ARO:3001956,CTX-M-96,protein homolog model,antibiotic inactivation; cephalosporin,matched,blaCTX-M-96,Beta-Lactamase,debla,High,,,3,0.53,Klebsiella quasipneumoniae,True
ARO:3001957,CTX-M-98,protein homolog model,antibiotic inactivation; cephalosporin,matched,blaCTX-M-98,Beta-Lactamase,debla,High,,,1,0.01,Klebsiella pneumoniae,True
ARO:3001958,CTX-M-99,protein homolog model,antibiotic inactivation; cephalosporin,matched,blaCTX-M-99,Beta-Lactamase,debla,High,,,1,0.02,Klebsiella pneumoniae,True
ARO:3001960,CTX-M-101,protein homolog model,antibiotic inactivation; cephalosporin,matched,blaCTX-M-101,Beta-Lactamase,debla,High,,,1,0.01,Escherichia coli,True
ARO:3001961,CTX-M-102,protein homolog model,antibiotic inactivation; cephalosporin,matched,blaCTX-M-102,Beta-Lactamase,debla,High,,,1,0.0,Escherichia coli,True
ARO:3001962,CTX-M-103,protein homolog model,antibiotic inactivation; cephalosporin,matched,blaCTX-M-103,Beta-Lactamase,debla,High,,,5,0.0,Acinetobacter baumannii,True
ARO:3001963,CTX-M-104,protein homolog model,antibiotic inactivation; cephalosporin,matched,blaCTX-M-104,Beta-Lactamase,debla,High,,,2,0.02,Escherichia coli,True
ARO:3001975,CTX-M-115,protein homolog model,antibiotic inactivation; cephalosporin,matched,blaCTX-M-115,Beta-Lactamase,debla,High,,,2,0.2,Acinetobacter baumannii,True
ARO:3001980,CTX-M-121,protein homolog model,antibiotic inactivation; cephalosporin,matched,blaCTX-M-121,Beta-Lactamase,debla,High,,,1,0.04,Enterobacter hormaechei,True
ARO:3001982,CTX-M-123,protein homolog model,antibiotic inactivation; cephalosporin,matched,blaCTX-M-123,Beta-Lactamase,debla,High,,,4,0.4,Salmonella enterica,True
ARO:3001984,CTX-M-125,protein homolog model,antibiotic inactivation; cephalosporin,matched,blaCTX-M-125,Beta-Lactamase,debla,High,,,2,0.08,Escherichia coli,True
ARO:3001989,CTX-M-130,protein homolog model,antibiotic inactivation; cephalosporin,matched,blaCTX-M-130,Beta-Lactamase,debla,High,,,3,0.02,Salmonella enterica,True
ARO:3001990,CTX-M-131,protein homolog model,antibiotic inactivation; cephalosporin,matched,blaCTX-M-131,Beta-Lactamase,debla,High,,,1,0.01,Pseudomonas aeruginosa,True
ARO:3001991,CTX-M-132,protein homolog model,antibiotic inactivation; cephalosporin,matched,blaCTX-M-132,Beta-Lactamase,debla,High,,,2,0.31,Shigella flexneri,True
ARO:3001992,CTX-M-134,protein homolog model,antibiotic inactivation; cephalosporin,matched,blaCTX-M-134,Beta-Lactamase,debla,High,,,2,0.07,Shigella sonnei,True
ARO:3001994,CTX-M-137,protein homolog model,antibiotic inactivation; cephalosporin,matched,blaCTX-M-137,Beta-Lactamase,debla,High,,,1,0.01,Salmonella enterica,True
ARO:3001995,CTX-M-136,protein homolog model,antibiotic inactivation; cephalosporin,matched,blaCTX-M-136,Beta-Lactamase,debla,High,,,2,0.01,Klebsiella pneumoniae,True
ARO:3001998,CTX-M-140,protein homolog model,antibiotic inactivation; cephalosporin,matched,blaCTX-M-140,Beta-Lactamase,debla,High,,,1,0.17,Proteus mirabilis,True
ARO:3001999,CTX-M-141,protein homolog model,antibiotic inactivation; cephalosporin,matched,blaCTX-M-141,Beta-Lactamase,debla,High,,,1,0.01,Klebsiella pneumoniae,True
ARO:3002013,CMY-2,protein homolog model,antibiotic inactivation; carbapenem; cephalosporin; cephamycin; penam,matched,blaCMY-2,Beta-Lactamase,debla,High,blaBIL-1,,17,6.31,Citrobacter portucalensis,True
ARO:3002015,CMY-4,protein homolog model,antibiotic inactivation; cephamycin,matched,blaCMY-4,Beta-Lactamase,debla,High,,,19,3.64,Citrobacter amalonaticus,True
ARO:3002017,CMY-6,protein homolog model,antibiotic inactivation; cephamycin,matched,blaCMY-6,Beta-Lactamase,debla,High,,,14,1.82,Citrobacter amalonaticus,True
ARO:3002019,CMY-8,protein homolog model,antibiotic inactivation; cephamycin,matched,blaCMY-8,Beta-Lactamase,debla,High,,,2,0.01,Klebsiella pneumoniae,True
ARO:3002021,CMY-10,protein homolog model,antibiotic inactivation; cephamycin,matched,blaCMY-10,Beta-Lactamase,debla,High,,,1,0.01,Klebsiella pneumoniae,True
ARO:3002024,CMY-13,protein homolog model,antibiotic inactivation; cephamycin,matched,blaCMY-13,Beta-Lactamase,debla,High,,,3,4.5,Citrobacter portucalensis,True
ARO:3002027,CMY-16,protein homolog model,antibiotic inactivation; cephamycin,matched,blaCMY-16,Beta-Lactamase,debla,High,,,4,0.77,Citrobacter freundii,True
ARO:3002034,CMY-23,protein homolog model,antibiotic inactivation; cephamycin,matched,blaCMY-23,Beta-Lactamase,debla,High,,,1,0.0,Escherichia coli,True
ARO:3002035,CMY-24,protein homolog model,antibiotic inactivation; cephamycin,matched,blaCMY-24,Beta-Lactamase,debla,High,,,1,0.01,Escherichia coli,True
ARO:3002036,CMY-25,protein homolog model,antibiotic inactivation; cephamycin,matched,blaCMY-25,Beta-Lactamase,debla,High,,,1,0.9,Citrobacter portucalensis,True
ARO:3002037,CMY-26,protein homolog model,antibiotic inactivation; cephamycin,matched,blaCMY-26,Beta-Lactamase,debla,High,,,1,0.0,Citrobacter portucalensis,True
ARO:3002038,CMY-27,protein homolog model,antibiotic inactivation; cephamycin,matched,blaCMY-27,Beta-Lactamase,debla,High,,,1,1.08,Aeromonas caviae,True
ARO:3002041,CMY-30,protein homolog model,antibiotic inactivation; cephamycin,matched,blaCMY-30,Beta-Lactamase,debla,High,,,3,1.27,Providencia rettgeri,True
ARO:3002045,CMY-34,protein homolog model,antibiotic inactivation; cephamycin,matched,blaCMY-34,Beta-Lactamase,debla,High,,,3,7.21,Citrobacter portucalensis,True
ARO:3002046,CMY-35,protein homolog model,antibiotic inactivation; cephamycin,matched,blaCMY-35,Beta-Lactamase,debla,High,,,2,2.7,Citrobacter portucalensis,True
ARO:3002050,CMY-39,protein homolog model,antibiotic inactivation; cephamycin,matched,blaCMY-39,Beta-Lactamase,debla,High,,,2,0.9,Citrobacter portucalensis,True
ARO:3002051,CMY-40,protein homolog model,antibiotic inactivation; cephamycin,matched,blaCMY-40,Beta-Lactamase,debla,High,,,2,0.9,Citrobacter portucalensis,True
ARO:3002052,CMY-41,protein homolog model,antibiotic inactivation; cephamycin,matched,blaCMY-41,Beta-Lactamase,debla,High,,,1,0.58,Citrobacter freundii,True
ARO:3002053,CMY-42,protein homolog model,antibiotic inactivation; cephalosporin; cephamycin,matched,blaCMY-42,Beta-Lactamase,debla,High,,,3,0.51,Escherichia coli,True
ARO:3002055,CMY-44,protein homolog model,antibiotic inactivation; cephamycin,matched,blaCMY-44,Beta-Lactamase,debla,High,,,1,0.0,Escherichia coli,True
ARO:3002057,CMY-46,protein homolog model,antibiotic inactivation; cephamycin,matched,blaCMY-46,Beta-Lactamase,debla,High,,,2,8.11,Citrobacter portucalensis,True
ARO:3002059,CMY-48,protein homolog model,antibiotic inactivation; cephamycin,matched,blaCMY-48,Beta-Lactamase,debla,High,,,1,20.89,Citrobacter freundii,True
ARO:3002060,CMY-49,protein homolog model,antibiotic inactivation; cephamycin,matched,blaCMY-49,Beta-Lactamase,debla,High,,,1,9.01,Citrobacter portucalensis,True
ARO:3002062,CMY-51,protein homolog model,antibiotic inactivation; cephamycin,matched,blaCMY-51,Beta-Lactamase,debla,High,,,1,3.48,Citrobacter freundii,True
ARO:3002064,CMY-53,protein homolog model,antibiotic inactivation; cephamycin,matched,blaCMY-53,Beta-Lactamase,debla,High,,,1,0.9,Citrobacter portucalensis,True
ARO:3002069,CMY-59,protein homolog model,antibiotic inactivation; cephamycin,matched,blaCMY-59,Beta-Lactamase,debla,High,,,2,0.06,Klebsiella pneumoniae,True
ARO:3002070,CMY-99,protein homolog model,antibiotic inactivation; cephamycin,matched,blaCMY-99,Beta-Lactamase,debla,High,,,1,0.17,Proteus mirabilis,True
ARO:3002072,CMY-58,protein homolog model,antibiotic inactivation; cephamycin,matched,blaCMY-58,Beta-Lactamase,debla,High,,,1,0.01,Escherichia coli,True
ARO:3002074,CMY-61,protein homolog model,antibiotic inactivation; cephamycin,matched,blaCMY-61,Beta-Lactamase,debla,High,,,2,0.04,Enterobacter hormaechei,True
ARO:3002076,CMY-63,protein homolog model,antibiotic inactivation; cephamycin,matched,blaCMY-63,Beta-Lactamase,debla,High,,,1,2.7,Citrobacter portucalensis,True
ARO:3002078,CMY-65,protein homolog model,antibiotic inactivation; cephamycin,matched,blaCMY-65,Beta-Lactamase,debla,High,,,1,3.68,Citrobacter freundii,True
ARO:3002079,CMY-66,protein homolog model,antibiotic inactivation; cephamycin,matched,blaCMY-66,Beta-Lactamase,debla,High,,,1,1.55,Citrobacter freundii,True
ARO:3002080,CMY-67,protein homolog model,antibiotic inactivation; cephamycin,matched,blaCMY-67,Beta-Lactamase,debla,High,,,1,1.93,Citrobacter freundii,True
ARO:3002081,CMY-68,protein homolog model,antibiotic inactivation; cephamycin,matched,blaCMY-68,Beta-Lactamase,debla,High,,,1,0.39,Citrobacter freundii,True
ARO:3002082,CMY-69,protein homolog model,antibiotic inactivation; cephamycin,matched,blaCMY-69,Beta-Lactamase,debla,High,,,1,0.01,Escherichia coli,True
ARO:3002083,CMY-70,protein homolog model,antibiotic inactivation; cephamycin,matched,blaCMY-70,Beta-Lactamase,debla,High,,,2,1.82,Citrobacter amalonaticus,True
ARO:3002084,CMY-71,protein homolog model,antibiotic inactivation; cephamycin,matched,blaCMY-71,Beta-Lactamase,debla,High,,,1,3.6,Citrobacter portucalensis,True
ARO:3002085,CMY-72,protein homolog model,antibiotic inactivation; cephamycin,matched,blaCMY-72,Beta-Lactamase,debla,High,,,1,2.32,Citrobacter freundii,True
ARO:3002088,CMY-75,protein homolog model,antibiotic inactivation; cephamycin,matched,blaCMY-75,Beta-Lactamase,debla,High,,,1,1.55,Citrobacter freundii,True
ARO:3002089,CMY-76,protein homolog model,antibiotic inactivation; cephamycin,matched,blaCMY-76,Beta-Lactamase,debla,High,,,1,0.19,Citrobacter freundii,True
ARO:3002090,CMY-77,protein homolog model,antibiotic inactivation; cephamycin,matched,blaCMY-77,Beta-Lactamase,debla,High,,,2,5.41,Citrobacter portucalensis,True
ARO:3002091,CMY-78,protein homolog model,antibiotic inactivation; cephamycin,matched,blaCMY-78,Beta-Lactamase,debla,High,,,1,2.13,Citrobacter freundii,True
ARO:3002093,CMY-80,protein homolog model,antibiotic inactivation; cephamycin,matched,blaCMY-80,Beta-Lactamase,debla,High,,,1,0.19,Citrobacter freundii,True
ARO:3002094,CMY-81,protein homolog model,antibiotic inactivation; cephamycin,matched,blaCMY-81,Beta-Lactamase,debla,High,,,1,0.19,Citrobacter freundii,True
ARO:3002095,CMY-82,protein homolog model,antibiotic inactivation; cephamycin,matched,blaCMY-82,Beta-Lactamase,debla,High,,,1,0.39,Citrobacter freundii,True
ARO:3002097,CMY-84,protein homolog model,antibiotic inactivation; cephamycin,matched,blaCMY-84,Beta-Lactamase,debla,High,,,1,0.0,Citrobacter freundii,True
ARO:3002098,CMY-85,protein homolog model,antibiotic inactivation; cephamycin,matched,blaCMY-85,Beta-Lactamase,debla,High,,,1,0.58,Citrobacter freundii,True
ARO:3002099,CMY-86,protein homolog model,antibiotic inactivation; cephamycin,matched,blaCMY-86,Beta-Lactamase,debla,High,,,1,4.5,Citrobacter portucalensis,True
ARO:3002107,CMY-94,protein homolog model,antibiotic inactivation; cephamycin,matched,blaCMY-94,Beta-Lactamase,debla,High,,,1,0.01,Klebsiella pneumoniae,True
ARO:3002110,CMY-97,protein homolog model,antibiotic inactivation; cephamycin,matched,blaCMY-97,Beta-Lactamase,debla,High,,,1,0.77,Citrobacter freundii,True
ARO:3002116,CMY-104,protein homolog model,antibiotic inactivation; cephamycin,matched,blaCMY-104,Beta-Lactamase,debla,High,,,2,0.9,Citrobacter portucalensis,True
ARO:3002132,DHA-1,protein homolog model,antibiotic inactivation; cephalosporin; cephamycin,matched,blaDHA-1,Beta-Lactamase,debla,High,,,31,15.34,Morganella morganii,True
ARO:3002136,DHA-7,protein homolog model,antibiotic inactivation; cephalosporin; cephamycin,matched,blaDHA-7,Beta-Lactamase,debla,High,,,1,0.04,Enterobacter hormaechei,True
ARO:3002137,DHA-4,protein homolog model,antibiotic inactivation; cephalosporin; cephamycin,matched,blaDHA-4,Beta-Lactamase,debla,High,,,1,8.59,Morganella morganii,True
ARO:3002138,DHA-5,protein homolog model,antibiotic inactivation; cephalosporin; cephamycin,matched,blaDHA-5,Beta-Lactamase,debla,High,,,1,1.23,Morganella morganii,True
ARO:3002144,DHA-13,protein homolog model,antibiotic inactivation; cephalosporin; cephamycin,matched,blaDHA-13,Beta-Lactamase,debla,High,,,1,5.52,Morganella morganii,True
ARO:3002145,DHA-14,protein homolog model,antibiotic inactivation; cephalosporin; cephamycin,matched,blaDHA-14,Beta-Lactamase,debla,High,,,1,3.68,Morganella morganii,True
ARO:3002148,DHA-17,protein homolog model,antibiotic inactivation; cephalosporin; cephamycin,matched,blaDHA-17,Beta-Lactamase,debla,High,,,1,3.07,Morganella morganii,True
ARO:3002153,DHA-22,protein homolog model,antibiotic inactivation; cephalosporin; cephamycin,matched,blaDHA-22,Beta-Lactamase,debla,High,,,1,4.91,Morganella morganii,True
ARO:3002157,FOX-3,protein homolog model,antibiotic inactivation; cephalosporin; cephamycin,matched,blaFOX-3,Beta-Lactamase,debla,High,,,1,0.4,Enterobacter asburiae,True
ARO:3002159,FOX-5,protein homolog model,antibiotic inactivation; cephalosporin; cephamycin,matched,blaFOX-5,Beta-Lactamase,debla,High,,,9,0.8,Klebsiella michiganensis,True
ARO:3002160,FOX-7,protein homolog model,antibiotic inactivation; cephalosporin; cephamycin,matched,blaFOX-7,Beta-Lactamase,debla,High,,,2,0.39,Citrobacter freundii,True
ARO:3002161,FOX-8,protein homolog model,antibiotic inactivation; cephalosporin; cephamycin,matched,blaFOX-8,Beta-Lactamase,debla,High,,,1,0.02,Klebsiella pneumoniae,True
ARO:3002168,MIR-2,protein homolog model,antibiotic inactivation; cephalosporin; monobactam,matched,blaMIR-2,Beta-Lactamase,debla,High,,,1,1.08,Enterobacter roggenkampii,True
ARO:3002169,MIR-3,protein homolog model,antibiotic inactivation; cephalosporin; monobactam,matched,blaMIR-3,Beta-Lactamase,debla,High,,,2,13.31,Enterobacter roggenkampii,True
ARO:3002170,MIR-5,protein homolog model,antibiotic inactivation; cephalosporin; monobactam,matched,blaMIR-5,Beta-Lactamase,debla,High,,,1,5.76,Enterobacter roggenkampii,True
ARO:3002182,MOX-1,protein homolog model,antibiotic inactivation; cephalosporin; cephamycin; penam,matched,blaMOX-1,Beta-Lactamase,debla,High,,,2,12.37,Aeromonas caviae,True
ARO:3002183,MOX-2,protein homolog model,antibiotic inactivation; cephalosporin; cephamycin; penam,matched,blaMOX-2,Beta-Lactamase,debla,High,,,2,2.69,Aeromonas caviae,True
ARO:3002184,MOX-4,protein homolog model,antibiotic inactivation; cephalosporin; cephamycin; penam,matched,blaMOX-4,Beta-Lactamase,debla,High,,,1,0.54,Aeromonas caviae,True
ARO:3002186,MOX-3,protein homolog model,antibiotic inactivation; cephalosporin; cephamycin; penam,matched,blaMOX-3,Beta-Lactamase,debla,High,,,2,3.76,Aeromonas caviae,True
ARO:3002190,MOX-8,protein homolog model,antibiotic inactivation; cephalosporin; cephamycin; penam,matched,blaMOX-8,Beta-Lactamase,debla,High,,,1,8.6,Aeromonas caviae,True
ARO:3002192,IMP-1,protein homolog model,antibiotic inactivation; carbapenem; cephalosporin; cephamycin; penam; penem,matched,blaIMP-1,Beta-Lactamase,debla,High,,,21,24.19,Aeromonas caviae,True
ARO:3002195,IMP-4,protein homolog model,antibiotic inactivation; carbapenem; cephalosporin; cephamycin; penam; penem,matched,blaIMP-4,Beta-Lactamase,debla,High,,,18,4.5,Citrobacter portucalensis,True
ARO:3002197,IMP-6,protein homolog model,antibiotic inactivation; carbapenem; cephalosporin; cephamycin; penam; penem,matched,blaIMP-6,Beta-Lactamase,debla,High,,,6,2.33,Leclercia adecarboxylata,True
ARO:3002198,IMP-7,protein homolog model,antibiotic inactivation; carbapenem; cephalosporin; cephamycin; penam; penem,matched,blaIMP-7,Beta-Lactamase,debla,High,,,1,0.11,Pseudomonas aeruginosa,True
ARO:3002199,IMP-8,protein homolog model,antibiotic inactivation; carbapenem; cephalosporin; cephamycin; penam; penem,matched,blaIMP-8,Beta-Lactamase,debla,High,blaIMP-47,,10,0.53,Pseudomonas putida,True
ARO:3002200,IMP-9,protein homolog model,antibiotic inactivation; carbapenem; cephalosporin; cephamycin; penam; penem,matched,blaIMP-9,Beta-Lactamase,debla,High,,,1,0.0,Pseudomonas aeruginosa,True
ARO:3002201,IMP-10,protein homolog model,antibiotic inactivation; carbapenem; cephalosporin; cephamycin; penam; penem,matched,blaIMP-10,Beta-Lactamase,debla,High,,,2,0.03,Pseudomonas aeruginosa,True
ARO:3002202,IMP-11,protein homolog model,antibiotic inactivation; carbapenem; cephalosporin; cephamycin; penam; penem,matched,blaIMP-11,Beta-Lactamase,debla,High,,,5,0.04,Enterobacter hormaechei,True
ARO:3002204,IMP-13,protein homolog model,antibiotic inactivation; carbapenem; cephalosporin; cephamycin; penam; penem,matched,blaIMP-13,Beta-Lactamase,debla,High,,,3,0.32,Enterobacter cloacae,True
ARO:3002205,IMP-14,protein homolog model,antibiotic inactivation; carbapenem; cephalosporin; cephamycin; penam; penem,matched,blaIMP-14,Beta-Lactamase,debla,High,,,9,0.57,Acinetobacter nosocomialis,True
ARO:3002206,IMP-15,protein homolog model,antibiotic inactivation; carbapenem; cephalosporin; cephamycin; penam; penem,matched,blaIMP-15,Beta-Lactamase,debla,High,,,2,0.23,Pseudomonas aeruginosa,True
ARO:3002207,IMP-16,protein homolog model,antibiotic inactivation; carbapenem; cephalosporin; cephamycin; penam; penem,matched,blaIMP-16,Beta-Lactamase,debla,High,,,5,7.14,Pseudomonas mendocina,True
ARO:3002209,IMP-18,protein homolog model,antibiotic inactivation; carbapenem; cephalosporin; cephamycin; penam; penem,matched,blaIMP-18,Beta-Lactamase,debla,High,,,1,0.09,Pseudomonas aeruginosa,True
ARO:3002210,IMP-19,protein homolog model,antibiotic inactivation; carbapenem; cephalosporin; cephamycin; penam; penem,matched,blaIMP-19,Beta-Lactamase,debla,High,,,3,0.85,Acinetobacter pittii,True
ARO:3002213,IMP-22,protein homolog model,antibiotic inactivation; carbapenem; cephalosporin; cephamycin; penam; penem,matched,blaIMP-22,Beta-Lactamase,debla,High,,,1,0.0,Citrobacter freundii,True
ARO:3002214,IMP-23,protein homolog model,antibiotic inactivation; carbapenem; cephalosporin; cephamycin; penam; penem,matched,blaIMP-23,Beta-Lactamase,debla,High,,,1,0.01,Klebsiella pneumoniae,True
ARO:3002217,IMP-26,protein homolog model,antibiotic inactivation; carbapenem; cephalosporin; cephamycin; penam; penem,matched,blaIMP-26,Beta-Lactamase,debla,High,,,10,0.64,Enterobacter cloacae,True
ARO:3002218,IMP-27,protein homolog model,antibiotic inactivation; carbapenem; cephalosporin; cephamycin; penam; penem,matched,blaIMP-27,Beta-Lactamase,debla,High,,,5,12.74,Providencia rettgeri,True
ARO:3002220,IMP-29,protein homolog model,antibiotic inactivation; carbapenem; cephalosporin; cephamycin; penam; penem,matched,blaIMP-29,Beta-Lactamase,debla,High,,,1,0.27,Klebsiella michiganensis,True
ARO:3002224,IMP-33,protein homolog model,antibiotic inactivation; carbapenem; cephalosporin; cephamycin; penam; penem,matched,blaIMP-33,Beta-Lactamase,debla,High,,,1,0.01,Pseudomonas aeruginosa,True
ARO:3002225,IMP-34,protein homolog model,antibiotic inactivation; carbapenem; cephalosporin; cephamycin; penam; penem,matched,blaIMP-34,Beta-Lactamase,debla,High,,,1,0.0,Pseudomonas aeruginosa,True
ARO:3002228,IMP-37,protein homolog model,antibiotic inactivation; carbapenem; cephalosporin; cephamycin; penam; penem,matched,blaIMP-37,Beta-Lactamase,debla,High,,,1,0.0,Pseudomonas aeruginosa,True
ARO:3002229,IMP-38,protein homolog model,antibiotic inactivation; carbapenem; cephalosporin; cephamycin; penam; penem,matched,blaIMP-38,Beta-Lactamase,debla,High,,,2,0.0,Escherichia coli,True
ARO:3002236,IMP-45,protein homolog model,antibiotic inactivation; carbapenem; cephalosporin; cephamycin; penam; penem,matched,blaIMP-45,Beta-Lactamase,debla,High,,,1,0.13,Pseudomonas aeruginosa,True
ARO:3002240,CARB-1,protein homolog model,antibiotic inactivation; penam,matched,blaCARB-1,Beta-Lactamase,debla,High,,,1,0.04,Pseudomonas aeruginosa,True
ARO:3002242,CARB-3,protein homolog model,antibiotic inactivation; penam,matched,blaCARB-3,Beta-Lactamase,debla,High,,,29,5.56,Proteus vulgaris,True
ARO:3002243,CARB-4,protein homolog model,antibiotic inactivation; penam,matched,blaCARB-4,Beta-Lactamase,debla,High,,,6,2.94,Alcaligenes faecalis,True
ARO:3002246,CARB-7,protein homolog model,antibiotic inactivation; penam,matched,blaCARB-7,Beta-Lactamase,debla,High,,,2,8.0,Vibrio metoecus,True
ARO:3002248,CARB-9,protein homolog model,antibiotic inactivation; penam,matched,blaCARB-9,Beta-Lactamase,debla,High,,,2,8.0,Vibrio metoecus,True
ARO:3002250,CARB-12,protein homolog model,antibiotic inactivation; penam,matched,blaCARB-12,Beta-Lactamase,debla,High,,,2,0.8,Klebsiella michiganensis,True
ARO:3002263,IND-7,protein homolog model,antibiotic inactivation; carbapenem,matched,blaIND-7,Beta-Lactamase,debla,High,,,1,100.0,Chryseobacterium nakagawai,True
ARO:3002271,VIM-1,protein homolog model,antibiotic inactivation; carbapenem; cephalosporin; cephamycin; penam; penem,matched,blaVIM-1,Beta-Lactamase,debla,High,,,24,4.76,Pseudomonas monteilii,True
ARO:3002272,VIM-2,protein homolog model,antibiotic inactivation; carbapenem; cephalosporin; cephamycin; penam; penem,matched,blaVIM-2,Beta-Lactamase,debla,High,,,14,8.82,Alcaligenes faecalis,True
ARO:3002274,VIM-4,protein homolog model,antibiotic inactivation; carbapenem; cephalosporin; cephamycin; penam; penem,matched,blaVIM-4,Beta-Lactamase,debla,High,,,18,8.82,Alcaligenes faecalis,True
ARO:3002275,VIM-5,protein homolog model,antibiotic inactivation; carbapenem; cephalosporin; cephamycin; penam; penem,matched,blaVIM-5,Beta-Lactamase,debla,High,,,3,1.53,Pseudomonas stutzeri,True
ARO:3002276,VIM-6,protein homolog model,antibiotic inactivation; carbapenem; cephalosporin; cephamycin; penam; penem,matched,blaVIM-6,Beta-Lactamase,debla,High,,,2,2.29,Pseudomonas stutzeri,True
ARO:3002281,VIM-11,protein homolog model,antibiotic inactivation; carbapenem; cephalosporin; cephamycin; penam; penem,matched,blaVIM-11,Beta-Lactamase,debla,High,,,1,0.06,Pseudomonas aeruginosa,True
ARO:3002289,VIM-19,protein homolog model,antibiotic inactivation; carbapenem; cephalosporin; cephamycin; penam; penem,matched,blaVIM-19,Beta-Lactamase,debla,High,,,1,0.02,Klebsiella pneumoniae,True
ARO:3002290,VIM-20,protein homolog model,antibiotic inactivation; carbapenem; cephalosporin; cephamycin; penam; penem,matched,blaVIM-20,Beta-Lactamase,debla,High,,,1,0.06,Pseudomonas aeruginosa,True
ARO:3002294,VIM-24,protein homolog model,antibiotic inactivation; carbapenem; cephalosporin; cephamycin; penam; penem,matched,blaVIM-24,Beta-Lactamase,debla,High,,,2,0.01,Klebsiella pneumoniae,True
ARO:3002296,VIM-26,protein homolog model,antibiotic inactivation; carbapenem; cephalosporin; cephamycin; penam; penem,matched,blaVIM-26,Beta-Lactamase,debla,High,,,1,0.01,Klebsiella pneumoniae,True
ARO:3002297,VIM-27,protein homolog model,antibiotic inactivation; carbapenem; cephalosporin; cephamycin; penam; penem,matched,blaVIM-27,Beta-Lactamase,debla,High,,,1,0.03,Klebsiella pneumoniae,True
ARO:3002298,VIM-28,protein homolog model,antibiotic inactivation; carbapenem; cephalosporin; cephamycin; penam; penem,matched,blaVIM-28,Beta-Lactamase,debla,High,,,1,0.01,Pseudomonas aeruginosa,True
ARO:3002299,VIM-29,protein homolog model,antibiotic inactivation; carbapenem; cephalosporin; cephamycin; penam; penem,matched,blaVIM-29,Beta-Lactamase,debla,High,,,2,0.03,Klebsiella pneumoniae,True
ARO:3002301,VIM-31,protein homolog model,antibiotic inactivation; carbapenem; cephalosporin; cephamycin; penam; penem,matched,blaVIM-31,Beta-Lactamase,debla,High,,,1,0.04,Enterobacter hormaechei,True
ARO:3002303,VIM-33,protein homolog model,antibiotic inactivation; carbapenem; cephalosporin; cephamycin; penam; penem,matched,blaVIM-33,Beta-Lactamase,debla,High,,,1,0.01,Klebsiella pneumoniae,True
ARO:3002304,VIM-34,protein homolog model,antibiotic inactivation; carbapenem; cephalosporin; cephamycin; penam; penem,matched,blaVIM-34,Beta-Lactamase,debla,High,,,1,0.01,Klebsiella pneumoniae,True
ARO:3002306,VIM-36,protein homolog model,antibiotic inactivation; carbapenem; cephalosporin; cephamycin; penam; penem,matched,blaVIM-36,Beta-Lactamase,debla,High,,,1,0.03,Pseudomonas aeruginosa,True
ARO:3002312,KPC-2,protein homolog model,antibiotic inactivation; carbapenem; cephalosporin; monobactam; penam,matched,blaKPC-2,Beta-Lactamase,debla,High,blaKPC-1,,32,20.0,Enterobacter chengduensis,True
ARO:3002313,KPC-3,protein homolog model,antibiotic inactivation; carbapenem; cephalosporin; monobactam; penam,matched,blaKPC-3,Beta-Lactamase,debla,High,,,22,6.72,Klebsiella pneumoniae,True
ARO:3002314,KPC-4,protein homolog model,antibiotic inactivation; carbapenem; cephalosporin; monobactam; penam,matched,blaKPC-4,Beta-Lactamase,debla,High,,,9,1.82,Citrobacter amalonaticus,True
ARO:3002315,KPC-5,protein homolog model,antibiotic inactivation; carbapenem; cephalosporin; monobactam; penam,matched,blaKPC-5,Beta-Lactamase,debla,High,,,2,0.04,Enterobacter hormaechei,True
ARO:3002316,KPC-6,protein homolog model,antibiotic inactivation; carbapenem; cephalosporin; monobactam; penam,matched,blaKPC-6,Beta-Lactamase,debla,High,,,5,10.26,Citrobacter werkmanii,True
ARO:3002317,KPC-7,protein homolog model,antibiotic inactivation; carbapenem; cephalosporin; monobactam; penam,matched,blaKPC-7,Beta-Lactamase,debla,High,,,1,0.01,Klebsiella pneumoniae,True
ARO:3002318,KPC-8,protein homolog model,antibiotic inactivation; carbapenem; cephalosporin; monobactam; penam,matched,blaKPC-8,Beta-Lactamase,debla,High,,,1,0.01,Klebsiella pneumoniae,True
ARO:3002322,KPC-12,protein homolog model,antibiotic inactivation; carbapenem; cephalosporin; monobactam; penam,matched,blaKPC-12,Beta-Lactamase,debla,High,,,3,0.01,Klebsiella pneumoniae,True
ARO:3002324,KPC-14,protein homolog model,antibiotic inactivation; carbapenem; cephalosporin; monobactam; penam,matched,blaKPC-14,Beta-Lactamase,debla,High,,,1,0.0,Klebsiella pneumoniae,True
ARO:3002330,GES-1,protein homolog model,antibiotic inactivation; carbapenem; cephalosporin; penam,matched,blaGES-1,Beta-Lactamase,debla,High,,,5,0.76,Achromobacter xylosoxidans,True
ARO:3002331,GES-2,protein homolog model,antibiotic inactivation; carbapenem; cephalosporin; penam,matched,blaGES-2,Beta-Lactamase,debla,High,,,2,0.04,Enterobacter hormaechei,True
ARO:3002334,GES-5,protein homolog model,antibiotic inactivation; carbapenem; cephalosporin; penam,matched,blaGES-5,Beta-Lactamase,debla,High,,,14,0.87,Enterobacter kobei,True
ARO:3002335,GES-6,protein homolog model,antibiotic inactivation; carbapenem; cephalosporin; penam,matched,blaGES-6,Beta-Lactamase,debla,High,,,4,0.44,Enterobacter kobei,True
ARO:3002336,GES-7,protein homolog model,antibiotic inactivation; carbapenem; cephalosporin; penam,matched,blaGES-7,Beta-Lactamase,debla,High,,,6,0.36,Enterobacter roggenkampii,True
ARO:3002338,GES-9,protein homolog model,antibiotic inactivation; carbapenem; cephalosporin; penam,matched,blaGES-9,Beta-Lactamase,debla,High,,,2,2.56,Citrobacter werkmanii,True
ARO:3002340,GES-11,protein homolog model,antibiotic inactivation; carbapenem; cephalosporin; penam,matched,blaGES-11,Beta-Lactamase,debla,High,,,3,0.36,Acinetobacter baumannii,True
ARO:3002341,GES-12,protein homolog model,antibiotic inactivation; carbapenem; cephalosporin; penam,matched,blaGES-12,Beta-Lactamase,debla,High,,,1,0.09,Acinetobacter baumannii,True
ARO:3002342,GES-13,protein homolog model,antibiotic inactivation; carbapenem; cephalosporin; penam,matched,blaGES-13,Beta-Lactamase,debla,High,,,2,0.13,Klebsiella quasipneumoniae,True
ARO:3002343,GES-14,protein homolog model,antibiotic inactivation; carbapenem; cephalosporin; penam,matched,blaGES-14,Beta-Lactamase,debla,High,,,1,0.0,Acinetobacter baumannii,True
ARO:3002344,GES-15,protein homolog model,antibiotic inactivation; carbapenem; cephalosporin; penam,matched,blaGES-15,Beta-Lactamase,debla,High,,,1,0.01,Pseudomonas aeruginosa,True
ARO:3002345,GES-16,protein homolog model,antibiotic inactivation; carbapenem; cephalosporin; penam,matched,blaGES-16,Beta-Lactamase,debla,High,,,3,0.44,Enterobacter kobei,True
ARO:3002348,GES-19,protein homolog model,antibiotic inactivation; carbapenem; cephalosporin; penam,matched,blaGES-19,Beta-Lactamase,debla,High,,,2,0.09,Pseudomonas aeruginosa,True
ARO:3002349,GES-20,protein homolog model,antibiotic inactivation; carbapenem; cephalosporin; penam,matched,blaGES-20,Beta-Lactamase,debla,High,,,1,0.07,Pseudomonas aeruginosa,True
ARO:3002351,GES-22,protein homolog model,antibiotic inactivation; carbapenem; cephalosporin; penam,matched,blaGES-22,Beta-Lactamase,debla,High,,,1,0.01,Acinetobacter baumannii,True
ARO:3002354,NDM-3,protein homolog model,antibiotic inactivation; carbapenem; cephalosporin; cephamycin; penam,matched,blaNDM-3,Beta-Lactamase,debla,High,,,3,1.3,Acinetobacter indicus,True
ARO:3002355,NDM-4,protein homolog model,antibiotic inactivation; carbapenem; cephalosporin; cephamycin; penam; penem,matched,blaNDM-4,Beta-Lactamase,debla,High,,,5,0.28,Klebsiella aerogenes,True
ARO:3002356,NDM-6,protein homolog model,antibiotic inactivation; carbapenem; cephalosporin; cephamycin; penam,matched,blaNDM-6,Beta-Lactamase,debla,High,,,5,0.28,Klebsiella aerogenes,True
ARO:3002357,NDM-7,protein homolog model,antibiotic inactivation; carbapenem; cephalosporin; cephamycin; penam,matched,blaNDM-7,Beta-Lactamase,debla,High,,,9,2.55,Providencia rettgeri,True
ARO:3002359,NDM-9,protein homolog model,antibiotic inactivation; carbapenem; cephalosporin; cephamycin; monobactam; penam; penem,matched,blaNDM-9,Beta-Lactamase,debla,High,,,5,0.25,Escherichia coli,True
ARO:3002363,PER-1,protein homolog model,antibiotic inactivation; carbapenem; cephalosporin; monobactam; penam; penem,matched,blaPER-1,Beta-Lactamase,debla,High,,,16,11.11,Proteus vulgaris,True
ARO:3002364,PER-2,protein homolog model,antibiotic inactivation; carbapenem; cephalosporin; monobactam; penam; penem,matched,blaPER-2,Beta-Lactamase,debla,High,,,4,3.51,Acinetobacter radioresistens,True
ARO:3002365,PER-3,protein homolog model,antibiotic inactivation; carbapenem; cephalosporin; monobactam; penam; penem,matched,blaPER-3,Beta-Lactamase,debla,High,,,4,3.76,Aeromonas caviae,True
ARO:3002366,PER-4,protein homolog model,antibiotic inactivation; carbapenem; cephalosporin; monobactam; penam; penem,matched,blaPER-4,Beta-Lactamase,debla,High,,,3,0.64,Providencia rettgeri,True
ARO:3002369,PER-7,protein homolog model,antibiotic inactivation; carbapenem; cephalosporin; monobactam; penam; penem,matched,blaPER-7,Beta-Lactamase,debla,High,,,4,1.33,Vibrio fluvialis,True
ARO:3002370,VEB-1,protein homolog model,antibiotic inactivation; cephalosporin; monobactam,matched,blaVEB-1,Beta-Lactamase,debla,High,,,11,3.82,Providencia rettgeri,True
ARO:3002371,VEB-2,protein homolog model,antibiotic inactivation; cephalosporin; monobactam,matched,blaVEB-2,Beta-Lactamase,debla,High,,,2,0.1,Vibrio parahaemolyticus,True
ARO:3002372,VEB-3,protein homolog model,antibiotic inactivation; cephalosporin; monobactam,matched,blaVEB-3,Beta-Lactamase,debla,High,,,10,0.81,Aeromonas hydrophila,True
ARO:3002374,VEB-6,protein homolog model,antibiotic inactivation; cephalosporin; monobactam,matched,blaVEB-6,Beta-Lactamase,debla,High,,,2,2.27,Providencia stuartii,True
ARO:3002375,VEB-5,protein homolog model,antibiotic inactivation; cephalosporin; monobactam,matched,blaVEB-5,Beta-Lactamase,debla,High,,,4,0.66,Klebsiella quasipneumoniae,True
ARO:3002376,VEB-7,protein homolog model,antibiotic inactivation; cephalosporin; monobactam,matched,blaVEB-7,Beta-Lactamase,debla,High,,,1,0.03,Acinetobacter baumannii,True
ARO:3002377,VEB-8,protein homolog model,antibiotic inactivation; cephalosporin; monobactam,matched,blaVEB-8,Beta-Lactamase,debla,High,,,2,0.0,Klebsiella pneumoniae,True
ARO:3002380,SME-2,protein homolog model,antibiotic inactivation; carbapenem,matched,blaSME-2,Beta-Lactamase,debla,High,,,1,0.66,Serratia marcescens,True
ARO:3002385,BEL-1,protein homolog model,antibiotic inactivation; cephalosporin; monobactam; penam,matched,blaBEL-1,Beta-Lactamase,debla,High,,,1,0.01,Pseudomonas aeruginosa,True
ARO:3002389,OXY-1-1,protein homolog model,antibiotic inactivation; cephalosporin; monobactam; penam,matched,blaOXY-1-1,Beta-Lactamase,debla,High,,,2,25.0,Klebsiella michiganensis,True
ARO:3002390,OXY-1-2,protein homolog model,antibiotic inactivation; cephalosporin; monobactam; penam,matched,blaOXY-1-2,Beta-Lactamase,debla,High,,,1,18.09,Klebsiella michiganensis,True
ARO:3002391,OXY-1-3,protein homolog model,antibiotic inactivation; cephalosporin; monobactam; penam,matched,blaOXY-1-3,Beta-Lactamase,debla,High,,,1,5.59,Klebsiella michiganensis,True
ARO:3002392,OXY-1-4,protein homolog model,antibiotic inactivation; cephalosporin; monobactam; penam,matched,blaOXY-1-4,Beta-Lactamase,debla,High,,,2,9.57,Klebsiella michiganensis,True
ARO:3002396,OXY-2-1,protein homolog model,antibiotic inactivation; cephalosporin; monobactam; penam,matched,blaOXY-2-1,Beta-Lactamase,debla,High,,,1,5.88,Klebsiella oxytoca,True
ARO:3002397,OXY-2-2,protein homolog model,antibiotic inactivation; cephalosporin; monobactam; penam,matched,blaOXY-2-2,Beta-Lactamase,debla,High,,,1,5.88,Klebsiella oxytoca,True
ARO:3002399,OXY-2-4,protein homolog model,antibiotic inactivation; cephalosporin; monobactam; penam,matched,blaOXY-2-4,Beta-Lactamase,debla,High,,,1,13.87,Klebsiella oxytoca,True
ARO:3002401,OXY-2-6,protein homolog model,antibiotic inactivation; cephalosporin; monobactam; penam,matched,blaOXY-2-6,Beta-Lactamase,debla,High,,,1,4.2,Klebsiella oxytoca,True
ARO:3002402,OXY-2-7,protein homolog model,antibiotic inactivation; cephalosporin; monobactam; penam,matched,blaOXY-2-7,Beta-Lactamase,debla,High,,,1,13.45,Klebsiella oxytoca,True
ARO:3002403,OXY-2-8,protein homolog model,antibiotic inactivation; cephalosporin; monobactam; penam,matched,blaOXY-2-8,Beta-Lactamase,debla,High,,,1,4.62,Klebsiella oxytoca,True
ARO:3002405,OXY-2-10,protein homolog model,antibiotic inactivation; cephalosporin; monobactam; penam,matched,blaOXY-2-10,Beta-Lactamase,debla,High,,,1,2.1,Klebsiella oxytoca,True
ARO:3002406,OXY-2-11,protein homolog model,antibiotic inactivation; cephalosporin; monobactam; penam,matched,blaOXY-2-11,Beta-Lactamase,debla,High,,,1,23.53,Klebsiella oxytoca,True
ARO:3002407,OXY-2-12,protein homolog model,antibiotic inactivation; cephalosporin; monobactam; penam,matched,blaOXY-2-12,Beta-Lactamase,debla,High,,,1,6.72,Klebsiella oxytoca,True
ARO:3002409,OXY-3-1,protein homolog model,antibiotic inactivation; cephalosporin; monobactam; penam,matched,blaOXY-3-1,Beta-Lactamase,debla,High,,,2,66.67,Klebsiella huaxiensis,True
ARO:3002410,OXY-4-1,protein homolog model,antibiotic inactivation; cephalosporin; monobactam; penam,matched,blaOXY-4-1,Beta-Lactamase,debla,High,,,1,3.19,Klebsiella michiganensis,True
ARO:3002411,OXY-5-1,protein homolog model,antibiotic inactivation; cephalosporin; monobactam; penam,matched,blaOXY-5-1,Beta-Lactamase,debla,High,,,1,12.77,Klebsiella michiganensis,True
ARO:3002412,OXY-5-2,protein homolog model,antibiotic inactivation; cephalosporin; monobactam; penam,matched,blaOXY-5-2,Beta-Lactamase,debla,High,,,1,0.53,Klebsiella michiganensis,True
ARO:3002413,OXY-6-1,protein homolog model,antibiotic inactivation; cephalosporin; monobactam; penam,matched,blaOXY-6-1,Beta-Lactamase,debla,High,,,1,0.27,Klebsiella michiganensis,True
ARO:3002414,OXY-6-2,protein homolog model,antibiotic inactivation; cephalosporin; monobactam; penam,matched,blaOXY-6-2,Beta-Lactamase,debla,High,,,2,1.6,Klebsiella michiganensis,True
ARO:3002416,OXY-6-4,protein homolog model,antibiotic inactivation; cephalosporin; monobactam; penam,matched,blaOXY-6-4,Beta-Lactamase,debla,High,,,2,3.19,Klebsiella michiganensis,True
ARO:3002419,OKP-A-2,protein homolog model,antibiotic inactivation; cephalosporin; penam,matched,blaOKP-A-2,Beta-Lactamase,debla,High,,,1,0.92,Klebsiella quasipneumoniae,True
ARO:3002420,OKP-A-3,protein homolog model,antibiotic inactivation; cephalosporin; penam,matched,blaOKP-A-3,Beta-Lactamase,debla,High,,,1,5.26,Klebsiella quasipneumoniae,True
ARO:3002421,OKP-A-4,protein homolog model,antibiotic inactivation; cephalosporin; penam,matched,blaOKP-A-4,Beta-Lactamase,debla,High,,,1,2.89,Klebsiella quasipneumoniae,True
ARO:3002422,OKP-A-5,protein homolog model,antibiotic inactivation; cephalosporin; penam,matched,blaOKP-A-5,Beta-Lactamase,debla,High,,,1,5.53,Klebsiella quasipneumoniae,True
ARO:3002423,OKP-A-6,protein homolog model,antibiotic inactivation; cephalosporin; penam,matched,blaOKP-A-6,Beta-Lactamase,debla,High,,,1,0.92,Klebsiella quasipneumoniae,True
ARO:3002425,OKP-A-8,protein homolog model,antibiotic inactivation; cephalosporin; penam,matched,blaOKP-A-8,Beta-Lactamase,debla,High,,,1,1.18,Klebsiella quasipneumoniae,True
ARO:3002426,OKP-A-9,protein homolog model,antibiotic inactivation; cephalosporin; penam,matched,blaOKP-A-9,Beta-Lactamase,debla,High,,,1,0.13,Klebsiella quasipneumoniae,True
ARO:3002427,OKP-A-10,protein homolog model,antibiotic inactivation; cephalosporin; penam,matched,blaOKP-A-10,Beta-Lactamase,debla,High,,,1,0.39,Klebsiella quasipneumoniae,True
ARO:3002428,OKP-A-11,protein homolog model,antibiotic inactivation; cephalosporin; penam,matched,blaOKP-A-11,Beta-Lactamase,debla,High,,,1,5.0,Klebsiella quasipneumoniae,True
ARO:3002429,OKP-A-12,protein homolog model,antibiotic inactivation; cephalosporin; penam,matched,blaOKP-A-12,Beta-Lactamase,debla,High,,,1,3.82,Klebsiella quasipneumoniae,True
ARO:3002434,OKP-B-1,protein homolog model,antibiotic inactivation; cephalosporin; penam,matched,blaOKP-B-1,Beta-Lactamase,debla,High,,,1,4.34,Klebsiella quasipneumoniae,True
ARO:3002435,OKP-B-2,protein homolog model,antibiotic inactivation; cephalosporin; penam,matched,blaOKP-B-2,Beta-Lactamase,debla,High,,,1,2.5,Klebsiella quasipneumoniae,True
ARO:3002436,OKP-B-3,protein homolog model,antibiotic inactivation; cephalosporin; penam,matched,blaOKP-B-3,Beta-Lactamase,debla,High,,,1,0.79,Klebsiella quasipneumoniae,True
ARO:3002437,OKP-B-4,protein homolog model,antibiotic inactivation; cephalosporin; penam,matched,blaOKP-B-4,Beta-Lactamase,debla,High,,,1,1.71,Klebsiella quasipneumoniae,True
ARO:3002438,OKP-B-5,protein homolog model,antibiotic inactivation; cephalosporin; penam,matched,blaOKP-B-5,Beta-Lactamase,debla,High,,,1,4.21,Klebsiella quasipneumoniae,True
ARO:3002439,OKP-B-6,protein homolog model,antibiotic inactivation; cephalosporin; penam,matched,blaOKP-B-6,Beta-Lactamase,debla,High,,,2,12.37,Klebsiella quasipneumoniae,True
ARO:3002440,OKP-B-7,protein homolog model,antibiotic inactivation; cephalosporin; penam,matched,blaOKP-B-7,Beta-Lactamase,debla,High,,,1,2.24,Klebsiella quasipneumoniae,True
ARO:3002441,OKP-B-8,protein homolog model,antibiotic inactivation; cephalosporin; penam,matched,blaOKP-B-8,Beta-Lactamase,debla,High,,,1,3.68,Klebsiella quasipneumoniae,True
ARO:3002442,OKP-B-9,protein homolog model,antibiotic inactivation; cephalosporin; penam,matched,blaOKP-B-9,Beta-Lactamase,debla,High,,,1,0.13,Klebsiella quasipneumoniae,True
ARO:3002450,OKP-B-17,protein homolog model,antibiotic inactivation; cephalosporin; penam,matched,blaOKP-B-17,Beta-Lactamase,debla,High,,,1,8.16,Klebsiella quasipneumoniae,True
ARO:3002451,OKP-B-18,protein homolog model,antibiotic inactivation; cephalosporin; penam,matched,blaOKP-B-18,Beta-Lactamase,debla,High,,,1,0.13,Klebsiella quasipneumoniae,True
ARO:3002452,OKP-B-19,protein homolog model,antibiotic inactivation; cephalosporin; penam,matched,blaOKP-B-19,Beta-Lactamase,debla,High,,,1,0.39,Klebsiella quasipneumoniae,True
ARO:3002453,OKP-B-20,protein homolog model,antibiotic inactivation; cephalosporin; penam,matched,blaOKP-B-20,Beta-Lactamase,debla,High,,,1,0.0,Klebsiella quasipneumoniae,True
ARO:3002480,OXA-144,protein homolog model,antibiotic inactivation; carbapenem; cephalosporin; penam,matched,blaOXA-144,Beta-Lactamase,debla,High,,,1,0.17,Acinetobacter baumannii,True
ARO:3002494,SRT-2,protein homolog model,antibiotic inactivation; cephalosporin,matched,blaSRT-2,Beta-Lactamase,debla,High,,,1,70.38,Serratia marcescens,True
ARO:3002523,AAC(2')-Ia,protein homolog model,aminoglycoside antibiotic; antibiotic inactivation,matched,aac(2')-Ia,Aminoglycoside,case_insensitive,High,,,1,59.09,Providencia stuartii,True
ARO:3002524,AAC(2')-Ib,protein homolog model,aminoglycoside antibiotic; antibiotic inactivation,matched,aac(2')-Ib,Aminoglycoside,case_insensitive,High,,,1,40.0,Mycolicibacterium septicum,True
ARO:3002525,AAC(2')-Ic,protein homolog model,aminoglycoside antibiotic; antibiotic inactivation,matched,aac(2')-Ic,Aminoglycoside,case_insensitive,High,,,5,100.0,Mycobacterium kansasii,True
ARO:3002527,AAC(2')-Ie,protein homolog model,aminoglycoside antibiotic; antibiotic inactivation,matched,aac(2')-Ie,Aminoglycoside,case_insensitive,High,,,1,100.0,Mycobacterium leprae,True
ARO:3002528,AAC(3)-Ia,protein homolog model,aminoglycoside antibiotic; antibiotic inactivation,matched,aac(3)-Ia,Aminoglycoside,case_insensitive,High,,,20,13.74,Acinetobacter baumannii,True
ARO:3002529,AAC(3)-Id,protein homolog model,aminoglycoside antibiotic; antibiotic inactivation,matched,aac(3)-Id,Aminoglycoside,case_insensitive,High,,,3,0.46,Salmonella enterica,True
ARO:3002530,AAC(3)-Ib,protein homolog model,aminoglycoside antibiotic; antibiotic inactivation,matched,aac(3)-Ib,Aminoglycoside,case_insensitive,High,,,11,1.82,Citrobacter amalonaticus,True
ARO:3002531,AAC(3)-Ic,protein homolog model,aminoglycoside antibiotic; antibiotic inactivation,matched,aac(3)-Ic,Aminoglycoside,case_insensitive,High,,,3,0.53,Pseudomonas aeruginosa,True
ARO:3002533,AAC(3)-IIa,protein homolog model,aminoglycoside antibiotic; antibiotic inactivation,matched,aac(3)-IIa,Aminoglycoside,case_insensitive,High,,,11,0.01,Pseudomonas aeruginosa,True
ARO:3002534,AAC(3)-IIb,protein homolog model,aminoglycoside antibiotic; antibiotic inactivation,matched,aac(3)-IIb,Aminoglycoside,case_insensitive,High,,,6,83.33,Paracoccus denitrificans,True
ARO:3002535,AAC(3)-IIc,protein homolog model,aminoglycoside antibiotic; antibiotic inactivation,matched,aac(3)-IIc,Aminoglycoside,case_insensitive,High,,,30,16.67,Paracoccus denitrificans,True
ARO:3002536,AAC(3)-IIIa,protein homolog model,aminoglycoside antibiotic; antibiotic inactivation,matched,aac(3)-IIIa,Aminoglycoside,case_insensitive,High,,,2,0.44,Burkholderia cenocepacia,True
ARO:3002537,AAC(3)-IIIb,protein homolog model,aminoglycoside antibiotic; antibiotic inactivation,matched,aac(3)-IIIb,Aminoglycoside,case_insensitive,High,,,1,0.03,Pseudomonas aeruginosa,True
ARO:3002538,AAC(3)-IIIc,protein homolog model,aminoglycoside antibiotic; antibiotic inactivation,matched,aac(3)-IIIc,Aminoglycoside,case_insensitive,High,,,1,0.01,Pseudomonas aeruginosa,True
ARO:3002539,AAC(3)-IVa,protein homolog model,aminoglycoside antibiotic; antibiotic inactivation,matched,aac(3)-IVa,Aminoglycoside,case_insensitive,High,,,31,25.0,Proteus penneri,True
ARO:3002540,AAC(3)-VIa,protein homolog model,aminoglycoside antibiotic; antibiotic inactivation,matched,aac(3)-VIa,Aminoglycoside,case_insensitive,High,,,13,5.56,Proteus vulgaris,True
ARO:3002545,AAC(6')-Ia,protein homolog model,aminoglycoside antibiotic; antibiotic inactivation,matched,aac(6')-Ia,Aminoglycoside,case_insensitive,High,,,11,3.18,Providencia rettgeri,True
ARO:3002546,AAC(6')-Ib,protein homolog model,aminoglycoside antibiotic; antibiotic inactivation,matched,aac(6')-Ib,Aminoglycoside,case_insensitive,High,,,6,2.56,Citrobacter werkmanii,True
ARO:3002549,AAC(6')-Ic,protein homolog model,aminoglycoside antibiotic; antibiotic inactivation,matched,aac(6')-Ic,Aminoglycoside,case_insensitive,High,,,3,76.93,Serratia marcescens,True
ARO:3002553,AAC(6')-If,protein homolog model,aminoglycoside antibiotic; antibiotic inactivation,matched,aac(6')-If,Aminoglycoside,case_insensitive,High,,,2,4.64,Citrobacter freundii,True
ARO:3002554,AAC(6')-Ig,protein homolog model,aminoglycoside antibiotic; antibiotic inactivation,matched,aac(6')-Ig,Aminoglycoside,case_insensitive,High,,,1,90.7,Acinetobacter haemolyticus,True
ARO:3002557,AAC(6')-Ij,protein homolog model,aminoglycoside antibiotic; antibiotic inactivation,matched,aac(6')-Ij,Aminoglycoside,case_insensitive,High,,,1,0.03,Acinetobacter baumannii,True
ARO:3002560,AAC(6')-Iq,protein homolog model,aminoglycoside antibiotic; antibiotic inactivation,matched,aac(6')-Iq,Aminoglycoside,case_insensitive,High,,,3,0.26,Serratia marcescens,True
ARO:3002561,AAC(6')-Ir,protein homolog model,aminoglycoside antibiotic; antibiotic inactivation,matched,aac(6')-Ir,Aminoglycoside,case_insensitive,High,,,1,0.03,Acinetobacter baumannii,True
ARO:3002570,AAC(6')-Iz,protein homolog model,aminoglycoside antibiotic; antibiotic inactivation,matched,aac(6')-Iz,Aminoglycoside,case_insensitive,High,,,1,29.67,Stenotrophomonas maltophilia,True
ARO:3002571,AAC(6')-Iaa,protein homolog model,aminoglycoside antibiotic; antibiotic inactivation,matched,aac(6')-Iaa,Aminoglycoside,case_insensitive,High,,,1,29.43,Salmonella enterica,True
ARO:3002573,AAC(6')-Iae,protein homolog model,aminoglycoside antibiotic; antibiotic inactivation,matched,aac(6')-Iae,Aminoglycoside,case_insensitive,High,,,2,0.0,Enterobacter hormaechei,True
ARO:3002574,AAC(6')-Iaf,protein homolog model,aminoglycoside antibiotic; antibiotic inactivation,matched,aac(6')-Iaf,Aminoglycoside,case_insensitive,High,,,4,1.98,Acinetobacter baumannii,True
ARO:3002575,AAC(6')-Iai,protein homolog model,aminoglycoside antibiotic; antibiotic inactivation,matched,aac(6')-Iai,Aminoglycoside,case_insensitive,High,,,1,0.01,Pseudomonas aeruginosa,True
ARO:3002585,AAC(6')-31,protein homolog model,aminoglycoside antibiotic; antibiotic inactivation,matched,aac(6')-31,Aminoglycoside,case_insensitive,High,,,13,1.75,Acinetobacter radioresistens,True
ARO:3002586,AAC(6')-32,protein homolog model,aminoglycoside antibiotic; antibiotic inactivation,matched,aac(6')-32,Aminoglycoside,case_insensitive,High,,,3,0.44,Burkholderia cenocepacia,True
ARO:3002589,AAC(6')-Iid,protein homolog model,aminoglycoside antibiotic; antibiotic inactivation,matched,aac(6')-IId,Aminoglycoside,case_insensitive,High,,,1,75.46,Enterococcus hirae,True
ARO:3002594,AAC(6')-IIa,protein homolog model,aminoglycoside antibiotic; antibiotic inactivation,matched,aac(6')-IIa,Aminoglycoside,case_insensitive,High,,,33,6.99,Aeromonas caviae,True
ARO:3002595,AAC(6')-IIb,protein homolog model,aminoglycoside antibiotic; antibiotic inactivation,matched,aac(6')-IIb,Aminoglycoside,case_insensitive,High,,,2,0.13,Klebsiella quasipneumoniae,True
ARO:3002596,AAC(6')-IIc,protein homolog model,aminoglycoside antibiotic; antibiotic inactivation,matched,aac(6')-IIc,Aminoglycoside,case_insensitive,High,,,28,12.0,Enterobacter chengduensis,True
ARO:3002601,aadA,protein homolog model,aminoglycoside antibiotic; antibiotic inactivation,matched,aadA1,Aminoglycoside,alias_bridge,Medium,,,80,70.64,Shigella sonnei,True
ARO:3002602,aadA2,protein homolog model,aminoglycoside antibiotic; antibiotic inactivation,matched,aadA2,Aminoglycoside,exact,High,aadA1b; ant(4')-Ib,,63,25.64,Citrobacter werkmanii,True
ARO:3002603,aadA3,protein homolog model,aminoglycoside antibiotic; antibiotic inactivation,matched,aadA3,Aminoglycoside,exact,High,,,39,6.45,Aeromonas caviae,True
ARO:3002604,aadA4,protein homolog model,aminoglycoside antibiotic; antibiotic inactivation,matched,aadA4,Aminoglycoside,exact,High,,,7,1.6,Klebsiella michiganensis,True
ARO:3002605,aadA5,protein homolog model,aminoglycoside antibiotic; antibiotic inactivation,matched,aadA5,Aminoglycoside,exact,High,,,36,7.92,Shigella flexneri,True
ARO:3002606,aadA6,protein homolog model,aminoglycoside antibiotic; antibiotic inactivation,matched,aadA6,Aminoglycoside,exact,High,,,7,3.35,Pseudomonas aeruginosa,True
ARO:3002607,aadA7,protein homolog model,aminoglycoside antibiotic; antibiotic inactivation,matched,aadA7,Aminoglycoside,exact,High,,,8,2.56,Citrobacter werkmanii,True
ARO:3002608,aadA8,protein homolog model,aminoglycoside antibiotic; antibiotic inactivation,matched,aadA8,Aminoglycoside,exact,High,,,5,0.4,Enterobacter asburiae,True
ARO:3002609,aadA9,protein homolog model,aminoglycoside antibiotic; antibiotic inactivation,matched,aadA9,Aminoglycoside,exact,High,,,5,0.0,Salmonella enterica,True
ARO:3002611,aadA11,protein homolog model,aminoglycoside antibiotic; antibiotic inactivation,matched,aadA11,Aminoglycoside,exact,High,,,13,2.38,Pseudomonas monteilii,True
ARO:3002612,aadA12,protein homolog model,aminoglycoside antibiotic; antibiotic inactivation,matched,aadA12,Aminoglycoside,exact,High,,,5,0.15,Escherichia coli,True
ARO:3002613,aadA13,protein homolog model,aminoglycoside antibiotic; antibiotic inactivation,matched,aadA13,Aminoglycoside,exact,High,,,13,14.29,Pseudomonas mendocina,True
ARO:3002614,aadA14,protein homolog model,aminoglycoside antibiotic; antibiotic inactivation,matched,aadA14,Aminoglycoside,exact,High,,,1,0.17,Proteus mirabilis,True
ARO:3002615,aadA15,protein homolog model,aminoglycoside antibiotic; antibiotic inactivation,matched,aadA15,Aminoglycoside,exact,High,,,11,0.54,Aeromonas caviae,True
ARO:3002616,aadA16,protein homolog model,aminoglycoside antibiotic; antibiotic inactivation,matched,aadA16,Aminoglycoside,exact,High,,,39,10.75,Aeromonas caviae,True
ARO:3002617,aadA17,protein homolog model,aminoglycoside antibiotic; antibiotic inactivation,matched,aadA17,Aminoglycoside,exact,High,,,6,2.94,Avibacterium paragallinarum,True
ARO:3002619,aadA22,protein homolog model,aminoglycoside antibiotic; antibiotic inactivation,matched,aadA22,Aminoglycoside,exact,High,,,17,2.17,Escherichia fergusonii,True
ARO:3002620,aadA23,protein homolog model,aminoglycoside antibiotic; antibiotic inactivation,matched,aadA23,Aminoglycoside,exact,High,,,4,2.22,Shigella boydii,True
ARO:3002621,aadA24,protein homolog model,aminoglycoside antibiotic; antibiotic inactivation,matched,aadA24,Aminoglycoside,exact,High,,,7,0.08,Escherichia coli,True
ARO:3002623,ANT(4')-Ia,protein homolog model,aminoglycoside antibiotic; antibiotic inactivation,matched,aadD,Aminoglycoside,alias_bridge,Medium,,,24,17.74,Staphylococcus epidermidis,True
ARO:3002625,ANT(4')-IIb,protein homolog model,aminoglycoside antibiotic; antibiotic inactivation,matched,ant(4')-IIb,Aminoglycoside,case_insensitive,High,,,4,2.38,Pseudomonas monteilii,True
ARO:3002626,ANT(6)-Ia,protein homolog model,aminoglycoside antibiotic; antibiotic inactivation,matched,ant(6)-Ia,Aminoglycoside,case_insensitive,High,aadE,,26,33.33,Ligilactobacillus animalis,True
ARO:3002627,aadK,protein homolog model,aminoglycoside antibiotic; antibiotic inactivation,matched,aadK,Aminoglycoside,exact,High,,,3,72.83,Bacillus subtilis,True
ARO:3002629,ANT(6)-Ib,protein homolog model,aminoglycoside antibiotic; antibiotic inactivation,matched,ant(6)-Ib,Aminoglycoside,case_insensitive,High,,,5,4.65,Erysipelatoclostridium ramosum,True
ARO:3002630,ANT(9)-Ia,protein homolog model,aminoglycoside antibiotic; antibiotic inactivation,matched,spc,Aminoglycoside,alias_bridge,Medium,,,18,15.79,Enterococcus avium,True
ARO:3002634,APH(2'')-Ie,protein homolog model,aminoglycoside antibiotic; antibiotic inactivation,matched,aph(2'')-Ie,Aminoglycoside,case_insensitive,High,,,1,0.14,Enterococcus faecium,True
ARO:3002639,APH(3'')-Ib,protein homolog model,aminoglycoside antibiotic; antibiotic inactivation,matched,strA,Aminoglycoside,alias_bridge,Medium,aph(6)-Ia,,106,100.0,Actinobacillus indolicus,True
ARO:3002640,APH(3'')-Ic,protein homolog model,aminoglycoside antibiotic; antibiotic inactivation,matched,aph(3'')-Ic,Aminoglycoside,case_insensitive,High,,,1,93.1,Mycolicibacterium fortuitum,True
ARO:3002641,APH(3')-Ia,protein homolog model,aminoglycoside antibiotic; antibiotic inactivation,matched,aph(3')-Ia,Aminoglycoside,case_insensitive,High,,,98,60.0,Corynebacterium urealyticum,True
ARO:3002642,APH(3')-Ib,protein homolog model,aminoglycoside antibiotic; antibiotic inactivation,matched,aph(3')-Ib,Aminoglycoside,case_insensitive,High,,,11,4.76,Pseudomonas monteilii,True
ARO:3002644,APH(3')-IIa,protein homolog model,aminoglycoside antibiotic; antibiotic inactivation,matched,aph(3')-IIa,Aminoglycoside,case_insensitive,High,,,37,2.63,Acinetobacter lwoffii,True
ARO:3002645,APH(3')-IIb,protein homolog model,aminoglycoside antibiotic; antibiotic inactivation,matched,aph(3')-IIb,Aminoglycoside,case_insensitive,High,,,2,67.3,Pseudomonas aeruginosa,True
ARO:3002646,APH(3')-IIc,protein homolog model,aminoglycoside antibiotic; antibiotic inactivation,matched,aph(3')-IIc,Aminoglycoside,case_insensitive,High,,,1,3.86,Stenotrophomonas maltophilia,True
ARO:3002652,APH(3')-VIa,protein homolog model,aminoglycoside antibiotic; antibiotic inactivation,matched,aph(3')-VIa,Aminoglycoside,case_insensitive,High,,,43,50.0,Acinetobacter wuhouensis,True
ARO:3002653,APH(3')-VIb,protein homolog model,aminoglycoside antibiotic; antibiotic inactivation,matched,aph(3')-VIb,Aminoglycoside,case_insensitive,High,,,16,12.5,Proteus penneri,True
ARO:3002654,APH(3')-VIIa,protein homolog model,aminoglycoside antibiotic; antibiotic inactivation,matched,aph(3')-VIIa,Aminoglycoside,case_insensitive,High,,,1,0.79,Campylobacter coli,True
ARO:3002655,APH(4)-Ia,protein homolog model,aminoglycoside antibiotic; antibiotic inactivation,matched,aph(4)-Ia,Aminoglycoside,case_insensitive,High,,,31,25.0,Proteus penneri,True
ARO:3002659,APH(6)-Ic,protein homolog model,aminoglycoside antibiotic; antibiotic inactivation,matched,aph(6)-Ic,Aminoglycoside,case_insensitive,High,str,,10,2.63,Acinetobacter lwoffii,True
ARO:3002660,APH(6)-Id,protein homolog model,aminoglycoside antibiotic; antibiotic inactivation,matched,strB,Aminoglycoside,alias_bridge,Medium,,,110,60.0,Corynebacterium urealyticum,True
ARO:3002662,APH(9)-Ia,protein homolog model,aminoglycoside antibiotic; antibiotic inactivation,matched,aph(9)-Ia,Aminoglycoside,case_insensitive,High,,,1,1.85,Legionella pneumophila,True
ARO:3002666,rmtF,protein homolog model,aminoglycoside antibiotic; antibiotic target alteration,matched,rmtF,Aminoglycoside,exact,High,,,5,1.46,Klebsiella pneumoniae,True
ARO:3002667,rmtD,protein homolog model,aminoglycoside antibiotic; antibiotic target alteration,matched,rmtD,Aminoglycoside,exact,High,,,4,0.88,Burkholderia cenocepacia,True
ARO:3002668,rmtG,protein homolog model,aminoglycoside antibiotic; antibiotic target alteration,matched,rmtG,Aminoglycoside,exact,High,,,8,2.27,Providencia stuartii,True
ARO:3002675,catB2,protein homolog model,antibiotic inactivation; phenicol antibiotic,matched,catB2,Phenicol resistance,exact,High,,,25,14.29,Providencia heimbachae,True
ARO:3002676,catB3,protein homolog model,antibiotic inactivation; phenicol antibiotic,matched,catB3,Phenicol resistance,exact,High,,,48,47.33,Achromobacter xylosoxidans,True
ARO:3002680,catB8,protein homolog model,antibiotic inactivation; phenicol antibiotic,matched,catB8,Phenicol resistance,exact,High,,,20,15.59,Aeromonas caviae,True
ARO:3002681,catB9,protein homolog model,antibiotic inactivation; phenicol antibiotic,matched,catB9,Phenicol resistance,exact,High,,,1,46.33,Vibrio cholerae,True
ARO:3002683,catA1,protein homolog model,antibiotic inactivation; phenicol antibiotic,matched,catA1,Phenicol resistance,exact,High,,,52,68.48,Shigella flexneri,True
ARO:3002686,catP,protein homolog model,antibiotic inactivation; phenicol antibiotic,matched,catP,Phenicol resistance,exact,High,,,8,2.94,Avibacterium paragallinarum,True
ARO:3002687,catQ,protein homolog model,antibiotic inactivation; phenicol antibiotic,matched,catQ,Phenicol resistance,exact,High,,,5,0.9,Streptococcus agalactiae,True
ARO:3002688,catS,protein homolog model,antibiotic inactivation; phenicol antibiotic,matched,catS,Phenicol resistance,exact,High,,,6,100.0,Neisseria brasiliensis,True
ARO:3002693,cmlA1,protein homolog model,antibiotic efflux; phenicol antibiotic,matched,cmlA1,Phenicol resistance,exact,High,,,25,18.75,Citrobacter youngae,True
ARO:3002703,cmx,protein homolog model,antibiotic efflux; phenicol antibiotic,matched,cmx,Phenicol resistance,exact,High,,,20,80.0,Corynebacterium urealyticum,True
ARO:3002704,fexA,protein homolog model,antibiotic efflux; phenicol antibiotic,matched,fexA,Phenicol resistance,exact,High,,,21,5.56,Enterococcus hirae,True
ARO:3002705,floR,protein homolog model,antibiotic efflux; phenicol antibiotic,matched,floR,Phenicol resistance,exact,High,,,47,21.53,Vibrio cholerae,True
ARO:3002707,QnrA1,protein homolog model,antibiotic target protection; fluoroquinolone antibiotic,matched,qnrA1,Quinolone,case_insensitive,High,,,26,10.26,Citrobacter werkmanii,True
ARO:3002708,QnrA2,protein homolog model,antibiotic target protection; fluoroquinolone antibiotic,matched,qnrA2,Quinolone,case_insensitive,High,,,2,0.13,Klebsiella quasipneumoniae,True
ARO:3002709,QnrA3,protein homolog model,antibiotic target protection; fluoroquinolone antibiotic,matched,qnrA3,Quinolone,case_insensitive,High,,,6,0.39,Citrobacter freundii,True
ARO:3002712,QnrA6,protein homolog model,antibiotic target protection; fluoroquinolone antibiotic,matched,qnrA6,Quinolone,case_insensitive,High,,,2,0.9,Citrobacter koseri,True
ARO:3002714,QnrB1,protein homolog model,antibiotic target protection; fluoroquinolone antibiotic,matched,qnrB1,Quinolone,case_insensitive,High,,,22,10.66,Klebsiella quasipneumoniae,True
ARO:3002715,QnrB2,protein homolog model,antibiotic target protection; fluoroquinolone antibiotic,matched,qnrB2,Quinolone,case_insensitive,High,,,9,0.85,Klebsiella pneumoniae,True
ARO:3002716,QnrB3,protein homolog model,antibiotic target protection; fluoroquinolone antibiotic,matched,qnrB3,Quinolone,case_insensitive,High,,,2,0.19,Citrobacter freundii,True
ARO:3002718,QnrB4,protein homolog model,antibiotic target protection; fluoroquinolone antibiotic,matched,qnrB4,Quinolone,case_insensitive,High,,,28,12.5,Citrobacter youngae,True
ARO:3002719,QnrB5,protein homolog model,antibiotic target protection; fluoroquinolone antibiotic,matched,qnrB5,Quinolone,case_insensitive,High,,,2,0.01,Escherichia coli,True
ARO:3002720,QnrB6,protein homolog model,antibiotic target protection; fluoroquinolone antibiotic,matched,qnrB6,Quinolone,case_insensitive,High,,,23,9.91,Citrobacter portucalensis,True
ARO:3002721,QnrB7,protein homolog model,antibiotic target protection; fluoroquinolone antibiotic,matched,qnrB7,Quinolone,case_insensitive,High,,,3,1.09,Escherichia fergusonii,True
ARO:3002723,QnrB9,protein homolog model,antibiotic target protection; fluoroquinolone antibiotic,matched,qnrB9,Quinolone,case_insensitive,High,,,3,0.39,Citrobacter freundii,True
ARO:3002724,QnrB10,protein homolog model,antibiotic target protection; fluoroquinolone antibiotic,matched,qnrB10,Quinolone,case_insensitive,High,,,29,8.0,Enterobacter chengduensis,True
ARO:3002726,QnrB12,protein homolog model,antibiotic target protection; fluoroquinolone antibiotic,matched,qnrB12,Quinolone,case_insensitive,High,,,5,43.59,Citrobacter werkmanii,True
ARO:3002727,QnrB13,protein homolog model,antibiotic target protection; fluoroquinolone antibiotic,matched,qnrB13,Quinolone,case_insensitive,High,,,2,5.41,Citrobacter portucalensis,True
ARO:3002731,QnrB16,protein homolog model,antibiotic target protection; fluoroquinolone antibiotic,matched,qnrB16,Quinolone,case_insensitive,High,,,2,5.41,Citrobacter portucalensis,True
ARO:3002732,QnrB17,protein homolog model,antibiotic target protection; fluoroquinolone antibiotic,matched,qnrB17,Quinolone,case_insensitive,High,,,14,15.32,Citrobacter portucalensis,True
ARO:3002733,QnrB18,protein homolog model,antibiotic target protection; fluoroquinolone antibiotic,matched,qnrB18,Quinolone,case_insensitive,High,,,1,9.01,Citrobacter portucalensis,True
ARO:3002734,QnrB19,protein homolog model,antibiotic target protection; fluoroquinolone antibiotic,matched,qnrB19,Quinolone,case_insensitive,High,,,11,0.81,Aeromonas hydrophila,True
ARO:3002735,QnrB20,protein homolog model,antibiotic target protection; fluoroquinolone antibiotic,matched,qnrB20,Quinolone,case_insensitive,High,,,23,10.81,Citrobacter portucalensis,True
ARO:3002736,QnrB21,protein homolog model,antibiotic target protection; fluoroquinolone antibiotic,matched,qnrB21,Quinolone,case_insensitive,High,,,1,0.58,Citrobacter freundii,True
ARO:3002742,QnrB27,protein homolog model,antibiotic target protection; fluoroquinolone antibiotic,matched,qnrB27,Quinolone,case_insensitive,High,,,1,0.19,Citrobacter freundii,True
ARO:3002743,QnrB28,protein homolog model,antibiotic target protection; fluoroquinolone antibiotic,matched,qnrB28,Quinolone,case_insensitive,High,,,1,0.39,Citrobacter freundii,True
ARO:3002744,QnrB29,protein homolog model,antibiotic target protection; fluoroquinolone antibiotic,matched,qnrB29,Quinolone,case_insensitive,High,,,1,1.8,Citrobacter portucalensis,True
ARO:3002745,QnrB30,protein homolog model,antibiotic target protection; fluoroquinolone antibiotic,matched,qnrB30,Quinolone,case_insensitive,High,,,1,1.8,Citrobacter portucalensis,True
ARO:3002747,QnrB32,protein homolog model,antibiotic target protection; fluoroquinolone antibiotic,matched,qnrB32,Quinolone,case_insensitive,High,,,1,0.01,Klebsiella pneumoniae,True
ARO:3002749,QnrB34,protein homolog model,antibiotic target protection; fluoroquinolone antibiotic,matched,qnrB34,Quinolone,case_insensitive,High,,,1,10.26,Citrobacter werkmanii,True
ARO:3002750,QnrB35,protein homolog model,antibiotic target protection; fluoroquinolone antibiotic,matched,qnrB35,Quinolone,case_insensitive,High,,,1,1.74,Citrobacter freundii,True
ARO:3002753,QnrB38,protein homolog model,antibiotic target protection; fluoroquinolone antibiotic,matched,qnrB38,Quinolone,case_insensitive,High,,,2,11.61,Citrobacter freundii,True
ARO:3002769,QnrB56,protein homolog model,antibiotic target protection; fluoroquinolone antibiotic,matched,qnrB56,Quinolone,case_insensitive,High,,,1,0.0,Citrobacter freundii,True
ARO:3002770,QnrB57,protein homolog model,antibiotic target protection; fluoroquinolone antibiotic,matched,qnrB57,Quinolone,case_insensitive,High,,,1,0.9,Citrobacter portucalensis,True
ARO:3002771,QnrB58,protein homolog model,antibiotic target protection; fluoroquinolone antibiotic,matched,qnrB58,Quinolone,case_insensitive,High,,,1,0.9,Citrobacter portucalensis,True
ARO:3002773,QnrB60,protein homolog model,antibiotic target protection; fluoroquinolone antibiotic,matched,qnrB60,Quinolone,case_insensitive,High,,,1,0.19,Citrobacter freundii,True
ARO:3002777,QnrB65,protein homolog model,antibiotic target protection; fluoroquinolone antibiotic,matched,qnrB65,Quinolone,case_insensitive,High,,,1,2.56,Citrobacter werkmanii,True
ARO:3002778,QnrB66,protein homolog model,antibiotic target protection; fluoroquinolone antibiotic,matched,qnrB66,Quinolone,case_insensitive,High,,,1,0.04,Enterobacter hormaechei,True
ARO:3002781,QnrB69,protein homolog model,antibiotic target protection; fluoroquinolone antibiotic,matched,qnrB69,Quinolone,case_insensitive,High,,,3,0.39,Citrobacter freundii,True
ARO:3002787,QnrC,protein homolog model,antibiotic target protection; fluoroquinolone antibiotic,matched,qnrC,Quinolone,case_insensitive,High,,,1,1.03,Vibrio parahaemolyticus,True
ARO:3002790,QnrS1,protein homolog model,antibiotic target protection; fluoroquinolone antibiotic,matched,qnrS1,Quinolone,case_insensitive,High,,,37,22.22,Shigella boydii,True
ARO:3002791,QnrS2,protein homolog model,antibiotic target protection; fluoroquinolone antibiotic,matched,qnrS2,Quinolone,case_insensitive,High,,,21,8.06,Aeromonas caviae,True
ARO:3002793,QnrS4,protein homolog model,antibiotic target protection; fluoroquinolone antibiotic,matched,qnrS4,Quinolone,case_insensitive,High,,,1,0.02,Escherichia coli,True
ARO:3002794,QnrS5,protein homolog model,antibiotic target protection; fluoroquinolone antibiotic,matched,qnrS5,Quinolone,case_insensitive,High,,,3,0.79,Vibrio alginolyticus,True
ARO:3002799,QnrVC1,protein homolog model,antibiotic target protection; fluoroquinolone antibiotic,matched,qnrVC1,Quinolone,case_insensitive,High,,,18,7.14,Pseudomonas mendocina,True
ARO:3002801,QnrVC4,protein homolog model,antibiotic target protection; fluoroquinolone antibiotic,matched,qnrVC4,Quinolone,case_insensitive,High,,,15,4.54,Vibrio cholerae,True
ARO:3002802,QnrVC5,protein homolog model,antibiotic target protection; fluoroquinolone antibiotic,matched,qnrVC5,Quinolone,case_insensitive,High,,,5,1.33,Vibrio fluvialis,True
ARO:3002804,FosA2,protein homolog model,antibiotic inactivation; phosphonic acid antibiotic,matched,fosA2,Fosfomycin resistance,case_insensitive,High,,,11,85.71,Enterobacter cancerogenus,True
ARO:3002813,lmrB,protein homolog model,antibiotic efflux; lincosamide antibiotic; nucleoside antibiotic,matched,lmr(B),Macrolide resistance,loose,High,,,1,3.47,Bacillus subtilis,True
ARO:3002819,msrC,protein homolog model,antibiotic target protection; macrolide antibiotic; streptogramin antibiotic; streptogramin B antibiotic,matched,msr(C),Macrolide resistance,loose,High,,,1,0.92,Enterococcus faecium,True
ARO:3002830,vgaALC,protein homolog model,antibiotic target protection; lincosamide antibiotic; pleuromutilin antibiotic; streptogramin A antibiotic; streptogramin antibiotic,matched,vga(A)LC,Macrolide resistance,loose,High,,,5,5.49,Staphylococcus haemolyticus,True
ARO:3002831,vgaC,protein homolog model,antibiotic target protection; lincosamide antibiotic; pleuromutilin antibiotic; streptogramin A antibiotic; streptogramin antibiotic,matched,vga(C),Macrolide resistance,loose,High,,,1,0.01,Staphylococcus aureus,True
ARO:3002833,vgaE,protein homolog model,antibiotic target protection; lincosamide antibiotic; pleuromutilin antibiotic; streptogramin A antibiotic; streptogramin antibiotic,matched,vga(E),Macrolide resistance,loose,High,,,1,0.22,Staphylococcus aureus,True
ARO:3002835,lnuA,protein homolog model,antibiotic inactivation; lincosamide antibiotic,matched,lnu(A),Macrolide resistance,loose,High,,,27,17.24,Lactobacillus johnsonii,True
ARO:3002836,lnuB,protein homolog model,antibiotic inactivation; lincosamide antibiotic,matched,lnu(B),Macrolide resistance,loose,High,,,22,33.33,Streptococcus porcinus,True
ARO:3002837,lnuC,protein homolog model,antibiotic inactivation; lincosamide antibiotic,matched,lnu(C),Macrolide resistance,loose,High,,,27,35.0,Streptococcus pasteurianus,True
ARO:3002838,lnuD,protein homolog model,antibiotic inactivation; lincosamide antibiotic,matched,lnu(D),Macrolide resistance,loose,High,,,1,6.25,Streptococcus uberis,True
ARO:3002839,lnuF,protein homolog model,antibiotic inactivation; lincosamide antibiotic,matched,lnu(F),Macrolide resistance,loose,High,,,7,11.11,Proteus vulgaris,True
ARO:3002840,vatA,protein homolog model,antibiotic inactivation; streptogramin A antibiotic; streptogramin antibiotic,matched,vat(A),Macrolide resistance,loose,High,,,1,0.04,Enterococcus faecalis,True
ARO:3002841,vatB,protein homolog model,antibiotic inactivation; streptogramin A antibiotic; streptogramin antibiotic,matched,vat(B),Macrolide resistance,loose,High,,,2,0.75,Staphylococcus epidermidis,True
ARO:3002843,vatD,protein homolog model,antibiotic inactivation; streptogramin A antibiotic; streptogramin antibiotic,matched,vat(D),Macrolide resistance,loose,High,,,2,0.34,Enterococcus faecium,True
ARO:3002844,vatE,protein homolog model,antibiotic inactivation; streptogramin A antibiotic; streptogramin antibiotic,matched,vat(E),Macrolide resistance,loose,High,,,6,24.14,Lactobacillus johnsonii,True
ARO:3002846,arr-1,protein homolog model,antibiotic inactivation; rifamycin antibiotic,matched,ARR-1,Rifampicin resistance,case_insensitive,High,,,2,100.0,Mycolicibacterium septicum,True
ARO:3002847,arr-2,protein homolog model,antibiotic inactivation; rifamycin antibiotic,matched,ARR-2,Rifampicin resistance,case_insensitive,High,,,34,14.01,Providencia rettgeri,True
ARO:3002848,arr-3,protein homolog model,antibiotic inactivation; rifamycin antibiotic,matched,ARR-3,Rifampicin resistance,case_insensitive,High,,,52,50.0,Acinetobacter wuhouensis,True
ARO:3002849,arr-4,protein homolog model,antibiotic inactivation; rifamycin antibiotic,matched,ARR-4,Rifampicin resistance,case_insensitive,High,,,4,7.14,Pseudomonas mendocina,True
ARO:3002850,arr-5,protein homolog model,antibiotic inactivation; rifamycin antibiotic,matched,ARR-5,Rifampicin resistance,case_insensitive,High,,,2,2.23,Serratia marcescens,True
ARO:3002852,arr-7,protein homolog model,antibiotic inactivation; rifamycin antibiotic,matched,ARR-7,Rifampicin resistance,case_insensitive,High,,,1,0.03,Pseudomonas aeruginosa,True
ARO:3002854,dfrA1,protein homolog model,antibiotic target replacement; diaminopyrimidine antibiotic,matched,dfrA1,Trimethoprim resistance,exact,High,,,56,74.43,Shigella sonnei,True
ARO:3002856,dfrA24,protein homolog model,antibiotic target replacement; diaminopyrimidine antibiotic,matched,dfrA24,Trimethoprim resistance,exact,High,,,2,0.06,Escherichia coli,True
ARO:3002857,dfrA26,protein homolog model,antibiotic target replacement; diaminopyrimidine antibiotic,matched,dfrA26,Trimethoprim resistance,exact,High,,,5,0.39,Klebsiella quasipneumoniae,True
ARO:3002858,dfrA12,protein homolog model,antibiotic target replacement; diaminopyrimidine antibiotic,matched,dfrA12,Trimethoprim resistance,exact,High,,,44,28.21,Citrobacter werkmanii,True
ARO:3002859,dfrA14,protein homolog model,antibiotic target replacement; diaminopyrimidine antibiotic,matched,dfrA14,Trimethoprim resistance,exact,High,,,46,31.03,Histophilus somni,True
ARO:3002860,dfrA17,protein homolog model,antibiotic target replacement; diaminopyrimidine antibiotic,matched,dfrA17,Trimethoprim resistance,exact,High,,,33,7.75,Escherichia coli,True
ARO:3002861,dfrA5,protein homolog model,antibiotic target replacement; diaminopyrimidine antibiotic,matched,dfrA5,Trimethoprim resistance,exact,High,,,26,5.56,Proteus vulgaris,True
ARO:3002862,dfrA7,protein homolog model,antibiotic target replacement; diaminopyrimidine antibiotic,matched,dfrA7,Trimethoprim resistance,exact,High,,,13,5.13,Citrobacter werkmanii,True
ARO:3002863,dfrA8,protein homolog model,antibiotic target replacement; diaminopyrimidine antibiotic,matched,dfrA8,Trimethoprim resistance,exact,High,,,14,2.41,Shigella sonnei,True
ARO:3002864,dfrB1,protein homolog model,antibiotic target replacement; diaminopyrimidine antibiotic,matched,dfrB1,Trimethoprim resistance,exact,High,,,15,1.74,Citrobacter freundii,True
ARO:3002865,dfrC,protein homolog model,antibiotic target replacement; diaminopyrimidine antibiotic,matched,dfrC,Trimethoprim resistance,exact,High,,,13,67.45,Staphylococcus epidermidis,True
ARO:3002866,dfrD,protein homolog model,antibiotic target replacement; diaminopyrimidine antibiotic,matched,dfrD,Trimethoprim resistance,exact,High,,,1,0.12,Enterococcus faecalis,True
ARO:3002868,dfrG,protein homolog model,antibiotic target replacement; diaminopyrimidine antibiotic,matched,dfrG,Trimethoprim resistance,exact,High,,,26,43.59,Staphylococcus pseudintermedius,True
ARO:3002869,dfrK,protein homolog model,antibiotic target replacement; diaminopyrimidine antibiotic,matched,dfrK,Trimethoprim resistance,exact,High,,,11,2.5,Staphylococcus arlettae,True
ARO:3002872,FosA3,protein homolog model,antibiotic inactivation; phosphonic acid antibiotic,matched,fosA3,Fosfomycin resistance,case_insensitive,High,,,28,12.5,Proteus penneri,True
ARO:3002873,FosB3,protein homolog model,antibiotic inactivation; phosphonic acid antibiotic,matched,fosB3,Fosfomycin resistance,case_insensitive,High,,,3,0.1,Enterococcus faecium,True
ARO:3002874,FosC2,protein homolog model,antibiotic inactivation; phosphonic acid antibiotic,matched,fosC2,Fosfomycin resistance,case_insensitive,High,,,1,0.01,Pseudomonas aeruginosa,True
ARO:3002875,dfrE,protein homolog model,antibiotic target replacement; diaminopyrimidine antibiotic,matched,dfrE,Trimethoprim resistance,exact,High,,,1,43.58,Enterococcus faecalis,True
ARO:3002907,vanE,protein homolog model,antibiotic target alteration; glycopeptide antibiotic,matched,VanE,Glycopeptide,case_insensitive,High,,,2,100.0,Enterococcus pallens,True
ARO:3002909,vanG,protein homolog model,antibiotic target alteration; glycopeptide antibiotic,matched,VanG,Glycopeptide,case_insensitive,High,,,76,100.0,Shigella dysenteriae,True
ARO:3002910,vanL,protein homolog model,antibiotic target alteration; glycopeptide antibiotic,matched,VanL,Glycopeptide,case_insensitive,High,,,1,75.0,Enterococcus gilvus,True
ARO:3002911,vanM,protein homolog model,antibiotic target alteration; glycopeptide antibiotic,matched,VanM,Glycopeptide,case_insensitive,High,,,3,5.88,Brevibacillus laterosporus,True
ARO:3002912,vanN,protein homolog model,antibiotic target alteration; glycopeptide antibiotic,matched,VanN,Glycopeptide,case_insensitive,High,,,2,1.75,Enterococcus avium,True
ARO:3002919,vanR gene in vanA cluster,protein homolog model,antibiotic target alteration; glycopeptide antibiotic,matched,VanR-A,Glycopeptide,van_structural,High,,,11,28.44,Enterococcus faecium,True
ARO:3002921,vanR gene in vanB cluster,protein homolog model,antibiotic target alteration; glycopeptide antibiotic,matched,VanR-B,Glycopeptide,van_structural,High,,,3,4.38,Enterococcus faecium,True
ARO:3002923,vanR gene in vanD cluster,protein homolog model,antibiotic target alteration; glycopeptide antibiotic,matched,VanR-D,Glycopeptide,van_structural,High,,,5,27.27,Blautia producta,True
ARO:3002925,vanR gene in vanF cluster,protein homolog model,antibiotic target alteration; glycopeptide antibiotic,matched,VanR-F,Glycopeptide,van_structural,High,,,1,20.59,Brevibacillus laterosporus,True
ARO:3002926,vanR gene in vanG cluster,protein homolog model,antibiotic target alteration; glycopeptide antibiotic,matched,VanR-G,Glycopeptide,van_structural,High,,,2,0.0,Streptococcus agalactiae,True
ARO:3002928,vanR gene in vanM cluster,protein homolog model,antibiotic target alteration; glycopeptide antibiotic,matched,VanR-M,Glycopeptide,van_structural,High,,,2,0.17,Enterococcus faecium,True
ARO:3002929,vanR gene in vanN cluster,protein homolog model,antibiotic target alteration; glycopeptide antibiotic,matched,VanR-N,Glycopeptide,van_structural,High,,,1,0.03,Enterococcus faecium,True
ARO:3002931,vanS gene in vanA cluster,protein homolog model,antibiotic target alteration; glycopeptide antibiotic,matched,VanS-A,Glycopeptide,van_structural,High,,,5,15.51,Enterococcus faecium,True
ARO:3002932,vanS gene in vanB cluster,protein homolog model,antibiotic target alteration; glycopeptide antibiotic,matched,VanS-B,Glycopeptide,van_structural,High,,,3,4.38,Enterococcus faecium,True
ARO:3002937,vanS gene in vanG cluster,protein homolog model,antibiotic target alteration; glycopeptide antibiotic,matched,VanS-G,Glycopeptide,van_structural,High,,,1,0.0,Streptococcus anginosus,True
ARO:3002939,vanS gene in vanM cluster,protein homolog model,antibiotic target alteration; glycopeptide antibiotic,matched,VanS-M,Glycopeptide,van_structural,High,,,1,0.27,Enterococcus faecium,True
ARO:3002942,vanH gene in vanA cluster,protein homolog model,antibiotic target alteration; glycopeptide antibiotic,matched,VanH-A,Glycopeptide,van_structural,High,,,9,28.71,Enterococcus faecium,True
ARO:3002943,vanH gene in vanB cluster,protein homolog model,antibiotic target alteration; glycopeptide antibiotic,matched,VanH-B,Glycopeptide,van_structural,High,,,9,88.0,Alistipes putredinis,True
ARO:3002944,vanH gene in vanD cluster,protein homolog model,antibiotic target alteration; glycopeptide antibiotic,matched,VanH-D,Glycopeptide,van_structural,High,,,9,51.16,Erysipelatoclostridium ramosum,True
ARO:3002947,vanH gene in vanM cluster,protein homolog model,antibiotic target alteration; glycopeptide antibiotic,matched,VanH-M,Glycopeptide,van_structural,High,,,5,91.45,Clostridium sporogenes,True
ARO:3002949,vanX gene in vanA cluster,protein homolog model,antibiotic target alteration; glycopeptide antibiotic,matched,VanX-A,Glycopeptide,van_structural,High,,,7,28.74,Enterococcus faecium,True
ARO:3002950,vanX gene in vanB cluster,protein homolog model,antibiotic target alteration; glycopeptide antibiotic,matched,VanX-B,Glycopeptide,van_structural,High,,,3,4.45,Enterococcus faecium,True
ARO:3002953,vanX gene in vanM cluster,protein homolog model,antibiotic target alteration; glycopeptide antibiotic,matched,VanX-M,Glycopeptide,van_structural,High,,,3,0.2,Enterococcus faecium,True
ARO:3002955,vanY gene in vanA cluster,protein homolog model,antibiotic target alteration; glycopeptide antibiotic,matched,VanY-A,Glycopeptide,van_structural,High,,,39,100.0,Herbinix luporum,True
ARO:3002956,vanY gene in vanB cluster,protein homolog model,antibiotic target alteration; glycopeptide antibiotic,matched,VanY-B,Glycopeptide,van_structural,High,,,88,100.0,Mycolicibacterium septicum,True
ARO:3002957,vanY gene in vanD cluster,protein homolog model,antibiotic target alteration; glycopeptide antibiotic,matched,VanY-D,Glycopeptide,van_structural,High,,,4,27.27,Blautia producta,True
ARO:3002958,vanY gene in vanF cluster,protein homolog model,antibiotic target alteration; glycopeptide antibiotic,matched,VanY-F,Glycopeptide,van_structural,High,,,31,98.84,Streptococcus iniae,True
ARO:3002959,vanY gene in vanG cluster,protein homolog model,antibiotic target alteration; glycopeptide antibiotic,matched,VanY-G,Glycopeptide,van_structural,High,,,36,100.0,Paenibacillus mucilaginosus,True
ARO:3002961,vanY gene in vanM cluster,protein homolog model,antibiotic target alteration; glycopeptide antibiotic,matched,VanY-M,Glycopeptide,van_structural,High,,,62,100.0,Streptococcus cristatus,True
ARO:3002962,vanZ gene in vanA cluster,protein homolog model,antibiotic target alteration; glycopeptide antibiotic,matched,VanZ-A,Glycopeptide,van_structural,High,,,6,24.6,Enterococcus faecium,True
ARO:3002963,vanZ gene in vanF cluster,protein homolog model,antibiotic target alteration; glycopeptide antibiotic,matched,VanZ-F,Glycopeptide,van_structural,High,,,1,14.71,Brevibacillus laterosporus,True
ARO:3002964,vanW gene in vanB cluster,protein homolog model,antibiotic target alteration; glycopeptide antibiotic,matched,VanW-B,Glycopeptide,van_structural,High,,,14,100.0,Dysosmobacter welbionis,True
ARO:3002965,vanW gene in vanG cluster,protein homolog model,antibiotic target alteration; glycopeptide antibiotic,matched,VanW-G,Glycopeptide,van_structural,High,,,50,100.0,Proteus penneri,True
ARO:3002966,vanXY gene in vanC cluster,protein homolog model,antibiotic target alteration; glycopeptide antibiotic,matched,VanXY-C,Glycopeptide,van_structural,High,,,1,75.0,Enterococcus gilvus,True
ARO:3002968,vanXY gene in vanL cluster,protein homolog model,antibiotic target alteration; glycopeptide antibiotic,matched,VanXY-L,Glycopeptide,van_structural,High,,,1,1.75,Enterococcus avium,True
ARO:3002969,vanXY gene in vanN cluster,protein homolog model,antibiotic target alteration; glycopeptide antibiotic,matched,VanXY-N,Glycopeptide,van_structural,High,,,1,0.03,Enterococcus faecium,True
ARO:3002970,vanT gene in vanC cluster,protein homolog model,antibiotic target alteration; glycopeptide antibiotic,matched,VanT-C,Glycopeptide,van_structural,High,,,1,77.78,Roseburia hominis,True
ARO:3002972,vanT gene in vanG cluster,protein homolog model,antibiotic target alteration; glycopeptide antibiotic,matched,VanT-G,Glycopeptide,van_structural,High,,,153,100.0,Brachyspira pilosicoli,True
ARO:3002974,vanTr gene in vanL cluster,protein homolog model,antibiotic target alteration; glycopeptide antibiotic,matched,VanTr-L,Glycopeptide,van_structural,High,,,1,20.08,Helicobacter pylori,True
ARO:3002975,vanT gene in vanN cluster,protein homolog model,antibiotic target alteration; glycopeptide antibiotic,matched,VanT-N,Glycopeptide,van_structural,High,,,2,75.0,Enterococcus gilvus,True
ARO:3002995,ROB-1,protein homolog model,antibiotic inactivation; cephalosporin; penam,matched,blaROB-1,Beta-Lactamase,debla,High,,,7,100.0,Actinobacillus indolicus,True
ARO:3002997,LCR-1,protein homolog model,antibiotic inactivation; cephalosporin; penam,matched,blaLCR-1,Beta-Lactamase,debla,High,,,1,0.16,Pseudomonas aeruginosa,True
ARO:3003002,CfxA2,protein homolog model,antibiotic inactivation; cephamycin,matched,cfxA2,Beta-Lactamase,case_insensitive,High,,,13,50.0,Prevotella bivia,True
ARO:3003003,CfxA3,protein homolog model,antibiotic inactivation; cephamycin,matched,cfxA3,Beta-Lactamase,case_insensitive,High,,,11,33.33,Capnocytophaga sputigena,True
ARO:3003005,CfxA4,protein homolog model,antibiotic inactivation; cephamycin,matched,cfxA4,Beta-Lactamase,case_insensitive,High,,,7,7.69,Phocaeicola massiliensis,True
ARO:3003011,dfrA10,protein homolog model,antibiotic target replacement; diaminopyrimidine antibiotic,matched,dfrA10,Trimethoprim resistance,exact,High,,,12,4.46,Providencia rettgeri,True
ARO:3003013,dfrA15,protein homolog model,antibiotic target replacement; diaminopyrimidine antibiotic,matched,dfrA15,Trimethoprim resistance,exact,High,,,25,6.25,Citrobacter youngae,True
ARO:3003014,dfrA16,protein homolog model,antibiotic target replacement; diaminopyrimidine antibiotic,matched,dfrA16,Trimethoprim resistance,exact,High,,,20,5.68,Enterobacter kobei,True
ARO:3003016,dfrA20,protein homolog model,antibiotic target replacement; diaminopyrimidine antibiotic,matched,dfrA20,Trimethoprim resistance,exact,High,,,3,1.3,Acinetobacter indicus,True
ARO:3003017,dfrA21,protein homolog model,antibiotic target replacement; diaminopyrimidine antibiotic,matched,dfrA21,Trimethoprim resistance,exact,High,,,12,1.75,Enterobacter kobei,True
ARO:3003018,dfrA22,protein homolog model,antibiotic target replacement; diaminopyrimidine antibiotic,matched,dfrA22,Trimethoprim resistance,exact,High,,,2,0.53,Pseudomonas putida,True
ARO:3003019,dfrA23,protein homolog model,antibiotic target replacement; diaminopyrimidine antibiotic,matched,dfrA23,Trimethoprim resistance,exact,High,,,12,2.56,Citrobacter werkmanii,True
ARO:3003020,dfrA25,protein homolog model,antibiotic target replacement; diaminopyrimidine antibiotic,matched,dfrA25,Trimethoprim resistance,exact,High,,,9,0.28,Klebsiella aerogenes,True
ARO:3003021,dfrB2,protein homolog model,antibiotic target replacement; diaminopyrimidine antibiotic,matched,dfrB2,Trimethoprim resistance,exact,High,,,1,0.34,Pseudomonas aeruginosa,True
ARO:3003022,dfrB3,protein homolog model,antibiotic target replacement; diaminopyrimidine antibiotic,matched,dfrB3,Trimethoprim resistance,exact,High,,,5,0.44,Enterobacter kobei,True
ARO:3003023,dfrB6,protein homolog model,antibiotic target replacement; diaminopyrimidine antibiotic,matched,dfrB6,Trimethoprim resistance,exact,High,,,1,0.0,Pseudomonas aeruginosa,True
ARO:3003069,vanXY gene in vanG cluster,protein homolog model,antibiotic target alteration; glycopeptide antibiotic,matched,VanXY-G,Glycopeptide,van_structural,High,,,8,100.0,Brevibacillus brevis,True
ARO:3003070,vanX gene in vanD cluster,protein homolog model,antibiotic target alteration; glycopeptide antibiotic,matched,VanX-D,Glycopeptide,van_structural,High,,,4,25.58,Enterocloster clostridioformis,True
ARO:3003094,imiH,protein homolog model,antibiotic inactivation; carbapenem,matched,imiH,Beta-Lactamase,exact,High,,,2,32.26,Aeromonas hydrophila,True
ARO:3003095,imiS,protein homolog model,antibiotic inactivation; carbapenem,matched,imiS,Beta-Lactamase,exact,High,,,1,2.42,Aeromonas hydrophila,True
ARO:3003096,CfxA5,protein homolog model,antibiotic inactivation; cephamycin,matched,cfxA5,Beta-Lactamase,case_insensitive,High,,,8,11.54,Phocaeicola massiliensis,True
ARO:3003099,cphA2,protein homolog model,antibiotic inactivation; carbapenem,matched,cphA2,Beta-Lactamase,exact,High,,,2,29.03,Aeromonas hydrophila,True
ARO:3003102,cphA6,protein homolog model,antibiotic inactivation; carbapenem,matched,cphA6,Beta-Lactamase,exact,High,,,1,6.74,Aeromonas veronii,True
ARO:3003103,cphA7,protein homolog model,antibiotic inactivation; carbapenem,matched,cphA7,Beta-Lactamase,exact,High,,,2,6.74,Aeromonas veronii,True
ARO:3003106,Erm(42),protein homolog model,antibiotic target alteration; lincosamide antibiotic; macrolide antibiotic; streptogramin antibiotic,matched,erm(42),Macrolide resistance,case_insensitive,High,,,17,31.03,Histophilus somni,True
ARO:3003107,mef(B),protein homolog model,antibiotic efflux; macrolide antibiotic,matched,mef(B),Macrolide resistance,exact,High,,,12,2.56,Citrobacter werkmanii,True
ARO:3003109,msrE,protein homolog model,antibiotic target protection; macrolide antibiotic; streptogramin antibiotic,matched,msr(E),Macrolide resistance,loose,High,,,51,100.0,Acinetobacter wuhouensis,True
ARO:3003110,catB10,protein homolog model,antibiotic inactivation; phenicol antibiotic,matched,catB10,Phenicol resistance,exact,High,,,1,0.27,Pseudomonas aeruginosa,True
ARO:3003111,lsaB,protein homolog model,antibiotic target protection; lincosamide antibiotic; pleuromutilin antibiotic; streptogramin antibiotic,matched,lsa(B),Macrolide resistance,loose,High,,,1,0.0,Staphylococcus haemolyticus,True
ARO:3003112,lsaC,protein homolog model,antibiotic target protection; lincosamide antibiotic; pleuromutilin antibiotic; streptogramin antibiotic,matched,lsa(C),Macrolide resistance,loose,High,,,3,1.17,Streptococcus anginosus,True
ARO:3003115,OXA-427,protein homolog model,antibiotic inactivation; carbapenem; cephalosporin; penam,matched,blaOXA-427,Beta-Lactamase,debla,High,,,1,0.01,Klebsiella pneumoniae,True
ARO:3003128,OXA-436,protein homolog model,antibiotic inactivation; carbapenem; cephalosporin; penam,matched,blaOXA-436,Beta-Lactamase,debla,High,,,3,1.19,Enterobacter asburiae,True
ARO:3003153,SHV-186,protein homolog model,antibiotic inactivation; carbapenem; cephalosporin; penam,matched,blaSHV-186,Beta-Lactamase,debla,High,,,1,0.0,Klebsiella pneumoniae,True
ARO:3003154,SHV-187,protein homolog model,antibiotic inactivation; carbapenem; cephalosporin; penam,matched,blaSHV-187,Beta-Lactamase,debla,High,,,1,1.33,Klebsiella pneumoniae,True
ARO:3003156,SHV-189,protein homolog model,antibiotic inactivation; carbapenem; cephalosporin; penam,matched,blaSHV-189,Beta-Lactamase,debla,High,,,1,0.01,Klebsiella pneumoniae,True
ARO:3003182,NDM-13,protein homolog model,antibiotic inactivation; carbapenem; cephalosporin; cephamycin; penam,matched,blaNDM-13,Beta-Lactamase,debla,High,,,1,0.02,Escherichia coli,True
ARO:3003183,NDM-14,protein homolog model,antibiotic inactivation; carbapenem; cephalosporin; cephamycin; penam,matched,blaNDM-14,Beta-Lactamase,debla,High,,,1,0.02,Klebsiella pneumoniae,True
ARO:3003193,QnrVC7,protein homolog model,antibiotic target protection; fluoroquinolone antibiotic,matched,qnrVC7,Quinolone,case_insensitive,High,,,5,4.55,Vibrio mimicus,True
ARO:3003198,rmtH,protein homolog model,aminoglycoside antibiotic; antibiotic target alteration,matched,rmtH,Aminoglycoside,exact,High,,,1,0.02,Klebsiella pneumoniae,True
ARO:3003199,AAC(6')-Iak,protein homolog model,aminoglycoside antibiotic; antibiotic inactivation,matched,aac(6')-Iz,Aminoglycoside,alias_bridge,Medium,,,1,2.52,Stenotrophomonas maltophilia,True
ARO:3003209,fosA5,protein homolog model,aminoglycoside antibiotic; antibiotic inactivation; fluoroquinolone antibiotic; phosphonic acid antibiotic,matched,fosA5,Fosfomycin resistance,exact,High,,,13,94.87,Raoultella planticola,True
ARO:3003210,FosA4,protein homolog model,antibiotic inactivation; phosphonic acid antibiotic,matched,fosA4,Fosfomycin resistance,case_insensitive,High,,,7,100.0,Cronobacter universalis,True
ARO:3003552,fusB,protein homolog model,antibiotic target protection; fusidane antibiotic,matched,fusB,Fusidic acid resistance,exact,High,,,9,13.72,Staphylococcus epidermidis,True
ARO:3003559,cepA,protein homolog model,antibiotic inactivation; cephalosporin,matched,cepA,Beta-Lactamase,exact,High,blaCEPA,,1,31.03,Bacteroides fragilis,True
ARO:3003589,NmcA,protein homolog model,antibiotic inactivation; carbapenem; cephalosporin; cephamycin; penam,matched,blaNMC-A,Beta-Lactamase,debla,High,,,2,0.79,Enterobacter asburiae,True
ARO:3003602,OXA-446,protein homolog model,antibiotic inactivation; carbapenem; cephalosporin; penam,matched,blaOXA-446,Beta-Lactamase,debla,High,,,1,1.46,Campylobacter jejuni,True
ARO:3003603,OXA-447,protein homolog model,antibiotic inactivation; carbapenem; cephalosporin; penam,matched,blaOXA-447,Beta-Lactamase,debla,High,,,1,1.14,Campylobacter jejuni,True
ARO:3003604,OXA-448,protein homolog model,antibiotic inactivation; carbapenem; cephalosporin; penam,matched,blaOXA-448,Beta-Lactamase,debla,High,,,1,0.05,Campylobacter jejuni,True
ARO:3003605,OXA-449,protein homolog model,antibiotic inactivation; carbapenem; cephalosporin; penam,matched,blaOXA-449,Beta-Lactamase,debla,High,,,1,0.64,Campylobacter jejuni,True
ARO:3003620,OXA-464,protein homolog model,antibiotic inactivation; carbapenem; cephalosporin; penam,matched,blaOXA-464,Beta-Lactamase,debla,High,,,1,18.7,Aliarcobacter butzleri,True
ARO:3003621,OXA-465,protein homolog model,antibiotic inactivation; carbapenem; cephalosporin; penam,matched,blaOXA-465,Beta-Lactamase,debla,High,,,2,1.1,Campylobacter jejuni,True
ARO:3003622,OXA-466,protein homolog model,antibiotic inactivation; carbapenem; cephalosporin; penam,matched,blaOXA-466,Beta-Lactamase,debla,High,,,1,0.87,Campylobacter jejuni,True
ARO:3003713,VCC-1,protein homolog model,antibiotic inactivation; carbapenem; monobactam; penam,matched,blaVCC-1,Beta-Lactamase,debla,High,,,1,0.26,Vibrio cholerae,True
ARO:3003731,fusD,protein homolog model,antibiotic target protection; fusidane antibiotic,matched,fusD,Fusidic acid resistance,exact,High,,,1,72.03,Staphylococcus saprophyticus,True
ARO:3003733,fusC,protein homolog model,antibiotic target protection; fusidane antibiotic,matched,fusC,Fusidic acid resistance,exact,High,,,6,7.8,Staphylococcus hominis,True
ARO:3003741,mphE,protein homolog model,antibiotic inactivation; macrolide antibiotic,matched,mph(E),Macrolide resistance,loose,High,,,52,100.0,Acinetobacter wuhouensis,True
ARO:3003744,vatF,protein homolog model,antibiotic inactivation; streptogramin A antibiotic; streptogramin antibiotic,matched,vat(F),Macrolide resistance,loose,High,,,2,70.91,Yersinia enterocolitica,True
ARO:3003746,optrA,protein homolog model,antibiotic target protection; oxazolidinone antibiotic; phenicol antibiotic,matched,optrA,Macrolide resistance,exact,High,,,1,0.0,Enterococcus faecalis,True
ARO:3003793,SPM-1,protein homolog model,antibiotic inactivation; carbapenem,matched,blaSPM-1,Beta-Lactamase,debla,High,,,1,0.38,Pseudomonas aeruginosa,True
ARO:3003868,ADC-25,protein homolog model,antibiotic inactivation; cephalosporin,matched,blaADC-25,Beta-Lactamase,debla,High,,,1,1.57,Acinetobacter baumannii,True
ARO:3003918,apmA,protein homolog model,aminoglycoside antibiotic; antibiotic inactivation,matched,apmA,Aminoglycoside,exact,High,,,3,0.15,Staphylococcus aureus,True
ARO:3003922,oqxA,protein homolog model,antibiotic efflux; diaminopyrimidine antibiotic; fluoroquinolone antibiotic; glycylcycline; nitrofuran antibiotic; tetracycline antibiotic,matched,oqxA,Quinolone,exact,High,,,23,100.0,Kosakonia arachidis,True
ARO:3003923,oqxB,protein homolog model,antibiotic efflux; diaminopyrimidine antibiotic; fluoroquinolone antibiotic; glycylcycline; nitrofuran antibiotic; tetracycline antibiotic,matched,oqxB,Quinolone,exact,High,,,10,17.22,Klebsiella pneumoniae,True
ARO:3004103,QepA2,protein homolog model,antibiotic efflux; fluoroquinolone antibiotic,matched,qepA2,Quinolone,case_insensitive,High,,,10,0.64,Enterobacter cloacae,True
ARO:3004105,TMB-1,protein homolog model,antibiotic inactivation; carbapenem; cephalosporin; cephamycin,matched,blaTMB-1,Beta-Lactamase,debla,High,,,2,0.04,Enterobacter hormaechei,True
ARO:3004111,FosA6,protein homolog model,antibiotic inactivation; phosphonic acid antibiotic,matched,fosA6,Fosfomycin resistance,case_insensitive,High,,,5,68.03,Klebsiella quasipneumoniae,True
ARO:3004113,FosA7,protein homolog model,antibiotic inactivation; phosphonic acid antibiotic,matched,fosA7,Fosfomycin resistance,case_insensitive,High,,,13,18.02,Citrobacter koseri,True
ARO:3004191,APH(2'')-If,protein homolog model,aminoglycoside antibiotic; antibiotic inactivation,matched,aph(2'')-If,Aminoglycoside,case_insensitive,High,,,8,4.0,Campylobacter upsaliensis,True
ARO:3004194,MCR-1.2,protein homolog model,antibiotic target alteration; peptide antibiotic,matched,mcr-1.2,Colistin resistance,case_insensitive,High,,,4,0.13,Klebsiella quasipneumoniae,True
ARO:3004253,vanU gene in vanG cluster,protein homolog model,antibiotic target alteration; glycopeptide antibiotic,matched,VanU-G,Glycopeptide,van_structural,High,,,5,11.11,Roseburia hominis,True
ARO:3004379,QepA4,protein homolog model,antibiotic efflux; fluoroquinolone antibiotic,matched,qepA4,Quinolone,case_insensitive,High,,,3,0.15,Escherichia coli,True
ARO:3004470,poxtA,protein homolog model,antibiotic target protection; oxazolidinone antibiotic; phenicol antibiotic; tetracycline antibiotic,matched,poxtA,Macrolide resistance,exact,High,,,8,55.81,Enterocloster clostridioformis,True
ARO:3004498,dfrB4,protein homolog model,antibiotic target replacement; diaminopyrimidine antibiotic,matched,dfrB4,Trimethoprim resistance,exact,High,,,6,1.08,Aeromonas caviae,True
ARO:3004541,mphK,protein homolog model,antibiotic inactivation; macrolide antibiotic,matched,mph(A),Macrolide resistance,alias_bridge,Medium,,,3,86.49,Bacillus halotolerans,True
ARO:3004547,dfrA6,protein homolog model,antibiotic target replacement; diaminopyrimidine antibiotic,matched,dfrA6,Trimethoprim resistance,exact,High,,,11,7.14,Pseudomonas mendocina,True
ARO:3004549,dfrB5,protein homolog model,antibiotic target replacement; diaminopyrimidine antibiotic,matched,dfrB5,Trimethoprim resistance,exact,High,,,4,8.82,Alcaligenes faecalis,True
ARO:3004550,dfrA27,protein homolog model,antibiotic target replacement; diaminopyrimidine antibiotic,matched,dfrA27,Trimethoprim resistance,exact,High,,,37,7.14,Comamonas testosteroni,True
ARO:3004552,dfrA30,protein homolog model,antibiotic target replacement; diaminopyrimidine antibiotic,matched,dfrA30,Trimethoprim resistance,exact,High,,,2,0.98,Klebsiella pneumoniae,True
ARO:3004555,dfrA32,protein homolog model,antibiotic target replacement; diaminopyrimidine antibiotic,matched,dfrA32,Trimethoprim resistance,exact,High,,,10,3.8,Proteus mirabilis,True
ARO:3004568,dfrA18,protein homolog model,antibiotic target replacement; diaminopyrimidine antibiotic,matched,dfrA18,Trimethoprim resistance,exact,High,,,2,0.83,Vibrio cholerae,True
ARO:3004621,AAC(3)-IIe,protein homolog model,aminoglycoside antibiotic; antibiotic inactivation,matched,aac(3)-IIe,Aminoglycoside,case_insensitive,High,,,37,20.0,Enterobacter chengduensis,True
ARO:3004623,AAC(3)-IId,protein homolog model,aminoglycoside antibiotic; antibiotic inactivation,matched,aac(3)-IId,Aminoglycoside,case_insensitive,High,,,53,50.0,Acinetobacter wuhouensis,True
ARO:3004628,AAC(2')-IIa,protein homolog model,aminoglycoside antibiotic; antibiotic inactivation,matched,aac(2')-IIa,Aminoglycoside,case_insensitive,High,,,5,5.41,Brucella intermedia,True
ARO:3004629,AAC(6')-Im,protein homolog model,aminoglycoside antibiotic; antibiotic inactivation,matched,aac(6')-Im,Aminoglycoside,case_insensitive,High,aac(6')-Il,,13,3.45,Histophilus somni,True
ARO:3004635,AAC(6')-Il,protein homolog model,aminoglycoside antibiotic; antibiotic inactivation,matched,aac(6')-Il,Aminoglycoside,case_insensitive,High,aac(6')-Im,,21,6.25,Citrobacter youngae,True
ARO:3004640,dfrA15b,protein homolog model,antibiotic target replacement; diaminopyrimidine antibiotic,matched,dfrA15b,Trimethoprim resistance,exact,High,,,11,5.91,Aeromonas caviae,True
ARO:3004642,dfrA3b,protein homolog model,antibiotic target replacement; diaminopyrimidine antibiotic,matched,dfrA3b,Trimethoprim resistance,exact,High,,,4,0.44,Shigella sonnei,True
ARO:3004655,nimB,protein homolog model,antibiotic inactivation; nitroimidazole antibiotic,matched,nimB,Nitroimidazole resistance,exact,High,,,1,0.53,Bacteroides fragilis,True
ARO:3004670,FosB1,protein homolog model,antibiotic inactivation; phosphonic acid antibiotic,matched,fosB1,Fosfomycin resistance,case_insensitive,High,,,5,0.88,Staphylococcus haemolyticus,True
ARO:3004671,FosB4,protein homolog model,antibiotic inactivation; phosphonic acid antibiotic,matched,fosB4,Fosfomycin resistance,case_insensitive,High,,,6,4.62,Staphylococcus haemolyticus,True
ARO:3004673,FosB6,protein homolog model,antibiotic inactivation; phosphonic acid antibiotic,matched,fosB6,Fosfomycin resistance,case_insensitive,High,,,2,1.27,Staphylococcus capitis,True
ARO:3004674,FosD,protein homolog model,antibiotic inactivation; phosphonic acid antibiotic,matched,fosD,Fosfomycin resistance,case_insensitive,High,,,8,12.5,Staphylococcus intermedius,True
ARO:3004677,rmtD2,protein homolog model,aminoglycoside antibiotic; antibiotic target alteration,matched,rmtD2,Aminoglycoside,exact,High,,,3,0.9,Citrobacter koseri,True
ARO:3004678,rmtE,protein homolog model,aminoglycoside antibiotic; antibiotic target alteration,matched,rmtE,Aminoglycoside,exact,High,,,3,0.04,Salmonella enterica,True
ARO:3004685,MCR-1.5,protein homolog model,antibiotic target alteration; peptide antibiotic,matched,mcr-1.5,Colistin resistance,case_insensitive,High,,,1,0.03,Escherichia coli,True
ARO:3004686,MCR-1.7,protein homolog model,antibiotic target alteration; peptide antibiotic,matched,mcr-1.7,Colistin resistance,case_insensitive,High,,,1,0.03,Escherichia coli,True
ARO:3004692,aadA10,protein homolog model,aminoglycoside antibiotic; antibiotic inactivation,matched,aadA10,Aminoglycoside,exact,High,,,4,0.9,Citrobacter portucalensis,True
ARO:3004704,aadA8b,protein homolog model,aminoglycoside antibiotic; antibiotic inactivation,matched,aadA8b,Aminoglycoside,exact,High,,,4,0.13,Enterobacter hormaechei,True
ARO:3004757,BKC-1,protein homolog model,antibiotic inactivation; carbapenem,matched,blaBKC-1,Beta-Lactamase,debla,High,,,1,0.01,Klebsiella pneumoniae,True
ARO:3004761,BRO-1,protein homolog model,antibiotic inactivation; penam,matched,blaBRO-1,Beta-Lactamase,debla,High,,,1,79.27,Moraxella catarrhalis,True
ARO:3004762,BRO-2,protein homolog model,antibiotic inactivation; penam,matched,blaBRO-2,Beta-Lactamase,debla,High,,,1,4.66,Moraxella catarrhalis,True
ARO:3004773,CKO-1,protein homolog model,antibiotic inactivation; penam,matched,blaCKO-1,Beta-Lactamase,debla,High,,,1,49.55,Citrobacter koseri,True
ARO:3004775,CME-1,protein homolog model,antibiotic inactivation; penam,matched,blaCME-1,Beta-Lactamase,debla,High,,,2,13.04,Elizabethkingia miricola,True
ARO:3004784,FAR-1,protein homolog model,antibiotic inactivation; penam,matched,blaFAR-1,Beta-Lactamase,debla,High,far1,far1,1,29.31,Nocardia farcinica,True
ARO:3004793,FONA-6,protein homolog model,antibiotic inactivation; penam,matched,blaFONA-6,Beta-Lactamase,debla,High,,,3,0.09,Enterobacter hormaechei,True
ARO:3004803,GOB-11,protein homolog model,antibiotic inactivation; carbapenem; cephalosporin; penam,matched,blaGOB-11,Beta-Lactamase,debla,High,,,1,4.35,Elizabethkingia miricola,True
ARO:3004805,GOB-13,protein homolog model,antibiotic inactivation; carbapenem; cephalosporin; penam,matched,blaGOB-13,Beta-Lactamase,debla,High,,,1,8.7,Elizabethkingia miricola,True
ARO:3004818,HERA-3,protein homolog model,antibiotic inactivation; penam,matched,blaHERA-3,Beta-Lactamase,debla,High,,,2,0.14,Salmonella enterica,True
ARO:3004856,SCO-1,protein homolog model,antibiotic inactivation; cephalosporin; penam; penem,matched,blaSCO-1,Beta-Lactamase,debla,High,,,15,3.51,Acinetobacter radioresistens,True
ARO:3005016,CMY-150,protein homolog model,antibiotic inactivation; cephamycin,matched,blaCMY-150,Beta-Lactamase,debla,High,,,1,1.74,Citrobacter freundii,True
ARO:3005018,LMB-1,protein homolog model,antibiotic inactivation; carbapenem; cephalosporin; penam,matched,blaLMB-1,Beta-Lactamase,debla,High,,,1,0.19,Citrobacter freundii,True
ARO:3005019,IMP-68,protein homolog model,antibiotic inactivation; carbapenem; cephalosporin; cephamycin; penam; penem,matched,blaIMP-68,Beta-Lactamase,debla,High,,,1,0.0,Klebsiella pneumoniae,True
ARO:3005056,tet(X6),protein homolog model,antibiotic inactivation; tetracycline antibiotic,matched,tet(X6),Tetracycline,exact,High,,,10,5.19,Acinetobacter indicus,True
ARO:3005084,dfrA31,protein homolog model,antibiotic target replacement; diaminopyrimidine antibiotic,matched,dfrA31,Trimethoprim resistance,exact,High,,,6,28.0,Vibrio metoecus,True
ARO:3005100,FosB2,protein homolog model,antibiotic inactivation; phosphonic acid antibiotic,matched,fosB2,Fosfomycin resistance,case_insensitive,High,,,3,66.67,Bacillus anthracis,True
ARO:3005164,dfrA35,protein homolog model,antibiotic target replacement; diaminopyrimidine antibiotic,matched,dfrA35,Trimethoprim resistance,exact,High,,,1,0.0,Klebsiella pneumoniae,True
ARO:3005346,DfrA34,protein homolog model,antibiotic target replacement; diaminopyrimidine antibiotic,matched,dfrA34,Trimethoprim resistance,case_insensitive,High,,,3,0.06,Salmonella enterica,True
ARO:3005348,DfrA36,protein homolog model,antibiotic target replacement; diaminopyrimidine antibiotic,matched,dfrA36,Trimethoprim resistance,case_insensitive,High,,,3,2.63,Acinetobacter lwoffii,True
ARO:3005371,KPC-39,protein homolog model,antibiotic inactivation; carbapenem; cephalosporin; monobactam; penam,matched,blaKPC-39,Beta-Lactamase,debla,High,,,1,0.02,Klebsiella pneumoniae,True
ARO:3005372,KPC-40,protein homolog model,antibiotic inactivation; carbapenem; cephalosporin; monobactam; penam,matched,blaKPC-40,Beta-Lactamase,debla,High,,,2,0.09,Enterobacter hormaechei,True
ARO:3005523,BlaB-10,protein homolog model,antibiotic inactivation; carbapenem; penam,matched,blaB-10,Beta-Lactamase,case_insensitive,High,,,1,4.35,Elizabethkingia miricola,True
ARO:3005524,BlaB-11,protein homolog model,antibiotic inactivation; carbapenem; penam,matched,blaB-11,Beta-Lactamase,case_insensitive,High,,,1,3.09,Elizabethkingia anophelis,True
ARO:3005527,BlaB-14,protein homolog model,antibiotic inactivation; carbapenem; penam,matched,blaB-14,Beta-Lactamase,case_insensitive,High,,,1,5.15,Elizabethkingia anophelis,True
ARO:3005533,BlaB-2,protein homolog model,antibiotic inactivation; carbapenem; penam,matched,blaB-2,Beta-Lactamase,case_insensitive,High,,,1,2.06,Elizabethkingia anophelis,True
ARO:3005554,BlaB-6,protein homolog model,antibiotic inactivation; carbapenem; penam,matched,blaB-6,Beta-Lactamase,case_insensitive,High,,,1,30.43,Elizabethkingia miricola,True
ARO:3005557,BlaB-9,protein homolog model,antibiotic inactivation; carbapenem; penam,matched,blaB-9,Beta-Lactamase,case_insensitive,High,,,1,8.7,Elizabethkingia miricola,True
ARO:3005581,CARB-47,protein homolog model,antibiotic inactivation; penam,matched,blaCARB-47,Beta-Lactamase,debla,High,,,1,0.57,Vibrio parahaemolyticus,True
ARO:3005582,CARB-48,protein homolog model,antibiotic inactivation; penam,matched,blaCARB-48,Beta-Lactamase,debla,High,,,1,0.31,Vibrio parahaemolyticus,True
ARO:3005725,OXA-491,protein homolog model,antibiotic inactivation; carbapenem; cephalosporin; penam,matched,blaOXA-491,Beta-Lactamase,debla,High,,,1,3.25,Aliarcobacter butzleri,True
ARO:3005734,OXA-504,protein homolog model,antibiotic inactivation; carbapenem; cephalosporin; penam,matched,blaOXA-504,Beta-Lactamase,debla,High,,,1,56.45,Aeromonas caviae,True
ARO:3006142,OKP-B-16,protein homolog model,antibiotic inactivation; cephalosporin; penam,matched,blaOKP-B-16,Beta-Lactamase,debla,High,,,1,0.39,Klebsiella quasipneumoniae,True
ARO:3006224,CepA-29,protein homolog model,antibiotic inactivation; cephalosporin,matched,cepA-29,Beta-Lactamase,case_insensitive,High,blaCEPA-29,,1,3.18,Bacteroides fragilis,True
ARO:3006225,CepA-44,protein homolog model,antibiotic inactivation; cephalosporin,matched,cepA-44,Beta-Lactamase,case_insensitive,High,blaCEPA-44,,1,13.53,Bacteroides fragilis,True
ARO:3006226,CepA-49,protein homolog model,antibiotic inactivation; cephalosporin,matched,cepA-49,Beta-Lactamase,case_insensitive,High,blaCEPA-49,,1,4.77,Bacteroides fragilis,True
ARO:3006855,CMH-3,protein homolog model,antibiotic inactivation; cephalosporin,matched,blaCMH-3,Beta-Lactamase,debla,High,,,1,25.56,Enterobacter cloacae,True
ARO:3006907,CfiA11,protein homolog model,antibiotic inactivation; carbapenem,matched,cfiA11,Beta-Lactamase,case_insensitive,High,,,1,1.33,Bacteroides fragilis,True
ARO:3006908,CfiA14,protein homolog model,antibiotic inactivation; carbapenem,matched,cfiA14,Beta-Lactamase,case_insensitive,High,,,1,2.92,Bacteroides fragilis,True
ARO:3006912,CfiA2,protein homolog model,antibiotic inactivation; carbapenem,matched,cfiA2,Beta-Lactamase,case_insensitive,High,,,1,3.98,Bacteroides fragilis,True
ARO:3006919,CfiA4,protein homolog model,antibiotic inactivation; carbapenem,matched,cfiA4,Beta-Lactamase,case_insensitive,High,,,1,2.92,Bacteroides fragilis,True
ARO:3006921,CfiA9,protein homolog model,antibiotic inactivation; carbapenem,matched,cfiA9,Beta-Lactamase,case_insensitive,High,,,1,1.06,Bacteroides fragilis,True
ARO:3006928,KLUC-2,protein homolog model,antibiotic inactivation; cephalosporin,matched,blaKLUC-2,Beta-Lactamase,debla,High,,,1,0.01,Klebsiella pneumoniae,True
ARO:3006953,MOR-2,protein homolog model,antibiotic inactivation; cephalosporin,matched,blaMOR-2,Beta-Lactamase,debla,High,,,1,2.45,Morganella morganii,True
ARO:3006964,PAU-1,protein homolog model,antibiotic inactivation; carbapenem; cephalosporin,matched,blaPAU-1,Beta-Lactamase,debla,High,,,3,0.86,Burkholderia vietnamiensis,True
ARO:3006969,PLA-2a,protein homolog model,antibiotic inactivation; carbapenem; cephalosporin,matched,blaPLA2a,Beta-Lactamase,debla,High,,,1,38.46,Raoultella planticola,True
ARO:3006973,PME-1,protein homolog model,antibiotic inactivation; carbapenem,matched,blaPME-1,Beta-Lactamase,debla,High,,,5,0.66,Burkholderia cenocepacia,True
ARO:3006986,SFO-1,protein homolog model,antibiotic inactivation; carbapenem,matched,blaSFO-1,Beta-Lactamase,debla,High,,,11,1.82,Cronobacter malonaticus,True
ARO:3006992,SGM-6,protein homolog model,antibiotic inactivation; carbapenem,matched,blaSGM-6,Beta-Lactamase,debla,High,,,1,70.59,Sphingobium yanoikuyae,True
ARO:3006993,SGM-7,protein homolog model,antibiotic inactivation; carbapenem,matched,blaSGM-7,Beta-Lactamase,debla,High,,,1,17.65,Sphingobium yanoikuyae,True
ARO:3006999,SST-1,protein homolog model,antibiotic inactivation; cephalosporin,matched,blaSST-1,Beta-Lactamase,debla,High,,,1,5.37,Serratia marcescens,True
ARO:3007069,FosY,protein homolog model,antibiotic inactivation; phosphonic acid antibiotic,matched,fosY,Fosfomycin resistance,case_insensitive,High,,,1,0.31,Staphylococcus aureus,True
ARO:3007104,nimA,protein homolog model,antibiotic inactivation; nitroimidazole antibiotic,matched,nimA,Nitroimidazole resistance,exact,High,,,4,100.0,Eikenella corrodens,True
ARO:3007106,nimD,protein homolog model,antibiotic inactivation; nitroimidazole antibiotic,matched,nimD,Nitroimidazole resistance,exact,High,,,2,0.38,Bacteroides ovatus,True
ARO:3007107,nimE,protein homolog model,antibiotic inactivation; nitroimidazole antibiotic,matched,nimE,Nitroimidazole resistance,exact,High,,,5,2.39,Bacteroides fragilis,True
ARO:3007112,nimJ,protein homolog model,antibiotic inactivation; nitroimidazole antibiotic,matched,nimJ,Nitroimidazole resistance,exact,High,,,5,33.42,Clostridium botulinum,True
ARO:3007368,FosG,protein homolog model,antibiotic inactivation; phosphonic acid antibiotic,matched,fosG,Fosfomycin resistance,case_insensitive,High,,,10,65.05,Aeromonas caviae,True
ARO:3007401,ANT(9)-Ib,protein homolog model,aminoglycoside antibiotic; antibiotic inactivation,matched,ant(9)-Ib,Aminoglycoside,case_insensitive,High,,,6,1.12,Aeromonas veronii,True
ARO:3000024,patA,protein homolog model,antibiotic efflux; fluoroquinolone antibiotic,no_reliable_match,,,,,,,7,100.0,Streptococcus cristatus,True
ARO:3000025,patB,protein homolog model,antibiotic efflux; fluoroquinolone antibiotic,no_reliable_match,,,,,,,17,100.0,Streptococcus cristatus,True
ARO:3000026,mepA,protein homolog model,antibiotic efflux; glycylcycline; tetracycline antibiotic,no_reliable_match,,,,,,,1,14.6,Staphylococcus aureus,True
ARO:3000027,emrA,protein homolog model,antibiotic efflux; fluoroquinolone antibiotic,no_reliable_match,,,,,,,11,100.0,Shigella dysenteriae,True
ARO:3000074,emrB,protein homolog model,antibiotic efflux; fluoroquinolone antibiotic,no_reliable_match,,,,,,,29,100.0,Enterobacter cancerogenus,True
ARO:3000090,Bla1,protein homolog model,antibiotic inactivation; penam,no_reliable_match,,,,,,,3,71.05,Bacillus anthracis,True
ARO:3000124,mecI,protein homolog model,antibiotic target replacement; carbapenem; cephalosporin; cephamycin; monobactam; penam,no_reliable_match,,,,,,,10,19.74,Staphylococcus pseudintermedius,True
ARO:3000206,emrK,protein homolog model,antibiotic efflux; tetracycline antibiotic,no_reliable_match,,,,,,,5,100.0,Shigella dysenteriae,True
ARO:3000215,mecR1,protein homolog model,antibiotic target replacement; carbapenem; cephalosporin; cephamycin; monobactam; penam,no_reliable_match,,,,,,,10,17.56,Staphylococcus hominis,True
ARO:3000216,acrB,protein homolog model,antibiotic efflux; cephalosporin; disinfecting agents and antiseptics; fluoroquinolone antibiotic; glycylcycline; penam; phenicol antibiotic; rifamycin antibiotic; tetracycline antibiotic,no_reliable_match,,,,,,,15,100.0,Shigella dysenteriae,True
ARO:3000237,TolC,protein homolog model,aminocoumarin antibiotic; aminoglycoside antibiotic; antibiotic efflux; carbapenem; cephalosporin; cephamycin; disinfecting agents and antiseptics; fluoroquinolone antibiotic; glycylcycline; macrolide antibiotic; penam; penem; peptide antibiotic; phenicol antibiotic; rifamycin antibiotic; tetracycline antibiotic,no_reliable_match,,,,,,,8,100.0,Shigella dysenteriae,True
ARO:3000245,RbpA,protein homolog model,antibiotic target protection; rifamycin antibiotic,no_reliable_match,,,,,,,14,100.0,Mycobacterium leprae,True
ARO:3000254,emrY,protein homolog model,antibiotic efflux; tetracycline antibiotic,no_reliable_match,,,,,,,6,100.0,Shigella dysenteriae,True
ARO:3000263,marA,protein homolog model,antibiotic efflux; carbapenem; cephalosporin; cephamycin; disinfecting agents and antiseptics; fluoroquinolone antibiotic; glycylcycline; monobactam; penam; penem; phenicol antibiotic; reduced permeability to antibiotic; rifamycin antibiotic; tetracycline antibiotic,no_reliable_match,,,,,,,39,100.0,Citrobacter youngae,True
ARO:3000343,tap,protein homolog model,antibiotic efflux; tetracycline antibiotic,no_reliable_match,,,,,,,2,100.0,Mycolicibacterium septicum,True
ARO:3000377,MexA,protein homolog model,aminocoumarin antibiotic; antibiotic efflux; carbapenem; cephalosporin; cephamycin; diaminopyrimidine antibiotic; fluoroquinolone antibiotic; macrolide antibiotic; monobactam; penam; penem; peptide antibiotic; phenicol antibiotic; sulfonamide antibiotic; tetracycline antibiotic,no_reliable_match,,,,,,,2,65.86,Pseudomonas aeruginosa,True
ARO:3000378,MexB,protein homolog model,aminocoumarin antibiotic; antibiotic efflux; carbapenem; cephalosporin; cephamycin; diaminopyrimidine antibiotic; fluoroquinolone antibiotic; macrolide antibiotic; monobactam; penam; penem; peptide antibiotic; phenicol antibiotic; sulfonamide antibiotic; tetracycline antibiotic,no_reliable_match,,,,,,,1,63.54,Pseudomonas aeruginosa,True
ARO:3000379,OprM,protein homolog model,aminocoumarin antibiotic; aminoglycoside antibiotic; antibiotic efflux; carbapenem; cephalosporin; cephamycin; diaminopyrimidine antibiotic; disinfecting agents and antiseptics; fluoroquinolone antibiotic; macrolide antibiotic; monobactam; penam; penem; peptide antibiotic; phenicol antibiotic; sulfonamide antibiotic; tetracycline antibiotic,no_reliable_match,,,,,,,2,66.04,Pseudomonas aeruginosa,True
ARO:3000392,Erm(37),protein homolog model,antibiotic target alteration; lincosamide antibiotic; macrolide antibiotic; streptogramin A antibiotic; streptogramin antibiotic; streptogramin B antibiotic,no_reliable_match,,,,,,,1,41.04,Mycobacterium tuberculosis,True
ARO:3000421,norB,protein homolog model,antibiotic efflux; fluoroquinolone antibiotic,no_reliable_match,,,,,,,1,28.63,Listeria monocytogenes,True
ARO:3000491,acrD,protein homolog model,aminoglycoside antibiotic; antibiotic efflux,no_reliable_match,,,,,,,8,94.59,Shigella sonnei,True
ARO:3000499,AcrE,protein homolog model,antibiotic efflux; cephalosporin; cephamycin; fluoroquinolone antibiotic; penam,no_reliable_match,,,,,,,7,94.74,Shigella sonnei,True
ARO:3000501,rpoB2,protein homolog model,antibiotic target alteration; antibiotic target replacement; peptide antibiotic; rifamycin antibiotic,no_reliable_match,,,,,,,1,5.17,Nocardia farcinica,True
ARO:3000502,AcrF,protein homolog model,antibiotic efflux; cephalosporin; cephamycin; fluoroquinolone antibiotic; penam,no_reliable_match,,,,,,,6,70.83,Escherichia marmotae,True
ARO:3000504,golS,protein homolog model,antibiotic efflux; carbapenem; cephalosporin; cephamycin; monobactam; penam; penem; phenicol antibiotic,no_reliable_match,,,,,,,2,74.4,Salmonella enterica,True
ARO:3000508,gadX,protein homolog model,antibiotic efflux; fluoroquinolone antibiotic; macrolide antibiotic; penam,no_reliable_match,,,,,,,6,96.67,Shigella dysenteriae,True
ARO:3000516,emrR,protein homolog model,antibiotic efflux; fluoroquinolone antibiotic,no_reliable_match,,,,,,,39,100.0,Shigella dysenteriae,True
ARO:3000518,CRP,protein homolog model,antibiotic efflux; fluoroquinolone antibiotic; macrolide antibiotic; penam,no_reliable_match,,,,,,,71,100.0,Proteus columbae,True
ARO:3000521,Staphylococcus aureus mupA conferring resistance to mupirocin,protein homolog model,antibiotic target alteration; mupirocin-like antibiotic,no_reliable_match,,,,,,,8,16.74,Staphylococcus epidermidis,True
ARO:3000526,cmeR,protein homolog model,antibiotic efflux; cephalosporin; fluoroquinolone antibiotic; fusidane antibiotic; macrolide antibiotic,no_reliable_match,,,,,,,2,68.31,Campylobacter jejuni,True
ARO:3000533,macA,protein homolog model,antibiotic efflux; macrolide antibiotic,no_reliable_match,,,,,,,1,1.22,Neisseria gonorrhoeae,True
ARO:3000535,macB,protein homolog model,antibiotic efflux; macrolide antibiotic,no_reliable_match,,,,,,,1,1.89,Neisseria gonorrhoeae,True
ARO:3000549,adeS,protein homolog model,antibiotic efflux; glycylcycline; tetracycline antibiotic,no_reliable_match,,,,,,,1,0.2,Acinetobacter baumannii,True
ARO:3000553,adeR,protein homolog model,antibiotic efflux; glycylcycline; tetracycline antibiotic,no_reliable_match,,,,,,,3,59.56,Acinetobacter baumannii,True
ARO:3000559,adeN,protein homolog model,antibiotic efflux; carbapenem; cephalosporin; diaminopyrimidine antibiotic; fluoroquinolone antibiotic; lincosamide antibiotic; macrolide antibiotic; penem; phenicol antibiotic; rifamycin antibiotic; tetracycline antibiotic,no_reliable_match,,,,,,,2,42.32,Acinetobacter baumannii,True
ARO:3000565,tet(38),protein homolog model,antibiotic efflux; tetracycline antibiotic,no_reliable_match,,,,,,,1,0.04,Staphylococcus aureus,True
ARO:3000578,CcrA,protein homolog model,antibiotic inactivation; carbapenem,no_reliable_match,,,,,,,1,2.12,Bacteroides fragilis,True
ARO:3000579,Chryseobacterium meningosepticum BlaB,protein homolog model,antibiotic inactivation; carbapenem; penam,no_reliable_match,,,,,,,1,5.15,Elizabethkingia anophelis,True
ARO:3000582,L1 beta-lactamase,protein homolog model,antibiotic inactivation; cephalosporin,no_reliable_match,,,,,,,1,0.89,Stenotrophomonas maltophilia,True
ARO:3000606,FEZ-1,protein homolog model,antibiotic inactivation; carbapenem; cephalosporin; penam,no_reliable_match,,,,,,,1,100.0,Legionella anisa,True
ARO:3000614,mef(E),protein homolog model,antibiotic efflux; macrolide antibiotic,no_reliable_match,,,,,,,1,1.85,Streptococcus pneumoniae,True
ARO:3000616,mel,protein homolog model,antibiotic target protection; macrolide antibiotic; streptogramin antibiotic,no_reliable_match,,,,,,,4,2.86,Streptococcus cristatus,True
ARO:3000620,adeL,protein homolog model,antibiotic efflux; fluoroquinolone antibiotic; tetracycline antibiotic,no_reliable_match,,,,,,,4,72.99,Acinetobacter nosocomialis,True
ARO:3000621,PC1 beta-lactamase (blaZ),protein homolog model,antibiotic inactivation; penam,no_reliable_match,,,,,,,22,59.23,Staphylococcus pseudintermedius,True
ARO:3000656,AcrS,protein homolog model,antibiotic efflux; cephalosporin; cephamycin; disinfecting agents and antiseptics; fluoroquinolone antibiotic; glycylcycline; penam; phenicol antibiotic; rifamycin antibiotic; tetracycline antibiotic,no_reliable_match,,,,,,,6,94.67,Shigella sonnei,True
ARO:3000676,H-NS,protein homolog model,antibiotic efflux; cephalosporin; cephamycin; fluoroquinolone antibiotic; macrolide antibiotic; penam; tetracycline antibiotic,no_reliable_match,,,,,,,38,100.0,Citrobacter youngae,True
ARO:3000746,mepR,protein homolog model,antibiotic efflux; glycylcycline; tetracycline antibiotic,no_reliable_match,,,,,,,1,56.07,Staphylococcus aureus,True
ARO:3000753,abeM,protein homolog model,antibiotic efflux; disinfecting agents and antiseptics; fluoroquinolone antibiotic,no_reliable_match,,,,,,,1,2.98,Acinetobacter baumannii,True
ARO:3000768,abeS,protein homolog model,aminocoumarin antibiotic; antibiotic efflux; macrolide antibiotic,no_reliable_match,,,,,,,5,82.61,Acinetobacter calcoaceticus,True
ARO:3000774,adeA,protein homolog model,antibiotic efflux; glycylcycline; tetracycline antibiotic,no_reliable_match,,,,,,,1,40.59,Acinetobacter baumannii,True
ARO:3000775,adeB,protein homolog model,antibiotic efflux; glycylcycline; tetracycline antibiotic,no_reliable_match,,,,,,,1,0.0,Acinetobacter baumannii,True
ARO:3000777,adeF,protein homolog model,antibiotic efflux; fluoroquinolone antibiotic; tetracycline antibiotic,no_reliable_match,,,,,,,163,100.0,Methylorubrum populi,True
ARO:3000778,adeG,protein homolog model,antibiotic efflux; fluoroquinolone antibiotic; tetracycline antibiotic,no_reliable_match,,,,,,,1,46.63,Acinetobacter baumannii,True
ARO:3000779,adeH,protein homolog model,antibiotic efflux; fluoroquinolone antibiotic; tetracycline antibiotic,no_reliable_match,,,,,,,1,50.09,Acinetobacter baumannii,True
ARO:3000780,adeI,protein homolog model,antibiotic efflux; carbapenem; cephalosporin; diaminopyrimidine antibiotic; fluoroquinolone antibiotic; lincosamide antibiotic; macrolide antibiotic; penem; phenicol antibiotic; rifamycin antibiotic; tetracycline antibiotic,no_reliable_match,,,,,,,1,57.83,Acinetobacter baumannii,True
ARO:3000781,adeJ,protein homolog model,antibiotic efflux; carbapenem; cephalosporin; diaminopyrimidine antibiotic; fluoroquinolone antibiotic; lincosamide antibiotic; macrolide antibiotic; penem; phenicol antibiotic; rifamycin antibiotic; tetracycline antibiotic,no_reliable_match,,,,,,,1,62.95,Acinetobacter baumannii,True
ARO:3000782,adeK,protein homolog model,antibiotic efflux; carbapenem; cephalosporin; diaminopyrimidine antibiotic; fluoroquinolone antibiotic; lincosamide antibiotic; macrolide antibiotic; penem; phenicol antibiotic; rifamycin antibiotic; tetracycline antibiotic,no_reliable_match,,,,,,,1,61.75,Acinetobacter baumannii,True
ARO:3000785,cmeC,protein homolog model,antibiotic efflux; cephalosporin; fluoroquinolone antibiotic; fusidane antibiotic; macrolide antibiotic,no_reliable_match,,,,,,,1,1.83,Campylobacter jejuni,True
ARO:3000789,mdsA,protein homolog model,antibiotic efflux; carbapenem; cephalosporin; cephamycin; monobactam; penam; penem; phenicol antibiotic,no_reliable_match,,,,,,,1,32.93,Salmonella enterica,True
ARO:3000790,mdsB,protein homolog model,antibiotic efflux; carbapenem; cephalosporin; cephamycin; monobactam; penam; penem; phenicol antibiotic,no_reliable_match,,,,,,,1,15.92,Salmonella enterica,True
ARO:3000791,mdsC,protein homolog model,antibiotic efflux; carbapenem; cephalosporin; cephamycin; monobactam; penam; penem; phenicol antibiotic,no_reliable_match,,,,,,,1,0.01,Salmonella enterica,True
ARO:3000792,mdtA,protein homolog model,aminocoumarin antibiotic; antibiotic efflux,no_reliable_match,,,,,,,8,95.18,Shigella sonnei,True
ARO:3000793,mdtB,protein homolog model,aminocoumarin antibiotic; antibiotic efflux,no_reliable_match,,,,,,,14,94.44,Shigella boydii,True
ARO:3000794,mdtC,protein homolog model,aminocoumarin antibiotic; antibiotic efflux,no_reliable_match,,,,,,,17,93.86,Shigella sonnei,True
ARO:3000795,mdtE,protein homolog model,antibiotic efflux; fluoroquinolone antibiotic; macrolide antibiotic; penam,no_reliable_match,,,,,,,7,100.0,Shigella dysenteriae,True
ARO:3000796,mdtF,protein homolog model,antibiotic efflux; fluoroquinolone antibiotic; macrolide antibiotic; penam,no_reliable_match,,,,,,,7,100.0,Shigella dysenteriae,True
ARO:3000800,MexC,protein homolog model,aminocoumarin antibiotic; aminoglycoside antibiotic; antibiotic efflux; cephalosporin; diaminopyrimidine antibiotic; fluoroquinolone antibiotic; macrolide antibiotic; penam; phenicol antibiotic; tetracycline antibiotic,no_reliable_match,,,,,,,2,66.78,Pseudomonas aeruginosa,True
ARO:3000801,MexD,protein homolog model,aminocoumarin antibiotic; aminoglycoside antibiotic; antibiotic efflux; cephalosporin; diaminopyrimidine antibiotic; fluoroquinolone antibiotic; macrolide antibiotic; penam; phenicol antibiotic; tetracycline antibiotic,no_reliable_match,,,,,,,2,65.64,Pseudomonas aeruginosa,True
ARO:3000802,OprJ,protein homolog model,aminocoumarin antibiotic; aminoglycoside antibiotic; antibiotic efflux; cephalosporin; diaminopyrimidine antibiotic; fluoroquinolone antibiotic; macrolide antibiotic; penam; phenicol antibiotic; tetracycline antibiotic,no_reliable_match,,,,,,,2,66.89,Pseudomonas aeruginosa,True
ARO:3000803,MexE,protein homolog model,antibiotic efflux; diaminopyrimidine antibiotic; fluoroquinolone antibiotic; phenicol antibiotic,no_reliable_match,,,,,,,2,65.91,Pseudomonas aeruginosa,True
ARO:3000804,MexF,protein homolog model,antibiotic efflux; diaminopyrimidine antibiotic; fluoroquinolone antibiotic; phenicol antibiotic,no_reliable_match,,,,,,,1,49.12,Pseudomonas aeruginosa,True
ARO:3000805,OprN,protein homolog model,antibiotic efflux; diaminopyrimidine antibiotic; fluoroquinolone antibiotic; phenicol antibiotic,no_reliable_match,,,,,,,2,63.68,Pseudomonas aeruginosa,True
ARO:3000806,MexG,protein homolog model,antibiotic efflux; disinfecting agents and antiseptics; fluoroquinolone antibiotic; tetracycline antibiotic,no_reliable_match,,,,,,,2,65.04,Pseudomonas aeruginosa,True
ARO:3000807,MexH,protein homolog model,antibiotic efflux; disinfecting agents and antiseptics; fluoroquinolone antibiotic; tetracycline antibiotic,no_reliable_match,,,,,,,2,61.52,Pseudomonas aeruginosa,True
ARO:3000808,MexI,protein homolog model,antibiotic efflux; disinfecting agents and antiseptics; fluoroquinolone antibiotic; tetracycline antibiotic,no_reliable_match,,,,,,,2,65.48,Pseudomonas aeruginosa,True
ARO:3000809,OpmD,protein homolog model,antibiotic efflux; disinfecting agents and antiseptics; fluoroquinolone antibiotic; tetracycline antibiotic,no_reliable_match,,,,,,,2,65.54,Pseudomonas aeruginosa,True
ARO:3000810,mtrC,protein homolog model,antibiotic efflux; macrolide antibiotic; penam,no_reliable_match,,,,,,,1,5.34,Neisseria meningitidis,True
ARO:3000811,mtrD,protein homolog model,antibiotic efflux; macrolide antibiotic; penam,no_reliable_match,,,,,,,1,5.34,Neisseria meningitidis,True
ARO:3000815,mgrA,protein homolog model,antibiotic efflux; cephalosporin; disinfecting agents and antiseptics; fluoroquinolone antibiotic; penam; peptide antibiotic; tetracycline antibiotic,no_reliable_match,,,,,,,2,55.93,Staphylococcus aureus,True
ARO:3000816,mtrA,protein homolog model,antibiotic efflux; macrolide antibiotic; penam,no_reliable_match,,,,,,,2,89.69,Neisseria meningitidis,True
ARO:3000822,pmrA,protein homolog model,antibiotic efflux; fluoroquinolone antibiotic,no_reliable_match,,,,,,,4,100.0,Streptococcus gwangjuense,True
ARO:3000823,ramA,protein homolog model,antibiotic efflux; carbapenem; cephalosporin; cephamycin; disinfecting agents and antiseptics; fluoroquinolone antibiotic; glycylcycline; monobactam; penam; penem; phenicol antibiotic; reduced permeability to antibiotic; rifamycin antibiotic; tetracycline antibiotic,no_reliable_match,,,,,,,7,84.0,Enterobacter chengduensis,True
ARO:3000826,sdiA,protein homolog model,antibiotic efflux; cephalosporin; disinfecting agents and antiseptics; fluoroquinolone antibiotic; glycylcycline; penam; phenicol antibiotic; rifamycin antibiotic; tetracycline antibiotic,no_reliable_match,,,,,,,1,79.98,Salmonella enterica,True
ARO:3000830,cpxA,protein homolog model,aminocoumarin antibiotic; aminoglycoside antibiotic; antibiotic efflux,no_reliable_match,,,,,,,6,94.81,Shigella sonnei,True
ARO:3000832,evgA,protein homolog model,antibiotic efflux; fluoroquinolone antibiotic; macrolide antibiotic; penam; tetracycline antibiotic,no_reliable_match,,,,,,,6,94.74,Shigella sonnei,True
ARO:3000833,evgS,protein homolog model,antibiotic efflux; fluoroquinolone antibiotic; macrolide antibiotic; penam; tetracycline antibiotic,no_reliable_match,,,,,,,5,93.94,Shigella sonnei,True
ARO:3000838,arlR,protein homolog model,antibiotic efflux; disinfecting agents and antiseptics; fluoroquinolone antibiotic,no_reliable_match,,,,,,,1,55.77,Staphylococcus aureus,True
ARO:3000839,arlS,protein homolog model,antibiotic efflux; disinfecting agents and antiseptics; fluoroquinolone antibiotic,no_reliable_match,,,,,,,1,32.78,Staphylococcus aureus,True
ARO:3000853,AIM-1,protein homolog model,antibiotic inactivation; cephalosporin; cephamycin; penam,no_reliable_match,,,,,,,1,0.03,Pseudomonas aeruginosa,True
ARO:3001205,BRP(MBL),protein homolog model,antibiotic inactivation; glycopeptide antibiotic,no_reliable_match,,,,,,,50,17.95,Citrobacter werkmanii,True
ARO:3001214,mdtM,protein homolog model,antibiotic efflux; disinfecting agents and antiseptics; fluoroquinolone antibiotic; lincosamide antibiotic; nucleoside antibiotic; phenicol antibiotic,no_reliable_match,,,,,,,7,91.11,Shigella boydii,True
ARO:3001216,mdtH,protein homolog model,antibiotic efflux; fluoroquinolone antibiotic,no_reliable_match,,,,,,,7,98.89,Shigella boydii,True
ARO:3001301,RlmA(II),protein homolog model,antibiotic target alteration; lincosamide antibiotic; macrolide antibiotic,no_reliable_match,,,,,,,1,94.02,Streptococcus pneumoniae,True
ARO:3001327,MdtK,protein homolog model,antibiotic efflux; fluoroquinolone antibiotic,no_reliable_match,,,,,,,1,77.57,Salmonella enterica,True
ARO:3001328,Escherichia coli mdfA,protein homolog model,antibiotic efflux; disinfecting agents and antiseptics; tetracycline antibiotic,no_reliable_match,,,,,,,19,93.75,Citrobacter youngae,True
ARO:3001329,mdtG,protein homolog model,antibiotic efflux; phosphonic acid antibiotic,no_reliable_match,,,,,,,16,100.0,Citrobacter youngae,True
ARO:3001567,OXA-381,protein homolog model,antibiotic inactivation; carbapenem; cephalosporin; penam,no_reliable_match,,,,,,,1,0.01,Acinetobacter baumannii,True
ARO:3001569,OXA-383,protein homolog model,antibiotic inactivation; carbapenem; cephalosporin; penam,no_reliable_match,,,,,,,1,0.07,Acinetobacter baumannii,True
ARO:3001571,OXA-385,protein homolog model,antibiotic inactivation; carbapenem; cephalosporin; penam,no_reliable_match,,,,,,,1,0.01,Acinetobacter baumannii,True
ARO:3001572,OXA-386,protein homolog model,antibiotic inactivation; carbapenem; cephalosporin; penam,no_reliable_match,,,,,,,1,0.01,Acinetobacter baumannii,True
ARO:3001573,OXA-387,protein homolog model,antibiotic inactivation; carbapenem; cephalosporin; penam,no_reliable_match,,,,,,,1,0.01,Acinetobacter baumannii,True
ARO:3001577,OXA-391,protein homolog model,antibiotic inactivation; carbapenem; cephalosporin; penam,no_reliable_match,,,,,,,1,0.01,Acinetobacter baumannii,True
ARO:3001578,OXA-392,protein homolog model,antibiotic inactivation; carbapenem; cephalosporin; penam,no_reliable_match,,,,,,,3,0.06,Pseudomonas aeruginosa,True
ARO:3001581,OXA-395,protein homolog model,antibiotic inactivation; carbapenem; cephalosporin; penam,no_reliable_match,,,,,,,1,7.07,Pseudomonas aeruginosa,True
ARO:3001582,OXA-396,protein homolog model,antibiotic inactivation; carbapenem; cephalosporin; penam,no_reliable_match,,,,,,,1,5.47,Pseudomonas aeruginosa,True
ARO:3001584,OXA-398,protein homolog model,antibiotic inactivation; carbapenem; cephalosporin; penam,no_reliable_match,,,,,,,1,0.03,Acinetobacter baumannii,True
ARO:3001587,OXA-401,protein homolog model,antibiotic inactivation; carbapenem; cephalosporin; penam,no_reliable_match,,,,,,,1,0.01,Acinetobacter baumannii,True
ARO:3001588,OXA-402,protein homolog model,antibiotic inactivation; carbapenem; cephalosporin; penam,no_reliable_match,,,,,,,1,0.43,Acinetobacter baumannii,True
ARO:3001598,OXA-407,protein homolog model,antibiotic inactivation; carbapenem; cephalosporin; penam,no_reliable_match,,,,,,,1,0.35,Acinetobacter baumannii,True
ARO:3001599,OXA-408,protein homolog model,antibiotic inactivation; carbapenem; cephalosporin; penam,no_reliable_match,,,,,,,1,0.01,Acinetobacter baumannii,True
ARO:3001603,OXA-412,protein homolog model,antibiotic inactivation; carbapenem; cephalosporin; penam,no_reliable_match,,,,,,,1,0.01,Acinetobacter baumannii,True
ARO:3001606,OXA-415,protein homolog model,antibiotic inactivation; carbapenem; cephalosporin; penam,no_reliable_match,,,,,,,1,0.06,Pseudomonas aeruginosa,True
ARO:3001608,OXA-417,protein homolog model,antibiotic inactivation; carbapenem; cephalosporin; penam,no_reliable_match,,,,,,,1,2.84,Acinetobacter pittii,True
ARO:3001609,OXA-114a,protein homolog model,antibiotic inactivation; carbapenem; cephalosporin; penam,no_reliable_match,,,,,,,1,10.69,Achromobacter xylosoxidans,True
ARO:3001828,ACT-23,protein homolog model,antibiotic inactivation; carbapenem; cephalosporin; cephamycin; penam,no_reliable_match,,,,,,,1,1.6,Enterobacter hormaechei,True
ARO:3001838,ACT-17,protein homolog model,antibiotic inactivation; carbapenem; cephalosporin; cephamycin; penam,no_reliable_match,,,,,,,3,17.44,Enterobacter hormaechei,True
ARO:3001839,ACT-18,protein homolog model,antibiotic inactivation; carbapenem; cephalosporin; cephamycin; penam,no_reliable_match,,,,,,,1,2.24,Enterobacter hormaechei,True
ARO:3001840,ACT-19,protein homolog model,antibiotic inactivation; carbapenem; cephalosporin; cephamycin; penam,no_reliable_match,,,,,,,1,0.22,Enterobacter hormaechei,True
ARO:3001841,ACT-20,protein homolog model,antibiotic inactivation; carbapenem; cephalosporin; cephamycin; penam,no_reliable_match,,,,,,,2,8.29,Enterobacter hormaechei,True
ARO:3001844,ACT-24,protein homolog model,antibiotic inactivation; carbapenem; cephalosporin; cephamycin; penam,no_reliable_match,,,,,,,2,11.52,Enterobacter hormaechei,True
ARO:3001845,ACT-25,protein homolog model,antibiotic inactivation; carbapenem; cephalosporin; cephamycin; penam,no_reliable_match,,,,,,,2,2.81,Enterobacter hormaechei,True
ARO:3001847,ACT-27,protein homolog model,antibiotic inactivation; carbapenem; cephalosporin; cephamycin; penam,no_reliable_match,,,,,,,2,0.99,Enterobacter hormaechei,True
ARO:3001848,ACT-28,protein homolog model,antibiotic inactivation; carbapenem; cephalosporin; cephamycin; penam,no_reliable_match,,,,,,,1,32.31,Enterobacter kobei,True
ARO:3001849,ACT-29,protein homolog model,antibiotic inactivation; carbapenem; cephalosporin; cephamycin; penam,no_reliable_match,,,,,,,4,13.04,Enterobacter asburiae,True
ARO:3001852,ACT-32,protein homolog model,antibiotic inactivation; carbapenem; cephalosporin; cephamycin; penam,no_reliable_match,,,,,,,1,0.04,Enterobacter hormaechei,True
ARO:3001854,ACT-34,protein homolog model,antibiotic inactivation; carbapenem; cephalosporin; cephamycin; penam,no_reliable_match,,,,,,,1,0.79,Enterobacter asburiae,True
ARO:3001855,ACT-35,protein homolog model,antibiotic inactivation; carbapenem; cephalosporin; cephamycin; penam,no_reliable_match,,,,,,,1,0.09,Enterobacter hormaechei,True
ARO:3001861,IMI-4,protein homolog model,antibiotic inactivation; carbapenem,no_reliable_match,,,,,,,1,0.64,Enterobacter cloacae,True
ARO:3002011,CTX-M-154,protein homolog model,antibiotic inactivation; cephalosporin,no_reliable_match,,,,,,,1,0.0,Klebsiella pneumoniae,True
ARO:3002118,CMY-106,protein homolog model,antibiotic inactivation; cephamycin,no_reliable_match,,,,,,,1,8.11,Citrobacter portucalensis,True
ARO:3002120,CMY-108,protein homolog model,antibiotic inactivation; cephamycin,no_reliable_match,,,,,,,1,1.8,Citrobacter portucalensis,True
ARO:3002121,CMY-109,protein homolog model,antibiotic inactivation; cephamycin,no_reliable_match,,,,,,,1,4.84,Citrobacter freundii,True
ARO:3002122,CMY-111,protein homolog model,antibiotic inactivation; cephamycin,no_reliable_match,,,,,,,1,0.0,Escherichia coli,True
ARO:3002124,CMY-113,protein homolog model,antibiotic inactivation; cephamycin,no_reliable_match,,,,,,,1,2.51,Citrobacter freundii,True
ARO:3002125,CMY-114,protein homolog model,antibiotic inactivation; cephamycin,no_reliable_match,,,,,,,1,0.39,Citrobacter freundii,True
ARO:3002127,CMY-116,protein homolog model,antibiotic inactivation; cephamycin,no_reliable_match,,,,,,,1,4.64,Citrobacter freundii,True
ARO:3002128,CMY-117,protein homolog model,antibiotic inactivation; cephamycin,no_reliable_match,,,,,,,1,3.29,Citrobacter freundii,True
ARO:3002129,CMY-118,protein homolog model,antibiotic inactivation; cephamycin,no_reliable_match,,,,,,,1,12.5,Citrobacter youngae,True
ARO:3002130,CMY-119,protein homolog model,antibiotic inactivation; cephamycin,no_reliable_match,,,,,,,1,0.9,Citrobacter portucalensis,True
ARO:3002140,DHA-9,protein homolog model,antibiotic inactivation; cephalosporin; cephamycin,no_reliable_match,,,,,,,1,2.45,Morganella morganii,True
ARO:3002141,DHA-10,protein homolog model,antibiotic inactivation; cephalosporin; cephamycin,no_reliable_match,,,,,,,1,1.84,Morganella morganii,True
ARO:3002143,DHA-12,protein homolog model,antibiotic inactivation; cephalosporin; cephamycin,no_reliable_match,,,,,,,1,3.68,Morganella morganii,True
ARO:3002146,DHA-15,protein homolog model,antibiotic inactivation; cephalosporin; cephamycin,no_reliable_match,,,,,,,3,0.19,Citrobacter freundii,True
ARO:3002147,DHA-16,protein homolog model,antibiotic inactivation; cephalosporin; cephamycin,no_reliable_match,,,,,,,1,7.98,Morganella morganii,True
ARO:3002149,DHA-18,protein homolog model,antibiotic inactivation; cephalosporin; cephamycin,no_reliable_match,,,,,,,1,4.91,Morganella morganii,True
ARO:3002152,DHA-21,protein homolog model,antibiotic inactivation; cephalosporin; cephamycin,no_reliable_match,,,,,,,1,5.52,Morganella morganii,True
ARO:3002154,DHA-23,protein homolog model,antibiotic inactivation; cephalosporin; cephamycin,no_reliable_match,,,,,,,1,0.32,Enterobacter cloacae,True
ARO:3002172,MIR-7,protein homolog model,antibiotic inactivation; cephalosporin; monobactam,no_reliable_match,,,,,,,1,6.83,Enterobacter roggenkampii,True
ARO:3002174,MIR-9,protein homolog model,antibiotic inactivation; cephalosporin; monobactam,no_reliable_match,,,,,,,2,5.4,Enterobacter roggenkampii,True
ARO:3002175,MIR-10,protein homolog model,antibiotic inactivation; cephalosporin; monobactam,no_reliable_match,,,,,,,2,11.51,Enterobacter roggenkampii,True
ARO:3002176,MIR-11,protein homolog model,antibiotic inactivation; cephalosporin; monobactam,no_reliable_match,,,,,,,1,2.52,Enterobacter roggenkampii,True
ARO:3002177,MIR-12,protein homolog model,antibiotic inactivation; cephalosporin; monobactam,no_reliable_match,,,,,,,2,6.12,Enterobacter roggenkampii,True
ARO:3002178,MIR-13,protein homolog model,antibiotic inactivation; cephalosporin; monobactam,no_reliable_match,,,,,,,1,0.72,Enterobacter roggenkampii,True
ARO:3002179,MIR-14,protein homolog model,antibiotic inactivation; cephalosporin; monobactam,no_reliable_match,,,,,,,1,0.4,Enterobacter asburiae,True
ARO:3002180,MIR-15,protein homolog model,antibiotic inactivation; cephalosporin; monobactam,no_reliable_match,,,,,,,2,3.6,Enterobacter roggenkampii,True
ARO:3002181,MIR-16,protein homolog model,antibiotic inactivation; cephalosporin; monobactam,no_reliable_match,,,,,,,1,4.68,Enterobacter roggenkampii,True
ARO:3002191,MOX-9,protein homolog model,antibiotic inactivation; cephalosporin; cephamycin; penam,no_reliable_match,,,,,,,1,0.56,Aeromonas veronii,True
ARO:3002252,CARB-14,protein homolog model,antibiotic inactivation; penam,no_reliable_match,,,,,,,1,3.85,Acinetobacter towneri,True
ARO:3002254,CARB-17,protein homolog model,antibiotic inactivation; penam,no_reliable_match,,,,,,,1,0.51,Vibrio parahaemolyticus,True
ARO:3002255,CARB-16,protein homolog model,antibiotic inactivation; penam,no_reliable_match,,,,,,,5,7.14,Pseudomonas mendocina,True
ARO:3002328,KPC-18,protein homolog model,antibiotic inactivation; carbapenem; cephalosporin; monobactam; penam,no_reliable_match,,,,,,,1,0.42,Klebsiella oxytoca,True
ARO:3002353,GES-24,protein homolog model,antibiotic inactivation; carbapenem; cephalosporin; penam,no_reliable_match,,,,,,,8,29.03,Aeromonas caviae,True
ARO:3002378,VEB-9,protein homolog model,antibiotic inactivation; cephalosporin; monobactam,no_reliable_match,,,,,,,4,0.54,Pseudomonas aeruginosa,True
ARO:3002382,SME-4,protein homolog model,antibiotic inactivation; carbapenem,no_reliable_match,,,,,,,1,2.49,Serratia marcescens,True
ARO:3002497,PDC-1,protein homolog model,antibiotic inactivation; carbapenem; cephalosporin; monobactam,no_reliable_match,,,,,,,1,5.68,Pseudomonas aeruginosa,True
ARO:3002500,PDC-3,protein homolog model,antibiotic inactivation; carbapenem; cephalosporin; cephamycin; monobactam; penam,no_reliable_match,,,,,,,1,14.9,Pseudomonas aeruginosa,True
ARO:3002502,PDC-5,protein homolog model,antibiotic inactivation; carbapenem; cephalosporin; cephamycin; monobactam; penam,no_reliable_match,,,,,,,2,10.59,Pseudomonas aeruginosa,True
ARO:3002505,PDC-6,protein homolog model,antibiotic inactivation; carbapenem; cephalosporin; monobactam,no_reliable_match,,,,,,,1,0.4,Pseudomonas aeruginosa,True
ARO:3002506,PDC-7,protein homolog model,antibiotic inactivation; carbapenem; cephalosporin; monobactam,no_reliable_match,,,,,,,1,0.04,Pseudomonas aeruginosa,True
ARO:3002507,PDC-8,protein homolog model,antibiotic inactivation; carbapenem; cephalosporin; monobactam,no_reliable_match,,,,,,,1,6.8,Pseudomonas aeruginosa,True
ARO:3002509,PDC-10,protein homolog model,antibiotic inactivation; carbapenem; cephalosporin; monobactam,no_reliable_match,,,,,,,1,0.11,Pseudomonas aeruginosa,True
ARO:3002547,AAC(6')-Ib-cr1,protein homolog model,aminoglycoside antibiotic; antibiotic inactivation; fluoroquinolone antibiotic,no_reliable_match,,,,,,,9,0.05,Klebsiella pneumoniae,True
ARO:3002556,AAC(6')-Ii,protein homolog model,aminoglycoside antibiotic; antibiotic inactivation,no_reliable_match,,,,,,,2,56.26,Enterococcus faecium,True
ARO:3002559,AAC(6')-Ip,protein homolog model,aminoglycoside antibiotic; antibiotic inactivation,no_reliable_match,,,,,,,1,0.07,Acinetobacter baumannii,True
ARO:3002569,AAC(6')-Iy,protein homolog model,aminoglycoside antibiotic; antibiotic inactivation,no_reliable_match,,,,,,,1,51.98,Salmonella enterica,True
ARO:3002576,AAC(6')-Ib3,protein homolog model,aminoglycoside antibiotic; antibiotic inactivation,no_reliable_match,,,,,,,13,1.07,Pseudomonas putida,True
ARO:3002577,AAC(6')-Ib4,protein homolog model,aminoglycoside antibiotic; antibiotic inactivation,no_reliable_match,,,,,,,25,11.76,Alcaligenes faecalis,True
ARO:3002578,AAC(6')-Ib7,protein homolog model,aminoglycoside antibiotic; antibiotic inactivation,no_reliable_match,,,,,,,7,2.08,Laribacter hongkongensis,True
ARO:3002579,AAC(6')-Ib8,protein homolog model,aminoglycoside antibiotic; antibiotic inactivation,no_reliable_match,,,,,,,22,29.03,Aeromonas caviae,True
ARO:3002580,AAC(6')-Ib9,protein homolog model,aminoglycoside antibiotic; antibiotic inactivation,no_reliable_match,,,,,,,47,50.0,Acinetobacter wuhouensis,True
ARO:3002581,AAC(6')-Ib10,protein homolog model,aminoglycoside antibiotic; antibiotic inactivation,no_reliable_match,,,,,,,39,12.42,Klebsiella pneumoniae,True
ARO:3002582,AAC(6')-Ib11,protein homolog model,aminoglycoside antibiotic; antibiotic inactivation,no_reliable_match,,,,,,,3,0.03,Pseudomonas aeruginosa,True
ARO:3002583,AAC(6')-29a,protein homolog model,aminoglycoside antibiotic; antibiotic inactivation,no_reliable_match,,,,,,,1,0.19,Pseudomonas aeruginosa,True
ARO:3002584,AAC(6')-29b,protein homolog model,aminoglycoside antibiotic; antibiotic inactivation,no_reliable_match,,,,,,,3,0.38,Pseudomonas aeruginosa,True
ARO:3002587,AAC(6')-I33,protein homolog model,aminoglycoside antibiotic; antibiotic inactivation,no_reliable_match,,,,,,,5,0.17,Pseudomonas aeruginosa,True
ARO:3002591,AAC(6')-Ib-Suzhou,protein homolog model,aminoglycoside antibiotic; antibiotic inactivation,no_reliable_match,,,,,,,1,0.01,Klebsiella pneumoniae,True
ARO:3002597,AAC(6')-Ie-APH(2'')-Ia bifunctional protein,protein homolog model,aminoglycoside antibiotic; antibiotic inactivation,no_reliable_match,,,,,,,51,41.03,Staphylococcus pseudintermedius,True
ARO:3002598,ANT(3'')-II-AAC(6')-IId bifunctional protein,protein homolog model,aminoglycoside antibiotic; antibiotic inactivation,no_reliable_match,,,,,,,1,0.0,Serratia marcescens,True
ARO:3002622,aadA6/aadA10,protein homolog model,aminoglycoside antibiotic; antibiotic inactivation,no_reliable_match,,,,,,,4,2.38,Pseudomonas monteilii,True
ARO:3002628,aad(6),protein homolog model,aminoglycoside antibiotic; antibiotic inactivation,no_reliable_match,,,,,,,40,53.33,Staphylococcus pseudintermedius,True
ARO:3002631,spd,protein homolog model,aminoglycoside antibiotic; antibiotic inactivation,no_reliable_match,,,,,,,5,7.14,Staphylococcus equorum,True
ARO:3002635,APH(2'')-IIa,protein homolog model,aminoglycoside antibiotic; antibiotic inactivation,no_reliable_match,,,,,,,12,3.45,Histophilus somni,True
ARO:3002636,APH(2'')-IIIa,protein homolog model,aminoglycoside antibiotic; antibiotic inactivation,no_reliable_match,,,,,,,3,2.27,Streptococcus gallolyticus,True
ARO:3002637,APH(2'')-IVa,protein homolog model,aminoglycoside antibiotic; antibiotic inactivation,no_reliable_match,,,,,,,1,0.44,Enterococcus faecium,True
ARO:3002647,APH(3')-IIIa,protein homolog model,aminoglycoside antibiotic; antibiotic inactivation,no_reliable_match,,,,,,,62,54.1,Staphylococcus pseudintermedius,True
ARO:3002661,APH(7'')-Ia,protein homolog model,aminoglycoside antibiotic; antibiotic inactivation,no_reliable_match,,,,,,,4,1.89,Mycobacterium marinum,True
ARO:3002669,APH(2'')-Ig,protein homolog model,aminoglycoside antibiotic; antibiotic inactivation,no_reliable_match,,,,,,,3,3.33,Ruthenibacterium lactatiformans,True
ARO:3002671,Limosilactobacillus reuteri cat-TC,protein homolog model,antibiotic inactivation; phenicol antibiotic,no_reliable_match,,,,,,,4,0.0,Streptococcus pyogenes,True
ARO:3002672,Bacillus pumilus cat86,protein homolog model,antibiotic inactivation; phenicol antibiotic,no_reliable_match,,,,,,,1,50.28,Bacillus pumilus,True
ARO:3002674,Clostridium butyricum catB,protein homolog model,antibiotic inactivation; phenicol antibiotic,no_reliable_match,,,,,,,1,0.47,Parabacteroides distasonis,True
ARO:3002678,Pseudomonas aeruginosa catB6,protein homolog model,antibiotic inactivation; phenicol antibiotic,no_reliable_match,,,,,,,5,0.81,Aeromonas hydrophila,True
ARO:3002679,Pseudomonas aeruginosa catB7,protein homolog model,antibiotic inactivation; phenicol antibiotic,no_reliable_match,,,,,,,2,63.71,Pseudomonas aeruginosa,True
ARO:3002684,catII,protein homolog model,antibiotic inactivation; phenicol antibiotic,no_reliable_match,,,,,,,17,10.43,Morganella morganii,True
ARO:3002685,catIII,protein homolog model,antibiotic inactivation; phenicol antibiotic,no_reliable_match,,,,,,,11,56.82,Providencia stuartii,True
ARO:3002689,Plasmid-encoded cat (pp-cat),protein homolog model,antibiotic inactivation; phenicol antibiotic,no_reliable_match,,,,,,,1,0.0,Proteus mirabilis,True
ARO:3002694,cmlA4,protein homolog model,antibiotic efflux; phenicol antibiotic,no_reliable_match,,,,,,,13,6.73,Burkholderia cepacia,True
ARO:3002695,cmlA5,protein homolog model,antibiotic efflux; phenicol antibiotic,no_reliable_match,,,,,,,39,7.01,Providencia rettgeri,True
ARO:3002696,cmlA6,protein homolog model,antibiotic efflux; phenicol antibiotic,no_reliable_match,,,,,,,22,8.33,Trueperella pyogenes,True
ARO:3002698,cmlB,protein homolog model,antibiotic efflux; phenicol antibiotic,no_reliable_match,,,,,,,3,0.61,Pseudomonas aeruginosa,True
ARO:3002699,cmlB1,protein homolog model,antibiotic efflux; phenicol antibiotic,no_reliable_match,,,,,,,5,1.53,Pseudomonas stutzeri,True
ARO:3002754,QnrB39,protein homolog model,antibiotic target protection; fluoroquinolone antibiotic,no_reliable_match,,,,,,,1,12.5,Citrobacter youngae,True
ARO:3002788,QnrD1,protein homolog model,antibiotic target protection; fluoroquinolone antibiotic,no_reliable_match,,,,,,,21,100.0,Proteus columbae,True
ARO:3002789,QnrD2,protein homolog model,antibiotic target protection; fluoroquinolone antibiotic,no_reliable_match,,,,,,,4,3.45,Providencia alcalifaciens,True
ARO:3002803,QnrVC6,protein homolog model,antibiotic target protection; fluoroquinolone antibiotic,no_reliable_match,,,,,,,11,1.07,Pseudomonas putida,True
ARO:3002814,clbA,protein homolog model,antibiotic target alteration; lincosamide antibiotic; oxazolidinone antibiotic; phenicol antibiotic; pleuromutilin antibiotic; streptogramin A antibiotic; streptogramin antibiotic,no_reliable_match,,,,,,,3,73.03,Bacillus amyloliquefaciens,True
ARO:3002815,clbB,protein homolog model,antibiotic target alteration; lincosamide antibiotic; oxazolidinone antibiotic; phenicol antibiotic; pleuromutilin antibiotic; streptogramin A antibiotic; streptogramin antibiotic,no_reliable_match,,,,,,,1,90.0,Brevibacillus brevis,True
ARO:3002826,EreA2,protein homolog model,antibiotic inactivation; macrolide antibiotic,no_reliable_match,,,,,,,20,10.26,Citrobacter werkmanii,True
ARO:3002853,arr-8,protein homolog model,antibiotic inactivation; rifamycin antibiotic,no_reliable_match,,,,,,,2,0.1,Pseudomonas aeruginosa,True
ARO:3002867,dfrF,protein homolog model,antibiotic target replacement; diaminopyrimidine antibiotic,no_reliable_match,,,,,,,17,35.0,Streptococcus pasteurianus,True
ARO:3002877,BcI,protein homolog model,antibiotic inactivation; cephalosporin; penem,no_reliable_match,,,,,,,9,100.0,Brevibacillus brevis,True
ARO:3002878,BcII,protein homolog model,antibiotic inactivation; cephalosporin; penam,no_reliable_match,,,,,,,3,75.87,Bacillus cereus,True
ARO:3002879,linG,protein homolog model,antibiotic inactivation; lincosamide antibiotic,no_reliable_match,,,,,,,19,12.5,Proteus penneri,True
ARO:3002884,iri,protein homolog model,antibiotic inactivation; rifamycin antibiotic,no_reliable_match,,,,,,,1,5.56,Rhodococcus rhodochrous,True
ARO:3002891,Streptomyces rimosus otr(A),protein homolog model,antibiotic target protection; tetracycline antibiotic,no_reliable_match,,,,,,,5,73.44,Rhizobium leguminosarum,True
ARO:3002895,SAT-2,protein homolog model,antibiotic inactivation; nucleoside antibiotic,no_reliable_match,,,,,,,46,73.34,Shigella sonnei,True
ARO:3002897,SAT-4,protein homolog model,antibiotic inactivation; nucleoside antibiotic,no_reliable_match,,,,,,,39,53.08,Staphylococcus pseudintermedius,True
ARO:3002924,vanR gene in vanE cluster,protein homolog model,antibiotic target alteration; glycopeptide antibiotic,no_reliable_match,,,,,,,1,0.08,Enterococcus faecalis,True
ARO:3002930,vanR gene in vanO cluster,protein homolog model,antibiotic target alteration; glycopeptide antibiotic,no_reliable_match,,,,,,,3,24.14,Mycolicibacterium fortuitum,True
ARO:3002945,vanH gene in vanF cluster,protein homolog model,antibiotic target alteration; glycopeptide antibiotic,no_reliable_match,,,,,,,9,80.0,Erysipelothrix rhusiopathiae,True
ARO:3002948,vanH gene in vanO cluster,protein homolog model,antibiotic target alteration; glycopeptide antibiotic,no_reliable_match,,,,,,,26,100.0,Burkholderia oklahomensis,True
ARO:3002954,vanX gene in vanO cluster,protein homolog model,antibiotic target alteration; glycopeptide antibiotic,no_reliable_match,,,,,,,1,0.0,Nocardia terpenica,True
ARO:3002967,vanXY gene in vanE cluster,protein homolog model,antibiotic target alteration; glycopeptide antibiotic,no_reliable_match,,,,,,,3,100.0,Enterococcus pallens,True
ARO:3002971,vanT gene in vanE cluster,protein homolog model,antibiotic target alteration; glycopeptide antibiotic,no_reliable_match,,,,,,,2,100.0,Enterococcus pallens,True
ARO:3002982,amrA,protein homolog model,aminoglycoside antibiotic; antibiotic efflux; macrolide antibiotic,no_reliable_match,,,,,,,12,85.37,Burkholderia pseudomallei,True
ARO:3002983,amrB,protein homolog model,aminoglycoside antibiotic; antibiotic efflux; macrolide antibiotic,no_reliable_match,,,,,,,4,100.0,Burkholderia oklahomensis,True
ARO:3002985,arnA,protein homolog model,antibiotic target alteration; peptide antibiotic,no_reliable_match,,,,,,,2,66.01,Pseudomonas aeruginosa,True
ARO:3002986,bacA,protein homolog model,antibiotic target alteration; peptide antibiotic,no_reliable_match,,,,,,,12,100.0,Shigella dysenteriae,True
ARO:3002999,CblA-1,protein homolog model,antibiotic inactivation; cephalosporin,no_reliable_match,,,,,,,1,1.04,Phocaeicola dorei,True
ARO:3003006,blt,protein homolog model,antibiotic efflux; disinfecting agents and antiseptics; fluoroquinolone antibiotic,no_reliable_match,,,,,,,1,22.83,Bacillus subtilis,True
ARO:3003015,dfrA19,protein homolog model,antibiotic target replacement; diaminopyrimidine antibiotic,no_reliable_match,,,,,,,27,17.95,Citrobacter werkmanii,True
ARO:3003030,MexV,protein homolog model,antibiotic efflux; disinfecting agents and antiseptics; fluoroquinolone antibiotic; macrolide antibiotic; phenicol antibiotic; tetracycline antibiotic,no_reliable_match,,,,,,,2,67.99,Pseudomonas aeruginosa,True
ARO:3003031,MexW,protein homolog model,antibiotic efflux; disinfecting agents and antiseptics; fluoroquinolone antibiotic; macrolide antibiotic; phenicol antibiotic; tetracycline antibiotic,no_reliable_match,,,,,,,2,66.22,Pseudomonas aeruginosa,True
ARO:3003033,mexY,protein homolog model,aminoglycoside antibiotic; antibiotic efflux; carbapenem; cephalosporin; cephamycin; disinfecting agents and antiseptics; fluoroquinolone antibiotic; macrolide antibiotic; penam; phenicol antibiotic; tetracycline antibiotic,no_reliable_match,,,,,,,1,54.22,Pseudomonas aeruginosa,True
ARO:3003035,mfpA,protein homolog model,antibiotic target protection; fluoroquinolone antibiotic,no_reliable_match,,,,,,,1,67.73,Mycobacterium tuberculosis,True
ARO:3003039,OprA,protein homolog model,aminoglycoside antibiotic; antibiotic efflux; carbapenem; fluoroquinolone antibiotic; macrolide antibiotic; tetracycline antibiotic,no_reliable_match,,,,,,,1,0.03,Pseudomonas aeruginosa,True
ARO:3003046,qacA,protein homolog model,antibiotic efflux; fluoroquinolone antibiotic,no_reliable_match,,,,,,,4,0.82,Staphylococcus warneri,True
ARO:3003055,smeD,protein homolog model,antibiotic efflux; fluoroquinolone antibiotic; macrolide antibiotic; phenicol antibiotic; tetracycline antibiotic,no_reliable_match,,,,,,,1,5.19,Stenotrophomonas maltophilia,True
ARO:3003059,tmrB,protein homolog model,nucleoside antibiotic; reduced permeability to antibiotic,no_reliable_match,,,,,,,2,66.67,Bacillus tequilensis,True
ARO:3003063,ykkC,protein homolog model,aminoglycoside antibiotic; antibiotic efflux; phenicol antibiotic; tetracycline antibiotic,no_reliable_match,,,,,,,3,100.0,Bacillus tequilensis,True
ARO:3003064,ykkD,protein homolog model,aminoglycoside antibiotic; antibiotic efflux; phenicol antibiotic; tetracycline antibiotic,no_reliable_match,,,,,,,3,100.0,Bacillus tequilensis,True
ARO:3003066,smeR,protein homolog model,aminoglycoside antibiotic; antibiotic efflux; cephalosporin; cephamycin; penam,no_reliable_match,,,,,,,1,62.61,Stenotrophomonas maltophilia,True
ARO:3003067,smeS,protein homolog model,aminoglycoside antibiotic; antibiotic efflux; cephalosporin; cephamycin; penam,no_reliable_match,,,,,,,1,29.23,Stenotrophomonas maltophilia,True
ARO:3003071,mphF,protein homolog model,antibiotic inactivation; macrolide antibiotic,no_reliable_match,,,,,,,4,0.06,Vibrio cholerae,True
ARO:3003072,mphL,protein homolog model,antibiotic inactivation; macrolide antibiotic,no_reliable_match,,,,,,,3,77.63,Bacillus anthracis,True
ARO:3003093,cphA3,protein homolog model,antibiotic inactivation; carbapenem,no_reliable_match,,,,,,,2,57.87,Aeromonas veronii,True
ARO:3003116,OXA-420,protein homolog model,antibiotic inactivation; carbapenem; cephalosporin; penam,no_reliable_match,,,,,,,3,3.85,Acinetobacter towneri,True
ARO:3003117,OXA-421,protein homolog model,antibiotic inactivation; carbapenem; cephalosporin; penam,no_reliable_match,,,,,,,2,7.67,Acinetobacter pittii,True
ARO:3003120,OXA-429,protein homolog model,antibiotic inactivation; carbapenem; cephalosporin; penam,no_reliable_match,,,,,,,1,0.07,Acinetobacter baumannii,True
ARO:3003124,OXA-431,protein homolog model,antibiotic inactivation; carbapenem; cephalosporin; penam,no_reliable_match,,,,,,,1,0.04,Acinetobacter baumannii,True
ARO:3003126,OXA-433,protein homolog model,antibiotic inactivation; carbapenem; cephalosporin; penam,no_reliable_match,,,,,,,1,0.01,Acinetobacter baumannii,True
ARO:3003132,CMY-124,protein homolog model,antibiotic inactivation; cephamycin,no_reliable_match,,,,,,,2,2.7,Citrobacter portucalensis,True
ARO:3003135,CMY-127,protein homolog model,antibiotic inactivation; cephamycin,no_reliable_match,,,,,,,1,0.9,Citrobacter portucalensis,True
ARO:3003137,CMY-129,protein homolog model,antibiotic inactivation; cephamycin,no_reliable_match,,,,,,,2,8.11,Citrobacter portucalensis,True
ARO:3003139,MIR-18,protein homolog model,antibiotic inactivation; cephalosporin; monobactam,no_reliable_match,,,,,,,1,1.44,Enterobacter roggenkampii,True
ARO:3003146,VEB-10,protein homolog model,antibiotic inactivation; cephalosporin; monobactam,no_reliable_match,,,,,,,1,0.4,Vibrio alginolyticus,True
ARO:3003147,OXA-424,protein homolog model,antibiotic inactivation; carbapenem; cephalosporin; penam,no_reliable_match,,,,,,,1,0.06,Acinetobacter baumannii,True
ARO:3003148,OXA-425,protein homolog model,antibiotic inactivation; carbapenem; cephalosporin; penam,no_reliable_match,,,,,,,1,0.04,Acinetobacter baumannii,True
ARO:3003149,OXA-426,protein homolog model,antibiotic inactivation; carbapenem; cephalosporin; penam,no_reliable_match,,,,,,,1,0.03,Acinetobacter baumannii,True
ARO:3003150,CARB-20,protein homolog model,antibiotic inactivation; penam,no_reliable_match,,,,,,,1,9.97,Vibrio parahaemolyticus,True
ARO:3003151,CARB-22,protein homolog model,antibiotic inactivation; penam,no_reliable_match,,,,,,,1,8.74,Vibrio parahaemolyticus,True
ARO:3003160,OXA-422,protein homolog model,antibiotic inactivation; carbapenem; cephalosporin; penam,no_reliable_match,,,,,,,1,0.06,Acinetobacter baumannii,True
ARO:3003171,ACT-36,protein homolog model,antibiotic inactivation; carbapenem; cephalosporin; cephamycin; penam,no_reliable_match,,,,,,,1,0.0,Enterobacter hormaechei,True
ARO:3003172,ACT-37,protein homolog model,antibiotic inactivation; carbapenem; cephalosporin; cephamycin; penam,no_reliable_match,,,,,,,1,0.99,Enterobacter hormaechei,True
ARO:3003173,MIR-17,protein homolog model,antibiotic inactivation; cephalosporin; monobactam,no_reliable_match,,,,,,,2,2.52,Enterobacter roggenkampii,True
ARO:3003174,CARB-18,protein homolog model,antibiotic inactivation; penam,no_reliable_match,,,,,,,1,39.33,Vibrio parahaemolyticus,True
ARO:3003175,CARB-19,protein homolog model,antibiotic inactivation; penam,no_reliable_match,,,,,,,1,0.15,Vibrio parahaemolyticus,True
ARO:3003176,CARB-21,protein homolog model,antibiotic inactivation; penam,no_reliable_match,,,,,,,1,3.91,Vibrio parahaemolyticus,True
ARO:3003177,IMI-7,protein homolog model,antibiotic inactivation; carbapenem,no_reliable_match,,,,,,,1,0.32,Enterobacter cloacae,True
ARO:3003181,GES-26,protein homolog model,antibiotic inactivation; carbapenem; cephalosporin; penam,no_reliable_match,,,,,,,1,0.01,Pseudomonas aeruginosa,True
ARO:3003184,PER-8,protein homolog model,antibiotic inactivation; carbapenem; cephalosporin; monobactam; penam; penem,no_reliable_match,,,,,,,1,0.01,Acinetobacter baumannii,True
ARO:3003186,CARB-23,protein homolog model,antibiotic inactivation; penam,no_reliable_match,,,,,,,1,0.36,Vibrio parahaemolyticus,True
ARO:3003188,QnrB76,protein homolog model,antibiotic target protection; fluoroquinolone antibiotic,no_reliable_match,,,,,,,10,20.72,Citrobacter portucalensis,True
ARO:3003196,tet(45),protein homolog model,antibiotic efflux; tetracycline antibiotic,no_reliable_match,,,,,,,45,100.0,Bacillus tequilensis,True
ARO:3003197,aadA25,protein homolog model,aminoglycoside antibiotic; antibiotic inactivation,no_reliable_match,,,,,,,4,0.04,Enterobacter hormaechei,True
ARO:3003200,AAC(6')-Ian,protein homolog model,aminoglycoside antibiotic; antibiotic inactivation,no_reliable_match,,,,,,,9,3.94,Acinetobacter baumannii,True
ARO:3003204,TLA-3,protein homolog model,antibiotic inactivation; cephalosporin; monobactam,no_reliable_match,,,,,,,2,0.27,Klebsiella michiganensis,True
ARO:3003206,lsaE,protein homolog model,antibiotic target protection; lincosamide antibiotic; pleuromutilin antibiotic; streptogramin antibiotic,no_reliable_match,,,,,,,22,33.33,Streptococcus porcinus,True
ARO:3003208,FosXCC,protein homolog model,antibiotic inactivation; phosphonic acid antibiotic,no_reliable_match,,,,,,,11,100.0,Megasphaera stantonii,True
ARO:3003324,Bacillus subtilis mprF,protein homolog model,antibiotic target alteration; peptide antibiotic,no_reliable_match,,,,,,,1,16.18,Bacillus subtilis,True
ARO:3003440,mecB,protein homolog model,antibiotic target replacement; carbapenem; cephalosporin; cephamycin; monobactam; penam,no_reliable_match,,,,,,,1,0.0,Macrococcus canis,True
ARO:3003441,cfrA,protein homolog model,antibiotic target alteration; lincosamide antibiotic; oxazolidinone antibiotic; phenicol antibiotic; pleuromutilin antibiotic; streptogramin A antibiotic; streptogramin antibiotic,no_reliable_match,,,,,,,20,2.53,Staphylococcus capitis,True
ARO:3003548,mdtN,protein homolog model,antibiotic efflux; disinfecting agents and antiseptics; nucleoside antibiotic,no_reliable_match,,,,,,,8,91.96,Shigella sonnei,True
ARO:3003549,mdtO,protein homolog model,antibiotic efflux; disinfecting agents and antiseptics; nucleoside antibiotic,no_reliable_match,,,,,,,6,92.77,Shigella sonnei,True
ARO:3003550,mdtP,protein homolog model,antibiotic efflux; disinfecting agents and antiseptics; nucleoside antibiotic,no_reliable_match,,,,,,,8,81.67,Shigella sonnei,True
ARO:3003553,CepS,protein homolog model,antibiotic inactivation; cephalosporin,no_reliable_match,,,,,,,1,30.65,Aeromonas hydrophila,True
ARO:3003558,y56 beta-lactamase,protein homolog model,antibiotic inactivation; cephalosporin; penam; penem,no_reliable_match,,,,,,,1,30.0,Yersinia enterocolitica,True
ARO:3003562,blaF,protein homolog model,antibiotic inactivation; penam,no_reliable_match,,,,,,,1,55.17,Mycolicibacterium fortuitum,True
ARO:3003576,eptA,protein homolog model,antibiotic target alteration; peptide antibiotic,no_reliable_match,,,,,,,8,96.67,Shigella dysenteriae,True
ARO:3003577,ugd,protein homolog model,antibiotic target alteration; peptide antibiotic,no_reliable_match,,,,,,,8,93.57,Shigella sonnei,True
ARO:3003578,PmrF,protein homolog model,antibiotic target alteration; peptide antibiotic,no_reliable_match,,,,,,,17,100.0,Citrobacter youngae,True
ARO:3003583,basS,protein homolog model,antibiotic efflux; antibiotic target alteration; peptide antibiotic,no_reliable_match,,,,,,,2,66.86,Pseudomonas aeruginosa,True
ARO:3003597,OXA-441,protein homolog model,antibiotic inactivation; carbapenem; cephalosporin; penam,no_reliable_match,,,,,,,1,0.06,Acinetobacter baumannii,True
ARO:3003599,OXA-443,protein homolog model,antibiotic inactivation; carbapenem; cephalosporin; penam,no_reliable_match,,,,,,,1,75.0,Ralstonia mannitolilytica,True
ARO:3003600,OXA-444,protein homolog model,antibiotic inactivation; carbapenem; cephalosporin; penam,no_reliable_match,,,,,,,1,75.0,Ralstonia mannitolilytica,True
ARO:3003606,OXA-450,protein homolog model,antibiotic inactivation; carbapenem; cephalosporin; penam,no_reliable_match,,,,,,,1,0.79,Campylobacter coli,True
ARO:3003607,OXA-451,protein homolog model,antibiotic inactivation; carbapenem; cephalosporin; penam,no_reliable_match,,,,,,,1,0.23,Campylobacter jejuni,True
ARO:3003608,OXA-452,protein homolog model,antibiotic inactivation; carbapenem; cephalosporin; penam,no_reliable_match,,,,,,,2,0.26,Campylobacter coli,True
ARO:3003609,OXA-453,protein homolog model,antibiotic inactivation; carbapenem; cephalosporin; penam,no_reliable_match,,,,,,,2,1.41,Campylobacter coli,True
ARO:3003616,OXA-460,protein homolog model,antibiotic inactivation; carbapenem; cephalosporin; penam,no_reliable_match,,,,,,,2,3.25,Campylobacter coli,True
ARO:3003617,OXA-461,protein homolog model,antibiotic inactivation; carbapenem; cephalosporin; penam,no_reliable_match,,,,,,,1,3.2,Campylobacter jejuni,True
ARO:3003633,OXA-476,protein homolog model,antibiotic inactivation; carbapenem; cephalosporin; penam,no_reliable_match,,,,,,,1,9.09,Brachyspira pilosicoli,True
ARO:3003641,OXA-484,protein homolog model,antibiotic inactivation; carbapenem; cephalosporin; penam,no_reliable_match,,,,,,,1,0.01,Escherichia coli,True
ARO:3003642,OXA-485,protein homolog model,antibiotic inactivation; carbapenem; cephalosporin; penam,no_reliable_match,,,,,,,1,0.14,Pseudomonas aeruginosa,True
ARO:3003643,OXA-486,protein homolog model,antibiotic inactivation; carbapenem; cephalosporin; penam,no_reliable_match,,,,,,,1,10.3,Pseudomonas aeruginosa,True
ARO:3003645,OXA-488,protein homolog model,antibiotic inactivation; carbapenem; cephalosporin; penam,no_reliable_match,,,,,,,1,10.7,Pseudomonas aeruginosa,True
ARO:3003647,CTX-M-163,protein homolog model,antibiotic inactivation; cephalosporin,no_reliable_match,,,,,,,2,0.0,Klebsiella pneumoniae,True
ARO:3003649,CTX-M-165,protein homolog model,antibiotic inactivation; cephalosporin,no_reliable_match,,,,,,,1,0.02,Salmonella enterica,True
ARO:3003650,CTX-M-166,protein homolog model,antibiotic inactivation; cephalosporin,no_reliable_match,,,,,,,1,0.0,Escherichia coli,True
ARO:3003652,CMY-132,protein homolog model,antibiotic inactivation; cephamycin,no_reliable_match,,,,,,,7,2.56,Citrobacter werkmanii,True
ARO:3003655,ACT-38,protein homolog model,antibiotic inactivation; carbapenem; cephalosporin; cephamycin; penam,no_reliable_match,,,,,,,2,25.58,Leclercia adecarboxylata,True
ARO:3003664,NDM-16a,protein homolog model,antibiotic inactivation; carbapenem; cephalosporin; cephamycin; penam,no_reliable_match,,,,,,,3,0.06,Acinetobacter baumannii,True
ARO:3003665,NmcR,protein homolog model,antibiotic inactivation; carbapenem; cephalosporin; cephamycin; penam,no_reliable_match,,,,,,,4,4.79,Enterobacter cloacae,True
ARO:3003676,AAC(6')-Ib',protein homolog model,aminoglycoside antibiotic; antibiotic inactivation,no_reliable_match,,,,,,,13,7.01,Providencia rettgeri,True
ARO:3003679,TriA,protein homolog model,antibiotic efflux; disinfecting agents and antiseptics,no_reliable_match,,,,,,,2,67.43,Pseudomonas aeruginosa,True
ARO:3003680,TriB,protein homolog model,antibiotic efflux; disinfecting agents and antiseptics,no_reliable_match,,,,,,,2,67.9,Pseudomonas aeruginosa,True
ARO:3003681,TriC,protein homolog model,antibiotic efflux; disinfecting agents and antiseptics,no_reliable_match,,,,,,,2,67.25,Pseudomonas aeruginosa,True
ARO:3003682,OpmH,protein homolog model,antibiotic efflux; disinfecting agents and antiseptics,no_reliable_match,,,,,,,2,67.67,Pseudomonas aeruginosa,True
ARO:3003689,MCR-1.1,protein homolog model,antibiotic target alteration; peptide antibiotic,no_reliable_match,,,,,,,13,9.78,Escherichia fergusonii,True
ARO:3003692,MexJ,protein homolog model,antibiotic efflux; disinfecting agents and antiseptics; macrolide antibiotic; tetracycline antibiotic,no_reliable_match,,,,,,,2,66.56,Pseudomonas aeruginosa,True
ARO:3003693,MexK,protein homolog model,antibiotic efflux; disinfecting agents and antiseptics; macrolide antibiotic; tetracycline antibiotic,no_reliable_match,,,,,,,2,66.93,Pseudomonas aeruginosa,True
ARO:3003698,mexP,protein homolog model,antibiotic efflux; carbapenem; diaminopyrimidine antibiotic; disinfecting agents and antiseptics; macrolide antibiotic; phenicol antibiotic; tetracycline antibiotic,no_reliable_match,,,,,,,2,67.93,Pseudomonas aeruginosa,True
ARO:3003699,mexQ,protein homolog model,antibiotic efflux; carbapenem; diaminopyrimidine antibiotic; disinfecting agents and antiseptics; macrolide antibiotic; phenicol antibiotic; tetracycline antibiotic,no_reliable_match,,,,,,,2,65.99,Pseudomonas aeruginosa,True
ARO:3003700,opmE,protein homolog model,antibiotic efflux; carbapenem; diaminopyrimidine antibiotic; disinfecting agents and antiseptics; macrolide antibiotic; phenicol antibiotic; tetracycline antibiotic,no_reliable_match,,,,,,,2,66.45,Pseudomonas aeruginosa,True
ARO:3003704,mexM,protein homolog model,antibiotic efflux; phenicol antibiotic,no_reliable_match,,,,,,,2,64.71,Pseudomonas aeruginosa,True
ARO:3003705,mexN,protein homolog model,antibiotic efflux; phenicol antibiotic,no_reliable_match,,,,,,,2,65.75,Pseudomonas aeruginosa,True
ARO:3003710,MexL,protein homolog model,antibiotic efflux; disinfecting agents and antiseptics; macrolide antibiotic; tetracycline antibiotic,no_reliable_match,,,,,,,2,67.76,Pseudomonas aeruginosa,True
ARO:3003712,VEB-1b,protein homolog model,antibiotic inactivation; cephalosporin; monobactam,no_reliable_match,,,,,,,3,0.76,Pseudomonas stutzeri,True
ARO:3003723,vanI,protein homolog model,antibiotic target alteration; glycopeptide antibiotic,no_reliable_match,,,,,,,1,0.0,Nocardia terpenica,True
ARO:3003724,vanW gene in vanI cluster,protein homolog model,antibiotic target alteration; glycopeptide antibiotic,no_reliable_match,,,,,,,56,100.0,Brevibacillus brevis,True
ARO:3003730,Bifidobacterium bifidum ileS conferring resistance to mupirocin,protein homolog model,antibiotic target alteration; mupirocin-like antibiotic,no_reliable_match,,,,,,,1,62.69,Bifidobacterium bifidum,True
ARO:3003742,mphG,protein homolog model,antibiotic inactivation; macrolide antibiotic,no_reliable_match,,,,,,,3,2.94,Alcaligenes faecalis,True
ARO:3003762,lnuE,protein homolog model,antibiotic inactivation; lincosamide antibiotic,no_reliable_match,,,,,,,1,0.04,Enterococcus faecalis,True
ARO:3003767,mphM,protein homolog model,antibiotic inactivation; macrolide antibiotic,no_reliable_match,,,,,,,3,3.14,Bacillus thuringiensis,True
ARO:3003770,Listeria monocytogenes mprF,protein homolog model,antibiotic target alteration; peptide antibiotic,no_reliable_match,,,,,,,1,73.93,Listeria monocytogenes,True
ARO:3003772,Brucella suis mprF,protein homolog model,antibiotic target alteration; peptide antibiotic,no_reliable_match,,,,,,,6,100.0,Brucella inopinata,True
ARO:3003773,Clostridium perfringens mprF,protein homolog model,antibiotic target alteration; peptide antibiotic,no_reliable_match,,,,,,,1,48.41,Clostridium perfringens,True
ARO:3003774,Streptococcus agalactiae mprF,protein homolog model,antibiotic target alteration; peptide antibiotic,no_reliable_match,,,,,,,1,77.19,Streptococcus agalactiae,True
ARO:3003785,Chlamydia trachomatis intrinsic murA conferring resistance to fosfomycin,protein homolog model,antibiotic target alteration; phosphonic acid antibiotic,no_reliable_match,,,,,,,2,100.0,Chlamydia suis,True
ARO:3003796,Acinetobacter baumannii ampC beta-lactamase,protein homolog model,antibiotic inactivation; cephalosporin; penam,no_reliable_match,,,,,,,1,0.01,Acinetobacter baumannii,True
ARO:3003801,bcr-1,protein homolog model,antibiotic efflux; bicyclomycin-like antibiotic,no_reliable_match,,,,,,,2,66.85,Pseudomonas aeruginosa,True
ARO:3003811,adeC,protein homolog model,antibiotic efflux; glycylcycline; tetracycline antibiotic,no_reliable_match,,,,,,,2,48.93,Acinetobacter baumannii,True
ARO:3003838,gadW,protein homolog model,antibiotic efflux; fluoroquinolone antibiotic; macrolide antibiotic; penam,no_reliable_match,,,,,,,4,12.75,Escherichia coli,True
ARO:3003839,Mrx,protein homolog model,antibiotic inactivation; macrolide antibiotic,no_reliable_match,,,,,,,47,24.32,Citrobacter portucalensis,True
ARO:3003841,kdpE,protein homolog model,aminoglycoside antibiotic; antibiotic efflux,no_reliable_match,,,,,,,17,100.0,Shigella dysenteriae,True
ARO:3003842,MUS-2,protein homolog model,antibiotic inactivation; carbapenem; penam; penem,no_reliable_match,,,,,,,1,7.14,Myroides odoratimimus,True
ARO:3003843,leuO,protein homolog model,antibiotic efflux; disinfecting agents and antiseptics; nucleoside antibiotic,no_reliable_match,,,,,,,30,100.0,Enterobacter cancerogenus,True
ARO:3003847,ADC-1,protein homolog model,antibiotic inactivation; cephalosporin,no_reliable_match,,,,,,,1,0.1,Acinetobacter baumannii,True
ARO:3003848,ADC-2,protein homolog model,antibiotic inactivation; cephalosporin,no_reliable_match,,,,,,,1,0.12,Acinetobacter baumannii,True
ARO:3003851,ADC-5,protein homolog model,antibiotic inactivation; cephalosporin,no_reliable_match,,,,,,,1,1.11,Acinetobacter baumannii,True
ARO:3003852,ADC-6,protein homolog model,antibiotic inactivation; cephalosporin,no_reliable_match,,,,,,,1,0.53,Acinetobacter baumannii,True
ARO:3003853,ADC-7,protein homolog model,antibiotic inactivation; cephalosporin,no_reliable_match,,,,,,,1,0.01,Acinetobacter baumannii,True
ARO:3003855,ADC-10,protein homolog model,antibiotic inactivation; cephalosporin,no_reliable_match,,,,,,,1,0.45,Acinetobacter baumannii,True
ARO:3003856,ADC-12,protein homolog model,antibiotic inactivation; cephalosporin,no_reliable_match,,,,,,,1,0.0,Acinetobacter pittii,True
ARO:3003857,ADC-13,protein homolog model,antibiotic inactivation; cephalosporin,no_reliable_match,,,,,,,1,1.99,Acinetobacter pittii,True
ARO:3003859,ADC-15,protein homolog model,antibiotic inactivation; cephalosporin,no_reliable_match,,,,,,,1,0.57,Acinetobacter pittii,True
ARO:3003862,ADC-18,protein homolog model,antibiotic inactivation; cephalosporin,no_reliable_match,,,,,,,2,41.76,Acinetobacter pittii,True
ARO:3003863,ADC-19,protein homolog model,antibiotic inactivation; cephalosporin,no_reliable_match,,,,,,,1,0.57,Acinetobacter pittii,True
ARO:3003864,ADC-20,protein homolog model,antibiotic inactivation; cephalosporin,no_reliable_match,,,,,,,1,0.57,Acinetobacter pittii,True
ARO:3003866,ADC-22,protein homolog model,antibiotic inactivation; cephalosporin,no_reliable_match,,,,,,,1,1.99,Acinetobacter pittii,True
ARO:3003867,ADC-23,protein homolog model,antibiotic inactivation; cephalosporin,no_reliable_match,,,,,,,1,0.57,Acinetobacter pittii,True
ARO:3003870,ADC-31,protein homolog model,antibiotic inactivation; cephalosporin,no_reliable_match,,,,,,,1,0.06,Acinetobacter baumannii,True
ARO:3003872,ADC-41,protein homolog model,antibiotic inactivation; cephalosporin,no_reliable_match,,,,,,,1,0.01,Acinetobacter baumannii,True
ARO:3003874,ADC-43,protein homolog model,antibiotic inactivation; cephalosporin,no_reliable_match,,,,,,,2,5.4,Acinetobacter pittii,True
ARO:3003876,ADC-44,protein homolog model,antibiotic inactivation; cephalosporin,no_reliable_match,,,,,,,1,0.28,Acinetobacter pittii,True
ARO:3003878,ADC-56,protein homolog model,antibiotic inactivation; cephalosporin,no_reliable_match,,,,,,,1,0.89,Acinetobacter baumannii,True
ARO:3003879,ADC-61,protein homolog model,antibiotic inactivation; cephalosporin,no_reliable_match,,,,,,,1,0.04,Acinetobacter baumannii,True
ARO:3003880,ADC-74,protein homolog model,antibiotic inactivation; cephalosporin,no_reliable_match,,,,,,,1,0.71,Acinetobacter baumannii,True
ARO:3003881,ADC-75,protein homolog model,antibiotic inactivation; cephalosporin,no_reliable_match,,,,,,,1,0.03,Acinetobacter baumannii,True
ARO:3003882,ADC-76,protein homolog model,antibiotic inactivation; cephalosporin,no_reliable_match,,,,,,,1,1.33,Acinetobacter baumannii,True
ARO:3003884,ADC-78,protein homolog model,antibiotic inactivation; cephalosporin,no_reliable_match,,,,,,,1,0.06,Acinetobacter baumannii,True
ARO:3003885,ADC-79,protein homolog model,antibiotic inactivation; cephalosporin,no_reliable_match,,,,,,,1,0.69,Acinetobacter baumannii,True
ARO:3003886,ADC-80,protein homolog model,antibiotic inactivation; cephalosporin,no_reliable_match,,,,,,,1,0.4,Acinetobacter baumannii,True
ARO:3003887,ADC-81,protein homolog model,antibiotic inactivation; cephalosporin,no_reliable_match,,,,,,,1,0.29,Acinetobacter baumannii,True
ARO:3003888,ADC-82,protein homolog model,antibiotic inactivation; cephalosporin,no_reliable_match,,,,,,,1,0.29,Acinetobacter baumannii,True
ARO:3003920,pgpB,protein homolog model,antibiotic target alteration; peptide antibiotic,no_reliable_match,,,,,,,1,68.97,Porphyromonas gingivalis,True
ARO:3003948,efrA,protein homolog model,antibiotic efflux; fluoroquinolone antibiotic; macrolide antibiotic; rifamycin antibiotic,no_reliable_match,,,,,,,1,43.33,Enterococcus faecalis,True
ARO:3003950,msbA,protein homolog model,antibiotic efflux; nitroimidazole antibiotic,no_reliable_match,,,,,,,38,100.0,Citrobacter youngae,True
ARO:3003952,YojI,protein homolog model,antibiotic efflux; peptide antibiotic,no_reliable_match,,,,,,,6,100.0,Shigella dysenteriae,True
ARO:3003953,hmrM,protein homolog model,antibiotic efflux; disinfecting agents and antiseptics; fluoroquinolone antibiotic,no_reliable_match,,,,,,,1,0.0,Haemophilus influenzae,True
ARO:3003954,efmA,protein homolog model,antibiotic efflux; fluoroquinolone antibiotic; macrolide antibiotic,no_reliable_match,,,,,,,2,49.88,Enterococcus faecium,True
ARO:3003955,efpA,protein homolog model,antibiotic efflux; isoniazid-like antibiotic; rifamycin antibiotic,no_reliable_match,,,,,,,1,69.68,Mycobacterium tuberculosis,True
ARO:3003961,farA,protein homolog model,antibacterial free fatty acids; antibiotic efflux,no_reliable_match,,,,,,,1,12.61,Neisseria meningitidis,True
ARO:3003962,farB,protein homolog model,antibacterial free fatty acids; antibiotic efflux,no_reliable_match,,,,,,,2,78.32,Neisseria meningitidis,True
ARO:3003964,hp1181,protein homolog model,antibiotic efflux; fluoroquinolone antibiotic; nitroimidazole antibiotic; tetracycline antibiotic,no_reliable_match,,,,,,,1,2.42,Helicobacter pylori,True
ARO:3003969,lmrP,protein homolog model,antibiotic efflux; lincosamide antibiotic; macrolide antibiotic; streptogramin A antibiotic; streptogramin antibiotic; tetracycline antibiotic,no_reliable_match,,,,,,,1,4.58,Streptococcus pyogenes,True
ARO:3003971,Erm(44)v,protein homolog model,antibiotic target alteration; lincosamide antibiotic; macrolide antibiotic; streptogramin antibiotic,no_reliable_match,,,,,,,1,4.2,Staphylococcus saprophyticus,True
ARO:3004038,Pseudomonas aeruginosa emrE,protein homolog model,aminoglycoside antibiotic; antibiotic efflux,no_reliable_match,,,,,,,2,68.23,Pseudomonas aeruginosa,True
ARO:3004039,Escherichia coli emrE,protein homolog model,antibiotic efflux; macrolide antibiotic,no_reliable_match,,,,,,,10,92.4,Shigella sonnei,True
ARO:3004042,Enterobacter cloacae acrA,protein homolog model,antibiotic efflux; cephalosporin; disinfecting agents and antiseptics; fluoroquinolone antibiotic; glycylcycline; penam; phenicol antibiotic; rifamycin antibiotic; tetracycline antibiotic,no_reliable_match,,,,,,,2,51.44,Enterobacter roggenkampii,True
ARO:3004043,Escherichia coli acrA,protein homolog model,antibiotic efflux; cephalosporin; disinfecting agents and antiseptics; fluoroquinolone antibiotic; glycylcycline; penam; phenicol antibiotic; rifamycin antibiotic; tetracycline antibiotic,no_reliable_match,,,,,,,16,100.0,Shigella dysenteriae,True
ARO:3004047,kdpD,protein homolog model,aminoglycoside antibiotic; antibiotic efflux,no_reliable_match,,,,,,,1,55.26,Staphylococcus aureus,True
ARO:3004054,Pseudomonas aeruginosa CpxR,protein homolog model,aminocoumarin antibiotic; aminoglycoside antibiotic; antibiotic efflux; carbapenem; cephalosporin; cephamycin; diaminopyrimidine antibiotic; fluoroquinolone antibiotic; macrolide antibiotic; monobactam; penam; penem; peptide antibiotic; phenicol antibiotic; sulfonamide antibiotic; tetracycline antibiotic,no_reliable_match,,,,,,,2,66.83,Pseudomonas aeruginosa,True
ARO:3004056,ArmR,protein homolog model,aminocoumarin antibiotic; antibiotic efflux; carbapenem; cephalosporin; cephamycin; diaminopyrimidine antibiotic; fluoroquinolone antibiotic; macrolide antibiotic; monobactam; penam; penem; peptide antibiotic; phenicol antibiotic; sulfonamide antibiotic; tetracycline antibiotic,no_reliable_match,,,,,,,1,29.04,Pseudomonas aeruginosa,True
ARO:3004063,EdeQ,protein homolog model,antibiotic inactivation; peptide antibiotic; polyamine antibiotic,no_reliable_match,,,,,,,1,100.0,Brevibacillus brevis,True
ARO:3004072,OpmB,protein homolog model,aminocoumarin antibiotic; antibiotic efflux; macrolide antibiotic; monobactam; tetracycline antibiotic,no_reliable_match,,,,,,,2,67.73,Pseudomonas aeruginosa,True
ARO:3004073,MuxA,protein homolog model,aminocoumarin antibiotic; antibiotic efflux; macrolide antibiotic; monobactam; tetracycline antibiotic,no_reliable_match,,,,,,,2,56.13,Pseudomonas aeruginosa,True
ARO:3004074,MuxB,protein homolog model,aminocoumarin antibiotic; antibiotic efflux; macrolide antibiotic; monobactam; tetracycline antibiotic,no_reliable_match,,,,,,,2,65.91,Pseudomonas aeruginosa,True
ARO:3004075,MuxC,protein homolog model,aminocoumarin antibiotic; antibiotic efflux; macrolide antibiotic; monobactam; tetracycline antibiotic,no_reliable_match,,,,,,,2,66.13,Pseudomonas aeruginosa,True
ARO:3004077,PmpM,protein homolog model,aminoglycoside antibiotic; antibiotic efflux; disinfecting agents and antiseptics; fluoroquinolone antibiotic,no_reliable_match,,,,,,,2,66.85,Pseudomonas aeruginosa,True
ARO:3004085,lnuG,protein homolog model,antibiotic inactivation; lincosamide antibiotic,no_reliable_match,,,,,,,25,8.33,Ligilactobacillus animalis,True
ARO:3004089,ANT(3'')-IIa,protein homolog model,aminoglycoside antibiotic; antibiotic inactivation,no_reliable_match,,,,,,,48,15.29,Providencia rettgeri,True
ARO:3004090,ANT(3'')-IIb,protein homolog model,aminoglycoside antibiotic; antibiotic inactivation,no_reliable_match,,,,,,,8,3.85,Acinetobacter towneri,True
ARO:3004091,ANT(3'')-IIc,protein homolog model,aminoglycoside antibiotic; antibiotic inactivation,no_reliable_match,,,,,,,7,63.18,Acinetobacter baumannii,True
ARO:3004092,HMB-1,protein homolog model,antibiotic inactivation; carbapenem,no_reliable_match,,,,,,,1,0.03,Pseudomonas aeruginosa,True
ARO:3004094,Erm(48),protein homolog model,antibiotic target alteration; lincosamide antibiotic; macrolide antibiotic; streptogramin antibiotic; streptogramin B antibiotic,no_reliable_match,,,,,,,1,1.79,Staphylococcus equorum,True
ARO:3004099,LpeA,protein homolog model,antibiotic efflux; macrolide antibiotic,no_reliable_match,,,,,,,1,11.53,Legionella pneumophila,True
ARO:3004100,LpeB,protein homolog model,antibiotic efflux; macrolide antibiotic,no_reliable_match,,,,,,,1,11.86,Legionella pneumophila,True
ARO:3004107,Pseudomonas aeruginosa soxR,protein homolog model,antibiotic efflux; antibiotic target alteration; cephalosporin; disinfecting agents and antiseptics; fluoroquinolone antibiotic; glycylcycline; penam; phenicol antibiotic; rifamycin antibiotic; tetracycline antibiotic,no_reliable_match,,,,,,,11,87.5,Pseudomonas synxantha,True
ARO:3004122,Klebsiella pneumoniae OmpK37,protein homolog model,carbapenem; cephalosporin; cephamycin; monobactam; penam; penem; reduced permeability to antibiotic,no_reliable_match,,,,,,,3,71.97,Klebsiella quasipneumoniae,True
ARO:3004123,Burkholderia pseudomallei Omp38,protein homolog model,carbapenem; cephalosporin; cephamycin; monobactam; penam; penem; reduced permeability to antibiotic,no_reliable_match,,,,,,,4,100.0,Burkholderia oklahomensis,True
ARO:3004139,MCR-3.1,protein homolog model,antibiotic target alteration; peptide antibiotic,no_reliable_match,,,,,,,4,0.11,Salmonella enterica,True
ARO:3004142,OprZ,protein homolog model,aminoglycoside antibiotic; antibiotic efflux; cephalosporin; fluoroquinolone antibiotic; macrolide antibiotic,no_reliable_match,,,,,,,2,78.57,Achromobacter insolitus,True
ARO:3004143,AxyX,protein homolog model,aminoglycoside antibiotic; antibiotic efflux; cephalosporin; fluoroquinolone antibiotic; macrolide antibiotic,no_reliable_match,,,,,,,2,78.57,Achromobacter insolitus,True
ARO:3004144,AxyY,protein homolog model,aminoglycoside antibiotic; antibiotic efflux; cephalosporin; fluoroquinolone antibiotic; macrolide antibiotic,no_reliable_match,,,,,,,2,78.57,Achromobacter insolitus,True
ARO:3004146,cfrC,protein homolog model,antibiotic target alteration; lincosamide antibiotic; oxazolidinone antibiotic; phenicol antibiotic; streptogramin antibiotic,no_reliable_match,,,,,,,2,38.04,Clostridium botulinum,True
ARO:3004185,mecD,protein homolog model,antibiotic target replacement; carbapenem; cephalosporin; cephamycin; monobactam; penam,no_reliable_match,,,,,,,1,12.5,Macrococcus canis,True
ARO:3004189,Bla2,protein homolog model,antibiotic inactivation; carbapenem; cephalosporin; penam,no_reliable_match,,,,,,,3,76.75,Bacillus anthracis,True
ARO:3004239,NPS-1,protein homolog model,antibiotic inactivation; cephalosporin; penam,no_reliable_match,,,,,,,6,5.91,Aeromonas caviae,True
ARO:3004254,vanV gene in vanB cluster,protein homolog model,antibiotic target alteration; glycopeptide antibiotic,no_reliable_match,,,,,,,1,0.0,Enterococcus faecalis,True
ARO:3004289,Vibrio cholerae varG,protein homolog model,antibiotic inactivation; carbapenem,no_reliable_match,,,,,,,4,100.0,Vibrio mimicus,True
ARO:3004290,Escherichia coli ampC beta-lactamase,protein homolog model,antibiotic inactivation; cephalosporin; penam,no_reliable_match,,,,,,,8,83.71,Shigella sonnei,True
ARO:3004292,Laribacter hongkongensis ampC beta-lactamase,protein homolog model,antibiotic inactivation; cephalosporin; penam,no_reliable_match,,,,,,,1,6.25,Laribacter hongkongensis,True
ARO:3004332,MCR-5.1,protein homolog model,antibiotic target alteration; peptide antibiotic,no_reliable_match,,,,,,,7,0.44,Enterobacter kobei,True
ARO:3004337,PDC-74,protein homolog model,antibiotic inactivation; carbapenem; cephalosporin; monobactam,no_reliable_match,,,,,,,1,0.19,Pseudomonas aeruginosa,True
ARO:3004343,PDC-80,protein homolog model,antibiotic inactivation; carbapenem; cephalosporin; monobactam,no_reliable_match,,,,,,,1,0.17,Pseudomonas aeruginosa,True
ARO:3004349,PDC-86,protein homolog model,antibiotic inactivation; carbapenem; cephalosporin; monobactam,no_reliable_match,,,,,,,1,0.01,Pseudomonas aeruginosa,True
ARO:3004357,catV,protein homolog model,antibiotic inactivation; phenicol antibiotic,no_reliable_match,,,,,,,1,100.0,Brevibacillus brevis,True
ARO:3004361,sul4,protein homolog model,antibiotic target replacement; sulfonamide antibiotic,no_reliable_match,,,,,,,3,0.54,Aeromonas caviae,True
ARO:3004364,almG,protein homolog model,antibiotic target alteration; peptide antibiotic,no_reliable_match,,,,,,,2,77.76,Vibrio cholerae,True
ARO:3004441,tet(59),protein homolog model,antibiotic efflux; tetracycline antibiotic,no_reliable_match,,,,,,,17,71.43,Providencia heimbachae,True
ARO:3004442,tet(W/N/W),protein homolog model,antibiotic target protection; tetracycline antibiotic,no_reliable_match,,,,,,,9,20.0,Christensenella minuta,True
ARO:3004444,RSA1-1,protein homolog model,antibiotic inactivation; carbapenem; cephalosporin,no_reliable_match,,,,,,,1,0.54,Aeromonas caviae,True
ARO:3004450,TRU-1,protein homolog model,antibiotic inactivation; cephalosporin; penam,no_reliable_match,,,,,,,2,87.5,Aeromonas enteropelogenes,True
ARO:3004454,Campylobacter coli chloramphenicol acetyltransferase,protein homolog model,antibiotic inactivation; phenicol antibiotic,no_reliable_match,,,,,,,5,3.45,Helicobacter pullorum,True
ARO:3004455,Streptococcus suis chloramphenicol acetyltransferase,protein homolog model,antibiotic inactivation; phenicol antibiotic,no_reliable_match,,,,,,,21,5.15,Streptococcus pneumoniae,True
ARO:3004456,Enterococcus faecium chloramphenicol acetyltransferase,protein homolog model,antibiotic inactivation; phenicol antibiotic,no_reliable_match,,,,,,,10,7.5,Staphylococcus arlettae,True
ARO:3004457,Staphylococcus intermedius chloramphenicol acetyltransferase,protein homolog model,antibiotic inactivation; phenicol antibiotic,no_reliable_match,,,,,,,11,8.35,Staphylococcus haemolyticus,True
ARO:3004458,Enterococcus faecalis chloramphenicol acetyltransferase,protein homolog model,antibiotic inactivation; phenicol antibiotic,no_reliable_match,,,,,,,12,20.51,Staphylococcus pseudintermedius,True
ARO:3004460,Vibrio anguillarum chloramphenicol acetyltransferase,protein homolog model,antibiotic inactivation; phenicol antibiotic,no_reliable_match,,,,,,,2,3.76,Aeromonas caviae,True
ARO:3004466,ICR-Mc,protein homolog model,antibiotic target alteration; peptide antibiotic,no_reliable_match,,,,,,,1,93.26,Moraxella catarrhalis,True
ARO:3004476,vmlR,protein homolog model,antibiotic target protection; lincosamide antibiotic; nucleoside antibiotic; pleuromutilin antibiotic; streptogramin A antibiotic; streptogramin antibiotic; streptogramin B antibiotic,no_reliable_match,,,,,,,1,67.92,Bacillus subtilis,True
ARO:3004480,Bifidobacterium adolescentis rpoB mutants conferring resistance to rifampicin,protein homolog model,antibiotic target alteration; antibiotic target replacement; peptide antibiotic; rifamycin antibiotic,no_reliable_match,,,,,,,8,100.0,Bifidobacterium thermophilum,True
ARO:3004489,OXA-663,protein homolog model,antibiotic inactivation; carbapenem; cephalosporin; penam,no_reliable_match,,,,,,,1,0.01,Klebsiella pneumoniae,True
ARO:3004493,ADC-68,protein homolog model,antibiotic inactivation; carbapenem,no_reliable_match,,,,,,,1,0.0,Acinetobacter baumannii,True
ARO:3004495,IMP-56,protein homolog model,antibiotic inactivation; carbapenem; cephalosporin; cephamycin; penam; penem,no_reliable_match,,,,,,,2,0.53,Pseudomonas putida,True
ARO:3004496,KPC-24,protein homolog model,antibiotic inactivation; carbapenem; cephalosporin; monobactam; penam,no_reliable_match,,,,,,,1,0.56,Aeromonas veronii,True
ARO:3004500,MCR-3.11,protein homolog model,antibiotic target alteration; peptide antibiotic,no_reliable_match,,,,,,,1,0.01,Klebsiella pneumoniae,True
ARO:3004503,MCR-3.6,protein homolog model,antibiotic target alteration; peptide antibiotic,no_reliable_match,,,,,,,1,0.0,Aeromonas hydrophila,True
ARO:3004505,MCR-3.5,protein homolog model,antibiotic target alteration; peptide antibiotic,no_reliable_match,,,,,,,5,0.16,Shigella flexneri,True
ARO:3004508,MCR-3.9,protein homolog model,antibiotic target alteration; peptide antibiotic,no_reliable_match,,,,,,,1,0.0,Aeromonas hydrophila,True
ARO:3004511,MCR-3.2,protein homolog model,antibiotic target alteration; peptide antibiotic,no_reliable_match,,,,,,,1,0.02,Escherichia coli,True
ARO:3004516,MCR-8.1,protein homolog model,antibiotic target alteration; peptide antibiotic,no_reliable_match,,,,,,,1,0.27,Klebsiella pneumoniae,True
ARO:3004544,mphJ,protein homolog model,antibiotic inactivation; macrolide antibiotic,no_reliable_match,,,,,,,1,90.0,Brevibacillus brevis,True
ARO:3004569,ICR-Mo,protein homolog model,antibiotic target alteration; peptide antibiotic,no_reliable_match,,,,,,,1,78.57,Moraxella osloensis,True
ARO:3004572,Staphylococcus aureus LmrS,protein homolog model,aminoglycoside antibiotic; antibiotic efflux; diaminopyrimidine antibiotic; macrolide antibiotic; oxazolidinone antibiotic; phenicol antibiotic,no_reliable_match,,,,,,,1,51.58,Staphylococcus aureus,True
ARO:3004573,Acinetobacter baumannii AbaF,protein homolog model,antibiotic efflux; phosphonic acid antibiotic,no_reliable_match,,,,,,,5,60.37,Acinetobacter baumannii,True
ARO:3004574,Acinetobacter baumannii AbaQ,protein homolog model,antibiotic efflux; fluoroquinolone antibiotic,no_reliable_match,,,,,,,16,91.3,Pseudomonas koreensis,True
ARO:3004577,Acinetobacter baumannii AmvA,protein homolog model,antibiotic efflux; disinfecting agents and antiseptics; macrolide antibiotic,no_reliable_match,,,,,,,6,82.61,Acinetobacter calcoaceticus,True
ARO:3004580,Klebsiella pneumoniae KpnE,protein homolog model,aminoglycoside antibiotic; antibiotic efflux; cephalosporin; disinfecting agents and antiseptics; macrolide antibiotic; peptide antibiotic; rifamycin antibiotic; tetracycline antibiotic,no_reliable_match,,,,,,,38,100.0,Citrobacter youngae,True
ARO:3004583,Klebsiella pneumoniae KpnF,protein homolog model,aminoglycoside antibiotic; antibiotic efflux; cephalosporin; disinfecting agents and antiseptics; macrolide antibiotic; peptide antibiotic; rifamycin antibiotic; tetracycline antibiotic,no_reliable_match,,,,,,,57,100.0,Citrobacter youngae,True
ARO:3004588,Klebsiella pneumoniae KpnG,protein homolog model,aminoglycoside antibiotic; antibiotic efflux; carbapenem; cephalosporin; fluoroquinolone antibiotic; macrolide antibiotic; penam; penem; peptide antibiotic,no_reliable_match,,,,,,,7,94.87,Raoultella planticola,True
ARO:3004595,erm(45),protein homolog model,antibiotic target alteration; lincosamide antibiotic; macrolide antibiotic; streptogramin antibiotic; streptogramin B antibiotic,no_reliable_match,,,,,,,2,25.0,Macrococcus canis,True
ARO:3004596,erm(46),protein homolog model,antibiotic target alteration; lincosamide antibiotic; macrolide antibiotic; streptogramin antibiotic,no_reliable_match,,,,,,,1,0.0,Rhodococcus pyridinivorans,True
ARO:3004597,Klebsiella pneumoniae KpnH,protein homolog model,aminoglycoside antibiotic; antibiotic efflux; carbapenem; cephalosporin; fluoroquinolone antibiotic; macrolide antibiotic; penam; penem; peptide antibiotic,no_reliable_match,,,,,,,51,100.0,Serratia odorifera,True
ARO:3004599,clcD,protein homolog model,antibiotic target alteration; lincosamide antibiotic; oxazolidinone antibiotic; phenicol antibiotic; pleuromutilin antibiotic; streptogramin A antibiotic; streptogramin antibiotic; streptogramin B antibiotic,no_reliable_match,,,,,,,3,0.1,Enterococcus faecium,True
ARO:3004600,LnuH,protein homolog model,antibiotic inactivation; lincosamide antibiotic,no_reliable_match,,,,,,,5,100.0,Myroides phaeus,True
ARO:3004601,LnuP,protein homolog model,antibiotic inactivation; lincosamide antibiotic,no_reliable_match,,,,,,,2,4.16,Clostridium perfringens,True
ARO:3004603,tet(56),protein homolog model,antibiotic inactivation; tetracycline antibiotic,no_reliable_match,,,,,,,1,100.0,Legionella longbeachae,True
ARO:3004608,EreD,protein homolog model,antibiotic inactivation; macrolide antibiotic,no_reliable_match,,,,,,,10,11.81,Riemerella anatipestifer,True
ARO:3004615,ADC-11,protein homolog model,antibiotic inactivation; cephalosporin,no_reliable_match,,,,,,,1,1.23,Acinetobacter baumannii,True
ARO:3004617,ADC-30,protein homolog model,antibiotic inactivation; cephalosporin,no_reliable_match,,,,,,,2,16.81,Acinetobacter baumannii,True
ARO:3004618,ADC-58,protein homolog model,antibiotic inactivation; cephalosporin,no_reliable_match,,,,,,,1,0.01,Acinetobacter baumannii,True
ARO:3004620,ADC-60,protein homolog model,antibiotic inactivation; cephalosporin,no_reliable_match,,,,,,,1,0.01,Acinetobacter baumannii,True
ARO:3004622,QnrS10,protein homolog model,antibiotic target protection; fluoroquinolone antibiotic,no_reliable_match,,,,,,,1,0.01,Klebsiella pneumoniae,True
ARO:3004624,QnrS11,protein homolog model,antibiotic target protection; fluoroquinolone antibiotic,no_reliable_match,,,,,,,2,0.0,Salmonella enterica,True
ARO:3004626,Erm(49),protein homolog model,antibiotic target alteration; lincosamide antibiotic; macrolide antibiotic; streptogramin antibiotic,no_reliable_match,,,,,,,3,2.41,Bifidobacterium breve,True
ARO:3004633,ADC-67,protein homolog model,antibiotic inactivation; cephalosporin,no_reliable_match,,,,,,,1,0.01,Acinetobacter baumannii,True
ARO:3004634,ADC-73,protein homolog model,antibiotic inactivation; cephalosporin,no_reliable_match,,,,,,,1,13.78,Acinetobacter baumannii,True
ARO:3004636,qnrE1,protein homolog model,antibiotic target protection; fluoroquinolone antibiotic,no_reliable_match,,,,,,,8,13.44,Enterobacter asburiae,True
ARO:3004637,qnrE2,protein homolog model,antibiotic target protection; fluoroquinolone antibiotic,no_reliable_match,,,,,,,3,5.14,Enterobacter asburiae,True
ARO:3004638,AAC(6')-I-48,protein homolog model,aminoglycoside antibiotic; antibiotic inactivation,no_reliable_match,,,,,,,1,0.0,Aeromonas veronii,True
ARO:3004639,Corynebacterium striatum tetA,protein homolog model,antibiotic efflux; penam; tetracycline antibiotic,no_reliable_match,,,,,,,4,100.0,Corynebacterium ureicelerivorans,True
ARO:3004641,AAC(6')-I-43,protein homolog model,aminoglycoside antibiotic; antibiotic inactivation,no_reliable_match,,,,,,,1,0.03,Acinetobacter baumannii,True
ARO:3004645,dfrI,protein homolog model,antibiotic target replacement; diaminopyrimidine antibiotic,no_reliable_match,,,,,,,1,0.01,Salmonella enterica,True
ARO:3004649,cfr(B),protein homolog model,antibiotic target alteration; lincosamide antibiotic; oxazolidinone antibiotic; phenicol antibiotic; streptogramin antibiotic,no_reliable_match,,,,,,,2,0.16,Enterococcus faecalis,True
ARO:3004651,lin,protein homolog model,antibiotic inactivation; lincosamide antibiotic,no_reliable_match,,,,,,,2,74.28,Listeria monocytogenes,True
ARO:3004656,catII from Escherichia coli K-12,protein homolog model,antibiotic inactivation; phenicol antibiotic,no_reliable_match,,,,,,,36,26.99,Morganella morganii,True
ARO:3004657,catA4,protein homolog model,antibiotic inactivation; phenicol antibiotic,no_reliable_match,,,,,,,1,40.92,Proteus mirabilis,True
ARO:3004658,catA8,protein homolog model,antibiotic inactivation; phenicol antibiotic,no_reliable_match,,,,,,,18,7.5,Staphylococcus arlettae,True
ARO:3004659,Mef(En2),protein homolog model,antibiotic efflux; lincosamide antibiotic; macrolide antibiotic,no_reliable_match,,,,,,,9,45.83,Phocaeicola dorei,True
ARO:3004660,catB11,protein homolog model,antibiotic inactivation; phenicol antibiotic,no_reliable_match,,,,,,,16,1.86,Klebsiella michiganensis,True
ARO:3004661,Staphylococcus aureus FosB,protein homolog model,antibiotic inactivation; phosphonic acid antibiotic,no_reliable_match,,,,,,,2,35.04,Staphylococcus aureus,True
ARO:3004662,MCR-3.3,protein homolog model,antibiotic target alteration; peptide antibiotic,no_reliable_match,,,,,,,2,2.81,Aeromonas veronii,True
ARO:3004665,cmlA8,protein homolog model,antibiotic efflux; phenicol antibiotic,no_reliable_match,,,,,,,2,0.11,Pseudomonas aeruginosa,True
ARO:3004667,Staphylococcus aureus norA,protein homolog model,antibiotic efflux; fluoroquinolone antibiotic,no_reliable_match,,,,,,,1,55.8,Staphylococcus aureus,True
ARO:3004669,emtA,protein homolog model,antibiotic target alteration; lincosamide antibiotic; macrolide antibiotic; orthosomycin antibiotic,no_reliable_match,,,,,,,1,0.2,Enterococcus faecium,True
ARO:3004675,aphA15,protein homolog model,aminoglycoside antibiotic; antibiotic inactivation,no_reliable_match,,,,,,,14,1.19,Enterobacter asburiae,True
ARO:3004679,rmtE2,protein homolog model,aminoglycoside antibiotic; antibiotic target alteration,no_reliable_match,,,,,,,4,0.09,Enterobacter hormaechei,True
ARO:3004682,aadA27,protein homolog model,aminoglycoside antibiotic; antibiotic inactivation,no_reliable_match,,,,,,,3,3.64,Acinetobacter johnsonii,True
ARO:3004683,aadS,protein homolog model,aminoglycoside antibiotic; antibiotic inactivation,no_reliable_match,,,,,,,15,100.0,Myroides phaeus,True
ARO:3004684,MCR-9.1,protein homolog model,antibiotic target alteration; peptide antibiotic,no_reliable_match,,,,,,,24,17.03,Enterobacter kobei,True
ARO:3004691,MCR-3.4,protein homolog model,antibiotic target alteration; peptide antibiotic,no_reliable_match,,,,,,,2,0.01,Escherichia coli,True
ARO:3004694,MCR-4.2,protein homolog model,antibiotic target alteration; peptide antibiotic,no_reliable_match,,,,,,,1,0.02,Salmonella enterica,True
ARO:3004695,MCR-4.3,protein homolog model,antibiotic target alteration; peptide antibiotic,no_reliable_match,,,,,,,6,1.72,Acinetobacter nosocomialis,True
ARO:3004715,vga(E) Staphylococcus cohnii,protein homolog model,antibiotic target protection; lincosamide antibiotic; pleuromutilin antibiotic; streptogramin A antibiotic; streptogramin antibiotic,no_reliable_match,,,,,,,1,0.02,Staphylococcus aureus,True
ARO:3004719,tet(X3),protein homolog model,antibiotic inactivation; glycylcycline; tetracycline antibiotic,no_reliable_match,,,,,,,8,11.54,Acinetobacter towneri,True
ARO:3004720,tet(X4),protein homolog model,antibiotic inactivation; glycylcycline; tetracycline antibiotic,no_reliable_match,,,,,,,24,29.17,Riemerella anatipestifer,True
ARO:3004734,ARL-1,protein homolog model,antibiotic inactivation; penam,no_reliable_match,,,,,,,1,20.0,Staphylococcus arlettae,True
ARO:3004735,ARL-2,protein homolog model,antibiotic inactivation; penam,no_reliable_match,,,,,,,1,15.0,Staphylococcus arlettae,True
ARO:3004736,ARL-3,protein homolog model,antibiotic inactivation; penam,no_reliable_match,,,,,,,1,7.5,Staphylococcus arlettae,True
ARO:3004737,ARL-4,protein homolog model,antibiotic inactivation; penam,no_reliable_match,,,,,,,1,7.5,Staphylococcus arlettae,True
ARO:3004739,ARL-6,protein homolog model,antibiotic inactivation; penam,no_reliable_match,,,,,,,1,5.0,Staphylococcus arlettae,True
ARO:3004745,MIR-23,protein homolog model,antibiotic inactivation; cephalosporin; monobactam,no_reliable_match,,,,,,,1,1.08,Enterobacter roggenkampii,True
ARO:3004747,BAT-1,protein homolog model,antibiotic inactivation; cephalosporin,no_reliable_match,,,,,,,1,0.0,Bacillus subtilis,True
ARO:3004759,BPU-1,protein homolog model,antibiotic inactivation; penam,no_reliable_match,,,,,,,1,43.02,Bacillus pumilus,True
ARO:3004764,CBP-1,protein homolog model,antibiotic inactivation; penam,no_reliable_match,,,,,,,1,10.87,Clostridium botulinum,True
ARO:3004777,CMH-1,protein homolog model,antibiotic inactivation; cephalosporin,no_reliable_match,,,,,,,1,1.92,Enterobacter cloacae,True
ARO:3004778,CMY-135,protein homolog model,antibiotic inactivation; cephamycin,no_reliable_match,,,,,,,1,0.39,Citrobacter freundii,True
ARO:3004786,FIM-1,protein homolog model,antibiotic inactivation; carbapenem; cephalosporin,no_reliable_match,,,,,,,1,0.03,Pseudomonas aeruginosa,True
ARO:3004795,FPH-1,protein homolog model,antibiotic inactivation; penam,no_reliable_match,,,,,,,1,20.45,Francisella philomiragia,True
ARO:3004801,FTU-1,protein homolog model,antibiotic inactivation; penam,no_reliable_match,,,,,,,1,67.49,Francisella tularensis,True
ARO:3004825,LAP-1,protein homolog model,antibiotic inactivation; cephalosporin; penam; penem,no_reliable_match,,,,,,,3,0.13,Enterobacter hormaechei,True
ARO:3004826,LAP-2,protein homolog model,antibiotic inactivation; cephalosporin; penam; penem,no_reliable_match,,,,,,,22,9.3,Leclercia adecarboxylata,True
ARO:3004837,OXA-724,protein homolog model,antibiotic inactivation; carbapenem; cephalosporin; penam,no_reliable_match,,,,,,,1,3.23,Aeromonas hydrophila,True
ARO:3004854,CMY-136,protein homolog model,antibiotic inactivation; cephalosporin; cephamycin,no_reliable_match,,,,,,,4,0.13,Klebsiella quasipneumoniae,True
ARO:3004862,NDM-19,protein homolog model,antibiotic inactivation; carbapenem; cephalosporin; cephamycin; penam,no_reliable_match,,,,,,,1,0.01,Escherichia coli,True
ARO:3004863,NDM-20,protein homolog model,antibiotic inactivation; carbapenem; cephalosporin; cephamycin; penam,no_reliable_match,,,,,,,1,0.01,Klebsiella pneumoniae,True
ARO:3004865,NDM-22,protein homolog model,antibiotic inactivation; carbapenem; cephalosporin; cephamycin; penam,no_reliable_match,,,,,,,1,0.04,Enterobacter hormaechei,True
ARO:3004866,NDM-23,protein homolog model,antibiotic inactivation; carbapenem; cephalosporin; cephamycin; penam,no_reliable_match,,,,,,,1,0.01,Klebsiella pneumoniae,True
ARO:3004868,NDM-25,protein homolog model,antibiotic inactivation; carbapenem; cephalosporin; cephamycin; penam,no_reliable_match,,,,,,,1,0.0,Escherichia coli,True
ARO:3005008,TxR,protein homolog model,antibiotic efflux; tetracycline antibiotic,no_reliable_match,,,,,,,6,74.09,Vibrio parahaemolyticus,True
ARO:3005009,qacE,protein homolog model,antibiotic efflux; disinfecting agents and antiseptics,no_reliable_match,,,,,,,12,5.88,Sphingobium yanoikuyae,True
ARO:3005010,qacEdelta1,protein homolog model,antibiotic efflux; disinfecting agents and antiseptics,no_reliable_match,,,,,,,81,56.45,Aeromonas caviae,True
ARO:3005021,cfr(D),protein homolog model,antibiotic target alteration; glycopeptide antibiotic; lincosamide antibiotic; oxazolidinone antibiotic; phenicol antibiotic; streptogramin antibiotic,no_reliable_match,,,,,,,3,1.66,Enterococcus faecium,True
ARO:3005023,cfrE,protein homolog model,antibiotic target alteration; lincosamide antibiotic; oxazolidinone antibiotic; phenicol antibiotic; pleuromutilin antibiotic; streptogramin antibiotic,no_reliable_match,,,,,,,1,0.05,Streptococcus suis,True
ARO:3005024,FosL1,protein homolog model,antibiotic inactivation; phosphonic acid antibiotic,no_reliable_match,,,,,,,2,0.02,Escherichia coli,True
ARO:3005027,FRI-4,protein homolog model,antibiotic inactivation; penam,no_reliable_match,,,,,,,1,0.0,Enterobacter asburiae,True
ARO:3005031,FRI-8,protein homolog model,antibiotic inactivation; penam,no_reliable_match,,,,,,,1,0.0,Enterobacter asburiae,True
ARO:3005032,FRI-9,protein homolog model,antibiotic inactivation; penam,no_reliable_match,,,,,,,1,0.0,Enterobacter asburiae,True
ARO:3005033,FLC-1,protein homolog model,antibiotic inactivation; penam,no_reliable_match,,,,,,,1,0.0,Enterobacter cloacae,True
ARO:3005036,BLMT,protein homolog model,antibiotic inactivation; glycopeptide antibiotic,no_reliable_match,,,,,,,12,2.63,Acinetobacter lwoffii,True
ARO:3005037,ADC-159,protein homolog model,antibiotic inactivation; cephalosporin,no_reliable_match,,,,,,,1,0.06,Acinetobacter baumannii,True
ARO:3005038,PDC-65,protein homolog model,antibiotic inactivation; carbapenem; cephalosporin; monobactam,no_reliable_match,,,,,,,1,0.04,Pseudomonas aeruginosa,True
ARO:3005039,PDC-55,protein homolog model,antibiotic inactivation; carbapenem; cephalosporin; monobactam,no_reliable_match,,,,,,,1,0.01,Pseudomonas aeruginosa,True
ARO:3005040,YajC,protein homolog model,antibiotic efflux; cephalosporin; disinfecting agents and antiseptics; fluoroquinolone antibiotic; glycopeptide antibiotic; glycylcycline; oxazolidinone antibiotic; penam; phenicol antibiotic; rifamycin antibiotic; tetracycline antibiotic,no_reliable_match,,,,,,,6,68.16,Pseudomonas aeruginosa,True
ARO:3005043,cmlA9,protein homolog model,antibiotic efflux; phenicol antibiotic,no_reliable_match,,,,,,,17,7.14,Pseudomonas monteilii,True
ARO:3005044,OmpA,protein homolog model,peptide antibiotic; reduced permeability to antibiotic,no_reliable_match,,,,,,,7,94.87,Raoultella planticola,True
ARO:3005045,SatA,protein homolog model,antibiotic inactivation; nucleoside antibiotic,no_reliable_match,,,,,,vat(D),3,72.81,Bacillus anthracis,True
ARO:3005046,MecC-type methicillin resistance repressor MecI,protein homolog model,antibiotic target replacement; carbapenem; cephalosporin; cephamycin; monobactam; penam,no_reliable_match,,,,,,,1,0.13,Staphylococcus aureus,True
ARO:3005047,eptB,protein homolog model,antibiotic target alteration; peptide antibiotic,no_reliable_match,,,,,,,7,94.87,Raoultella planticola,True
ARO:3005049,CrcB,protein homolog model,aminoglycoside antibiotic; antibiotic efflux,no_reliable_match,,,,,,,1,4.24,Klebsiella pneumoniae,True
ARO:3005051,LpsB,protein homolog model,peptide antibiotic; reduced permeability to antibiotic,no_reliable_match,,,,,,,5,73.56,Acinetobacter nosocomialis,True
ARO:3005052,LpsA,protein homolog model,peptide antibiotic; reduced permeability to antibiotic,no_reliable_match,,,,,,,1,45.38,Haemophilus influenzae,True
ARO:3005053,ArnT,protein homolog model,antibiotic target alteration; peptide antibiotic,no_reliable_match,,,,,,,64,100.0,Proteus penneri,True
ARO:3005057,tet(X5),protein homolog model,antibiotic inactivation; tetracycline antibiotic,no_reliable_match,,,,,,,4,0.69,Riemerella anatipestifer,True
ARO:3005059,LptD,protein homolog model,aminocoumarin antibiotic; antibiotic efflux; carbapenem; peptide antibiotic; rifamycin antibiotic,no_reliable_match,,,,,,,7,94.87,Raoultella planticola,True
ARO:3005063,cprR,protein homolog model,antibiotic efflux; antibiotic target alteration; peptide antibiotic,no_reliable_match,,,,,,,2,67.27,Pseudomonas aeruginosa,True
ARO:3005064,cprS,protein homolog model,antibiotic efflux; antibiotic target alteration; peptide antibiotic,no_reliable_match,,,,,,,2,67.74,Pseudomonas aeruginosa,True
ARO:3005067,ParS,protein homolog model,aminoglycoside antibiotic; antibiotic efflux; carbapenem; cephalosporin; cephamycin; disinfecting agents and antiseptics; fluoroquinolone antibiotic; macrolide antibiotic; monobactam; penam; penem; phenicol antibiotic; reduced permeability to antibiotic; tetracycline antibiotic,no_reliable_match,,,,,,,2,66.78,Pseudomonas aeruginosa,True
ARO:3005068,ParR,protein homolog model,aminoglycoside antibiotic; antibiotic efflux; carbapenem; cephalosporin; cephamycin; disinfecting agents and antiseptics; fluoroquinolone antibiotic; macrolide antibiotic; monobactam; penam; penem; phenicol antibiotic; reduced permeability to antibiotic; tetracycline antibiotic,no_reliable_match,,,,,,,2,67.73,Pseudomonas aeruginosa,True
ARO:3005069,rsmA,protein homolog model,antibiotic efflux; diaminopyrimidine antibiotic; fluoroquinolone antibiotic; phenicol antibiotic,no_reliable_match,,,,,,,78,100.0,Photorhabdus asymbiotica,True
ARO:3005072,ROB-13,protein homolog model,antibiotic inactivation; cephalosporin; penam,no_reliable_match,,,,,,,1,0.0,Pasteurella multocida,True
ARO:3005073,ROB-3,protein homolog model,antibiotic inactivation; cephalosporin; penam,no_reliable_match,,,,,,,1,3.08,Glaesserella parasuis,True
ARO:3005080,ROB-10,protein homolog model,antibiotic inactivation; cephalosporin; penam,no_reliable_match,,,,,,,1,1.03,Glaesserella parasuis,True
ARO:3005085,AAC(3)-IIg,protein homolog model,aminoglycoside antibiotic; antibiotic inactivation,no_reliable_match,,,,,,,21,12.0,Enterobacter chengduensis,True
ARO:3005087,msrF,protein homolog model,antibiotic target protection; macrolide antibiotic; streptogramin antibiotic,no_reliable_match,,,,,,,2,12.5,Macrococcus canis,True
ARO:3005088,msrH,protein homolog model,antibiotic target protection; macrolide antibiotic; streptogramin antibiotic,no_reliable_match,,,,,,,1,0.0,Macrococcus canis,True
ARO:3005089,mef(D),protein homolog model,antibiotic efflux; macrolide antibiotic,no_reliable_match,,,,,,,2,12.5,Macrococcus canis,True
ARO:3005090,RanB,protein homolog model,aminoglycoside antibiotic; antibiotic efflux,no_reliable_match,,,,,,,1,43.75,Riemerella anatipestifer,True
ARO:3005091,RanA,protein homolog model,aminoglycoside antibiotic; antibiotic efflux,no_reliable_match,,,,,,,1,43.06,Riemerella anatipestifer,True
ARO:3005093,OXA-899,protein homolog model,antibiotic inactivation; carbapenem; cephalosporin; penam,no_reliable_match,,,,,,,1,5.06,Ralstonia pickettii,True
ARO:3005094,OXA-898,protein homolog model,antibiotic inactivation; carbapenem; cephalosporin; penam,no_reliable_match,,,,,,,1,3.8,Ralstonia pickettii,True
ARO:3005097,mecC-type BlaZ,protein homolog model,antibiotic inactivation; penam,no_reliable_match,,,,,,,1,0.13,Staphylococcus aureus,True
ARO:3005098,qacL,protein homolog model,antibiotic efflux; disinfecting agents and antiseptics,no_reliable_match,,,,,,,41,12.5,Citrobacter youngae,True
ARO:3005099,23S rRNA (adenine(2058)-N(6))-methyltransferase Erm(A),protein homolog model,antibiotic target alteration; lincosamide antibiotic; macrolide antibiotic; streptogramin antibiotic,no_reliable_match,,,,,,,10,50.0,Streptococcus urinalis,True
ARO:3005112,AAC(6')-Ib-cr3,protein homolog model,aminoglycoside antibiotic; antibiotic inactivation; fluoroquinolone antibiotic,no_reliable_match,,,,,,,8,0.64,Enterobacter cloacae,True
ARO:3005114,AAC(6')-Ib-cr4,protein homolog model,aminoglycoside antibiotic; antibiotic inactivation; fluoroquinolone antibiotic,no_reliable_match,,,,,,,8,1.91,Providencia rettgeri,True
ARO:3005115,AAC(6')-Ib-cr5,protein homolog model,aminoglycoside antibiotic; antibiotic inactivation; fluoroquinolone antibiotic,no_reliable_match,,,,,,,23,10.26,Citrobacter werkmanii,True
ARO:3005116,AAC(6')-Ib-cr6,protein homolog model,aminoglycoside antibiotic; antibiotic inactivation; fluoroquinolone antibiotic,no_reliable_match,,,,,,,42,25.0,Proteus penneri,True
ARO:3005117,AAC(6')-Ib-cr7,protein homolog model,aminoglycoside antibiotic; antibiotic inactivation; fluoroquinolone antibiotic,no_reliable_match,,,,,,,2,0.02,Klebsiella pneumoniae,True
ARO:3005119,AAC(6')-Ib-cr9,protein homolog model,aminoglycoside antibiotic; antibiotic inactivation; fluoroquinolone antibiotic,no_reliable_match,,,,,,,2,0.19,Citrobacter freundii,True
ARO:3005121,lsaD,protein homolog model,antibiotic target protection; lincosamide antibiotic; pleuromutilin antibiotic; streptogramin A antibiotic; streptogramin antibiotic,no_reliable_match,,,,,,,1,84.44,Lactococcus garvieae,True
ARO:3005122,PDC-68,protein homolog model,antibiotic inactivation; carbapenem; cephalosporin; monobactam,no_reliable_match,,,,,,,1,0.1,Pseudomonas aeruginosa,True
ARO:3005123,PDC-70,protein homolog model,antibiotic inactivation; carbapenem; cephalosporin; monobactam,no_reliable_match,,,,,,,1,0.01,Pseudomonas aeruginosa,True
ARO:3005124,PDC-63,protein homolog model,antibiotic inactivation; carbapenem; cephalosporin; monobactam,no_reliable_match,,,,,,,1,0.09,Pseudomonas aeruginosa,True
ARO:3005125,PDC-57,protein homolog model,antibiotic inactivation; carbapenem; cephalosporin; monobactam,no_reliable_match,,,,,,,1,0.01,Pseudomonas aeruginosa,True
ARO:3005126,PDC-66,protein homolog model,antibiotic inactivation; carbapenem; cephalosporin; monobactam,no_reliable_match,,,,,,,1,0.7,Pseudomonas aeruginosa,True
ARO:3005127,PDC-14,protein homolog model,antibiotic inactivation; carbapenem; cephalosporin; monobactam,no_reliable_match,,,,,,,1,0.83,Pseudomonas aeruginosa,True
ARO:3005128,PDC-47,protein homolog model,antibiotic inactivation; carbapenem; cephalosporin; monobactam,no_reliable_match,,,,,,,1,0.01,Pseudomonas aeruginosa,True
ARO:3005129,PDC-51,protein homolog model,antibiotic inactivation; carbapenem; cephalosporin; monobactam,no_reliable_match,,,,,,,1,0.2,Pseudomonas aeruginosa,True
ARO:3005130,OXA-846,protein homolog model,antibiotic inactivation; carbapenem; cephalosporin; penam,no_reliable_match,,,,,,,1,4.53,Pseudomonas aeruginosa,True
ARO:3005131,NDM-29,protein homolog model,antibiotic inactivation; carbapenem; cephalosporin; cephamycin; penam,no_reliable_match,,,,,,,2,0.0,Escherichia coli,True
ARO:3005132,PDC-11,protein homolog model,antibiotic inactivation; carbapenem; cephalosporin; monobactam,no_reliable_match,,,,,,,1,1.14,Pseudomonas aeruginosa,True
ARO:3005133,PDC-62,protein homolog model,antibiotic inactivation; carbapenem; cephalosporin; monobactam,no_reliable_match,,,,,,,1,0.07,Pseudomonas aeruginosa,True
ARO:3005134,PDC-43,protein homolog model,antibiotic inactivation; carbapenem; cephalosporin; monobactam,no_reliable_match,,,,,,,1,0.04,Pseudomonas aeruginosa,True
ARO:3005135,PDC-54,protein homolog model,antibiotic inactivation; carbapenem; cephalosporin; monobactam,no_reliable_match,,,,,,,1,0.01,Pseudomonas aeruginosa,True
ARO:3005136,OXA-906,protein homolog model,antibiotic inactivation; carbapenem; cephalosporin; penam,no_reliable_match,,,,,,,1,0.56,Pseudomonas aeruginosa,True
ARO:3005137,PDC-59,protein homolog model,antibiotic inactivation; carbapenem; cephalosporin; monobactam,no_reliable_match,,,,,,,1,0.46,Pseudomonas aeruginosa,True
ARO:3005138,OXA-850,protein homolog model,antibiotic inactivation; carbapenem; cephalosporin; penam,no_reliable_match,,,,,,,1,0.23,Pseudomonas aeruginosa,True
ARO:3005139,PDC-67,protein homolog model,antibiotic inactivation; carbapenem; cephalosporin; monobactam,no_reliable_match,,,,,,,1,0.07,Pseudomonas aeruginosa,True
ARO:3005140,PDC-56,protein homolog model,antibiotic inactivation; carbapenem; cephalosporin; monobactam,no_reliable_match,,,,,,,1,0.09,Pseudomonas aeruginosa,True
ARO:3005141,PDC-52,protein homolog model,antibiotic inactivation; carbapenem; cephalosporin; monobactam,no_reliable_match,,,,,,,1,0.14,Pseudomonas aeruginosa,True
ARO:3005142,PDC-44,protein homolog model,antibiotic inactivation; carbapenem; cephalosporin; monobactam,no_reliable_match,,,,,,,1,0.03,Pseudomonas aeruginosa,True
ARO:3005143,PDC-240,protein homolog model,antibiotic inactivation; carbapenem; cephalosporin; monobactam,no_reliable_match,,,,,,,1,0.03,Pseudomonas aeruginosa,True
ARO:3005144,PDC-61,protein homolog model,antibiotic inactivation; carbapenem; cephalosporin; monobactam,no_reliable_match,,,,,,,1,0.01,Pseudomonas aeruginosa,True
ARO:3005145,PDC-45,protein homolog model,antibiotic inactivation; carbapenem; cephalosporin; monobactam,no_reliable_match,,,,,,,1,0.21,Pseudomonas aeruginosa,True
ARO:3005146,PDC-49,protein homolog model,antibiotic inactivation; carbapenem; cephalosporin; monobactam,no_reliable_match,,,,,,,1,0.01,Pseudomonas aeruginosa,True
ARO:3005147,PDC-50,protein homolog model,antibiotic inactivation; carbapenem; cephalosporin; monobactam,no_reliable_match,,,,,,,1,0.03,Pseudomonas aeruginosa,True
ARO:3005148,PDC-48,protein homolog model,antibiotic inactivation; carbapenem; cephalosporin; monobactam,no_reliable_match,,,,,,,1,0.04,Pseudomonas aeruginosa,True
ARO:3005150,PAC-1,protein homolog model,antibiotic inactivation; cephalosporin,no_reliable_match,,,,,,,2,1.61,Aeromonas caviae,True
ARO:3005151,PDC-53,protein homolog model,antibiotic inactivation; carbapenem; cephalosporin; monobactam,no_reliable_match,,,,,,,1,0.21,Pseudomonas aeruginosa,True
ARO:3005152,PDC-72,protein homolog model,antibiotic inactivation; carbapenem; cephalosporin; monobactam,no_reliable_match,,,,,,,1,0.01,Pseudomonas aeruginosa,True
ARO:3005153,PDC-69,protein homolog model,antibiotic inactivation; carbapenem; cephalosporin; monobactam,no_reliable_match,,,,,,,1,0.01,Pseudomonas aeruginosa,True
ARO:3005155,PDC-23,protein homolog model,antibiotic inactivation; carbapenem; cephalosporin; monobactam,no_reliable_match,,,,,,,1,0.21,Pseudomonas aeruginosa,True
ARO:3005156,PDC-28,protein homolog model,antibiotic inactivation; carbapenem; cephalosporin; monobactam,no_reliable_match,,,,,,,1,0.4,Pseudomonas aeruginosa,True
ARO:3005157,PDC-41,protein homolog model,antibiotic inactivation; carbapenem; cephalosporin; monobactam,no_reliable_match,,,,,,,1,0.14,Pseudomonas aeruginosa,True
ARO:3005159,OXA-818,protein homolog model,antibiotic inactivation; carbapenem; cephalosporin; penam,no_reliable_match,,,,,,,1,0.0,Acinetobacter radioresistens,True
ARO:3005160,OXA-812,protein homolog model,antibiotic inactivation; carbapenem; cephalosporin; penam,no_reliable_match,,,,,,,1,3.51,Acinetobacter radioresistens,True
ARO:3005162,FosA7.5,protein homolog model,antibiotic inactivation; phosphonic acid antibiotic,no_reliable_match,,,,,,,7,5.41,Citrobacter koseri,True
ARO:3005166,tet(X1),protein homolog model,antibiotic inactivation; tetracycline antibiotic,no_reliable_match,,,,,,,7,6.25,Phocaeicola dorei,True
ARO:3005181,CMY-146,protein homolog model,antibiotic inactivation; cephamycin,no_reliable_match,,,,,,,1,0.02,Escherichia coli,True
ARO:3005185,CMY-140,protein homolog model,antibiotic inactivation; cephamycin,no_reliable_match,,,,,,,1,0.01,Escherichia coli,True
ARO:3005188,CMY-165,protein homolog model,antibiotic inactivation; cephamycin,no_reliable_match,,,,,,,2,0.01,Escherichia coli,True
ARO:3005189,CMY-166,protein homolog model,antibiotic inactivation; cephamycin,no_reliable_match,,,,,,,2,0.01,Escherichia coli,True
ARO:3005192,CMY-148,protein homolog model,antibiotic inactivation; cephamycin,no_reliable_match,,,,,,,1,0.01,Escherichia coli,True
ARO:3005196,CMY-141,protein homolog model,antibiotic inactivation; cephamycin,no_reliable_match,,,,,,,1,0.02,Escherichia coli,True
ARO:3005197,CMY-145,protein homolog model,antibiotic inactivation; cephamycin,no_reliable_match,,,,,,,1,0.06,Escherichia coli,True
ARO:3005198,CMY-157,protein homolog model,antibiotic inactivation; cephamycin,no_reliable_match,,,,,,,2,75.0,Citrobacter youngae,True
ARO:3005207,SHV-205,protein homolog model,antibiotic inactivation; carbapenem; cephalosporin; penam,no_reliable_match,,,,,,,1,0.01,Klebsiella pneumoniae,True
ARO:3005210,SHV-195,protein homolog model,antibiotic inactivation; carbapenem; cephalosporin; penam,no_reliable_match,,,,,,,1,0.01,Klebsiella pneumoniae,True
ARO:3005211,SHV-201,protein homolog model,antibiotic inactivation; carbapenem; cephalosporin; penam,no_reliable_match,,,,,,,1,0.01,Klebsiella pneumoniae,True
ARO:3005213,SHV-204,protein homolog model,antibiotic inactivation; carbapenem; cephalosporin; penam,no_reliable_match,,,,,,,1,0.01,Klebsiella pneumoniae,True
ARO:3005216,CMY-152,protein homolog model,antibiotic inactivation; cephamycin,no_reliable_match,,,,,,,1,4.26,Citrobacter freundii,True
ARO:3005217,CMY-151,protein homolog model,antibiotic inactivation; cephamycin,no_reliable_match,,,,,,,1,0.77,Citrobacter freundii,True
ARO:3005218,CMY-153,protein homolog model,antibiotic inactivation; cephamycin,no_reliable_match,,,,,,,1,0.01,Salmonella enterica,True
ARO:3005220,CMY-138,protein homolog model,antibiotic inactivation; cephamycin,no_reliable_match,,,,,,,2,0.64,Providencia rettgeri,True
ARO:3005221,MCR-3.41,protein homolog model,antibiotic target alteration; peptide antibiotic,no_reliable_match,,,,,,,1,0.56,Aeromonas veronii,True
ARO:3005222,OXA-544,protein homolog model,antibiotic inactivation; carbapenem; cephalosporin; penam,no_reliable_match,,,,,,,2,0.01,Pseudomonas aeruginosa,True
ARO:3005223,SHV-194,protein homolog model,antibiotic inactivation; carbapenem; cephalosporin; penam,no_reliable_match,,,,,,,1,0.01,Klebsiella pneumoniae,True
ARO:3005224,SHV-220,protein homolog model,antibiotic inactivation; carbapenem; cephalosporin; penam,no_reliable_match,,,,,,,1,0.03,Klebsiella pneumoniae,True
ARO:3005225,SHV-210,protein homolog model,antibiotic inactivation; carbapenem; cephalosporin; penam,no_reliable_match,,,,,,,1,0.01,Klebsiella pneumoniae,True
ARO:3005227,SHV-206,protein homolog model,antibiotic inactivation; carbapenem; cephalosporin; penam,no_reliable_match,,,,,,,1,0.01,Klebsiella pneumoniae,True
ARO:3005230,SHV-211,protein homolog model,antibiotic inactivation; carbapenem; cephalosporin; penam,no_reliable_match,,,,,,,1,0.02,Klebsiella pneumoniae,True
ARO:3005231,SHV-219,protein homolog model,antibiotic inactivation; carbapenem; cephalosporin; penam,no_reliable_match,,,,,,,1,0.01,Klebsiella pneumoniae,True
ARO:3005234,SHV-223,protein homolog model,antibiotic inactivation; carbapenem; cephalosporin; penam,no_reliable_match,,,,,,,1,0.01,Klebsiella pneumoniae,True
ARO:3005235,SHV-214,protein homolog model,antibiotic inactivation; carbapenem; cephalosporin; penam,no_reliable_match,,,,,,,1,0.0,Klebsiella pneumoniae,True
ARO:3005236,SHV-207,protein homolog model,antibiotic inactivation; carbapenem; cephalosporin; penam,no_reliable_match,,,,,,,1,0.15,Klebsiella pneumoniae,True
ARO:3005239,SHV-193,protein homolog model,antibiotic inactivation; carbapenem; cephalosporin; penam,no_reliable_match,,,,,,,1,0.01,Klebsiella pneumoniae,True
ARO:3005240,SHV-224,protein homolog model,antibiotic inactivation; carbapenem; cephalosporin; penam,no_reliable_match,,,,,,,1,0.02,Klebsiella pneumoniae,True
ARO:3005241,SHV-225,protein homolog model,antibiotic inactivation; carbapenem; cephalosporin; penam,no_reliable_match,,,,,,,1,0.01,Klebsiella pneumoniae,True
ARO:3005242,SHV-209,protein homolog model,antibiotic inactivation; carbapenem; cephalosporin; penam,no_reliable_match,,,,,,,1,0.01,Klebsiella pneumoniae,True
ARO:3005243,SHV-215,protein homolog model,antibiotic inactivation; carbapenem; cephalosporin; penam,no_reliable_match,,,,,,,1,0.01,Klebsiella pneumoniae,True
ARO:3005244,ADC-181,protein homolog model,antibiotic inactivation; cephalosporin,no_reliable_match,,,,,,,1,0.26,Acinetobacter baumannii,True
ARO:3005245,ADC-182,protein homolog model,antibiotic inactivation; cephalosporin,no_reliable_match,,,,,,,1,0.72,Acinetobacter baumannii,True
ARO:3005246,ADC-183,protein homolog model,antibiotic inactivation; cephalosporin,no_reliable_match,,,,,,,1,0.14,Acinetobacter baumannii,True
ARO:3005248,SHV-200,protein homolog model,antibiotic inactivation; carbapenem; cephalosporin; penam,no_reliable_match,,,,,,,1,0.0,Klebsiella pneumoniae,True
ARO:3005250,SHV-217,protein homolog model,antibiotic inactivation; carbapenem; cephalosporin; penam,no_reliable_match,,,,,,,1,0.02,Klebsiella pneumoniae,True
ARO:3005253,SHV-202,protein homolog model,antibiotic inactivation; carbapenem; cephalosporin; penam,no_reliable_match,,,,,,,1,0.01,Klebsiella pneumoniae,True
ARO:3005260,TEM-229,protein homolog model,antibiotic inactivation; cephalosporin; monobactam; penam; penem,no_reliable_match,,,,,,,7,39.53,Acinetobacter haemolyticus,True
ARO:3005265,TEM-234,protein homolog model,antibiotic inactivation; cephalosporin; monobactam; penam; penem,no_reliable_match,,,,,,,2,0.01,Salmonella enterica,True
ARO:3005268,TEM-237,protein homolog model,antibiotic inactivation; cephalosporin; monobactam; penam; penem,no_reliable_match,,,,,,,3,0.15,Klebsiella pneumoniae,True
ARO:3005269,TEM-238,protein homolog model,antibiotic inactivation; cephalosporin; monobactam; penam; penem,no_reliable_match,,,,,,,2,0.09,Enterobacter hormaechei,True
ARO:3005270,TEM-240,protein homolog model,antibiotic inactivation; cephalosporin; monobactam; penam; penem,no_reliable_match,,,,,,,1,0.13,Klebsiella quasipneumoniae,True
ARO:3005273,TEM-243,protein homolog model,antibiotic inactivation; cephalosporin; monobactam; penam; penem,no_reliable_match,,,,,,,3,0.04,Salmonella enterica,True
ARO:3005274,PDC-225,protein homolog model,antibiotic inactivation; carbapenem; cephalosporin; monobactam,no_reliable_match,,,,,,,1,0.04,Pseudomonas aeruginosa,True
ARO:3005277,PDC-105,protein homolog model,antibiotic inactivation; carbapenem; cephalosporin; monobactam,no_reliable_match,,,,,,,1,0.06,Pseudomonas aeruginosa,True
ARO:3005281,PDC-258,protein homolog model,antibiotic inactivation; carbapenem; cephalosporin; monobactam,no_reliable_match,,,,,,,1,0.01,Pseudomonas aeruginosa,True
ARO:3005284,PDC-264,protein homolog model,antibiotic inactivation; carbapenem; cephalosporin; monobactam,no_reliable_match,,,,,,,1,0.04,Pseudomonas aeruginosa,True
ARO:3005286,PDC-346,protein homolog model,antibiotic inactivation; carbapenem; cephalosporin; monobactam,no_reliable_match,,,,,,,1,0.03,Pseudomonas aeruginosa,True
ARO:3005287,PDC-285,protein homolog model,antibiotic inactivation; carbapenem; cephalosporin; monobactam,no_reliable_match,,,,,,,1,0.17,Pseudomonas aeruginosa,True
ARO:3005288,PDC-337,protein homolog model,antibiotic inactivation; carbapenem; cephalosporin; monobactam,no_reliable_match,,,,,,,1,0.01,Pseudomonas aeruginosa,True
ARO:3005292,PDC-19b,protein homolog model,antibiotic inactivation; carbapenem; cephalosporin; monobactam,no_reliable_match,,,,,,,1,0.04,Pseudomonas aeruginosa,True
ARO:3005294,PDC-461,protein homolog model,antibiotic inactivation; carbapenem; cephalosporin; monobactam,no_reliable_match,,,,,,,1,0.01,Pseudomonas aeruginosa,True
ARO:3005295,PDC-19a,protein homolog model,antibiotic inactivation; carbapenem; cephalosporin; monobactam,no_reliable_match,,,,,,,1,2.58,Pseudomonas aeruginosa,True
ARO:3005297,PDC-255,protein homolog model,antibiotic inactivation; carbapenem; cephalosporin; monobactam,no_reliable_match,,,,,,,1,0.0,Pseudomonas aeruginosa,True
ARO:3005300,PDC-207,protein homolog model,antibiotic inactivation; carbapenem; cephalosporin; monobactam,no_reliable_match,,,,,,,1,0.01,Pseudomonas aeruginosa,True
ARO:3005303,PDC-117,protein homolog model,antibiotic inactivation; carbapenem; cephalosporin; monobactam,no_reliable_match,,,,,,,1,0.46,Pseudomonas aeruginosa,True
ARO:3005305,PDC-104,protein homolog model,antibiotic inactivation; carbapenem; cephalosporin; monobactam,no_reliable_match,,,,,,,1,0.03,Pseudomonas aeruginosa,True
ARO:3005309,PDC-119,protein homolog model,antibiotic inactivation; carbapenem; cephalosporin; monobactam,no_reliable_match,,,,,,,1,0.09,Pseudomonas aeruginosa,True
ARO:3005311,PDC-257,protein homolog model,antibiotic inactivation; carbapenem; cephalosporin; monobactam,no_reliable_match,,,,,,,1,0.01,Pseudomonas aeruginosa,True
ARO:3005315,OXA-779,protein homolog model,antibiotic inactivation; carbapenem; cephalosporin; penam,no_reliable_match,,,,,,,1,0.01,Pseudomonas aeruginosa,True
ARO:3005316,OXA-838,protein homolog model,antibiotic inactivation; carbapenem; cephalosporin; penam,no_reliable_match,,,,,,,1,0.01,Pseudomonas aeruginosa,True
ARO:3005318,OXA-543,protein homolog model,antibiotic inactivation; carbapenem; cephalosporin; penam,no_reliable_match,,,,,,,1,0.03,Pseudomonas aeruginosa,True
ARO:3005323,OXA-926,protein homolog model,antibiotic inactivation; carbapenem; cephalosporin; penam,no_reliable_match,,,,,,,2,0.27,Klebsiella michiganensis,True
ARO:3005325,OXA-573,protein homolog model,antibiotic inactivation; carbapenem; cephalosporin; penam,no_reliable_match,,,,,,,1,0.51,Ralstonia solanacearum,True
ARO:3005326,OXA-571,protein homolog model,antibiotic inactivation; carbapenem; cephalosporin; penam,no_reliable_match,,,,,,,2,30.38,Ralstonia pickettii,True
ARO:3005334,Trimethoprim-resistant dihydrofolate reductase DfrA42,protein homolog model,antibiotic target replacement; diaminopyrimidine antibiotic,no_reliable_match,,,,,,,7,1.23,Morganella morganii,True
ARO:3005335,OXA-496,protein homolog model,antibiotic inactivation; carbapenem; cephalosporin; penam,no_reliable_match,,,,,,,1,2.63,Acinetobacter lwoffii,True
ARO:3005336,OXA-915,protein homolog model,antibiotic inactivation; carbapenem; cephalosporin; penam,no_reliable_match,,,,,,,1,2.63,Acinetobacter lwoffii,True
ARO:3005337,OXA-647,protein homolog model,antibiotic inactivation; carbapenem; cephalosporin; penam,no_reliable_match,,,,,,,1,2.63,Acinetobacter lwoffii,True
ARO:3005338,OXA-648,protein homolog model,antibiotic inactivation; carbapenem; cephalosporin; penam,no_reliable_match,,,,,,,1,10.53,Acinetobacter lwoffii,True
ARO:3005339,OXA-646,protein homolog model,antibiotic inactivation; carbapenem; cephalosporin; penam,no_reliable_match,,,,,,,1,2.63,Acinetobacter lwoffii,True
ARO:3005341,OXA-897,protein homolog model,antibiotic inactivation; carbapenem; cephalosporin; penam,no_reliable_match,,,,,,,1,0.01,Acinetobacter baumannii,True
ARO:3005342,OXA-653,protein homolog model,antibiotic inactivation; carbapenem; cephalosporin; penam,no_reliable_match,,,,,,,1,0.0,Acinetobacter wuhouensis,True
ARO:3005343,OXA-499,protein homolog model,antibiotic inactivation; carbapenem; cephalosporin; penam,no_reliable_match,,,,,,,2,0.28,Acinetobacter pittii,True
ARO:3005344,OXA-825,protein homolog model,antibiotic inactivation; carbapenem; cephalosporin; penam,no_reliable_match,,,,,,,1,0.01,Acinetobacter baumannii,True
ARO:3005347,DfrA37,protein homolog model,antibiotic target replacement; diaminopyrimidine antibiotic,no_reliable_match,,,,,,,5,0.39,Citrobacter freundii,True
ARO:3005349,DfrA38,protein homolog model,antibiotic target replacement; diaminopyrimidine antibiotic,no_reliable_match,,,,,,,1,0.0,Acinetobacter baumannii,True
ARO:3005350,DfrB9,protein homolog model,antibiotic target replacement; diaminopyrimidine antibiotic,no_reliable_match,,,,,,,8,6.45,Aeromonas caviae,True
ARO:3005351,DfrA39,protein homolog model,antibiotic target replacement; diaminopyrimidine antibiotic,no_reliable_match,,,,,,,1,0.01,Pseudomonas aeruginosa,True
ARO:3005354,dfr22,protein homolog model,antibiotic target replacement; diaminopyrimidine antibiotic,no_reliable_match,,,,,,,9,0.9,Citrobacter koseri,True
ARO:3005356,KPC-23,protein homolog model,antibiotic inactivation; carbapenem; cephalosporin; monobactam; penam,no_reliable_match,,,,,,,1,0.01,Klebsiella pneumoniae,True
ARO:3005359,KPC-27,protein homolog model,antibiotic inactivation; carbapenem; cephalosporin; monobactam; penam,no_reliable_match,,,,,,,1,0.02,Klebsiella pneumoniae,True
ARO:3005360,KPC-29,protein homolog model,antibiotic inactivation; carbapenem; cephalosporin; monobactam; penam,no_reliable_match,,,,,,,1,0.02,Klebsiella pneumoniae,True
ARO:3005362,KPC-31,protein homolog model,antibiotic inactivation; carbapenem; cephalosporin; monobactam; penam,no_reliable_match,,,,,,,3,0.15,Klebsiella pneumoniae,True
ARO:3005363,KPC-32,protein homolog model,antibiotic inactivation; carbapenem; cephalosporin; monobactam; penam,no_reliable_match,,,,,,,1,0.01,Klebsiella pneumoniae,True
ARO:3005364,KPC-30,protein homolog model,antibiotic inactivation; carbapenem; cephalosporin; monobactam; penam,no_reliable_match,,,,,,,1,0.01,Klebsiella pneumoniae,True
ARO:3005365,KPC-33,protein homolog model,antibiotic inactivation; carbapenem; cephalosporin; monobactam; penam,no_reliable_match,,,,,,,2,0.08,Klebsiella pneumoniae,True
ARO:3005366,KPC-34,protein homolog model,antibiotic inactivation; carbapenem; cephalosporin; monobactam; penam,no_reliable_match,,,,,,,1,0.01,Klebsiella pneumoniae,True
ARO:3005367,KPC-35,protein homolog model,antibiotic inactivation; carbapenem; cephalosporin; monobactam; penam,no_reliable_match,,,,,,,1,0.01,Klebsiella pneumoniae,True
ARO:3005377,KPC-46,protein homolog model,antibiotic inactivation; carbapenem; cephalosporin; monobactam; penam,no_reliable_match,,,,,,,1,0.02,Klebsiella pneumoniae,True
ARO:3005378,KPC-49,protein homolog model,antibiotic inactivation; carbapenem; cephalosporin; monobactam; penam,no_reliable_match,,,,,,,1,0.01,Klebsiella pneumoniae,True
ARO:3005380,KPC-51,protein homolog model,antibiotic inactivation; carbapenem; cephalosporin; monobactam; penam,no_reliable_match,,,,,,,1,0.01,Klebsiella pneumoniae,True
ARO:3005381,KPC-52,protein homolog model,antibiotic inactivation; carbapenem; cephalosporin; monobactam; penam,no_reliable_match,,,,,,,1,0.01,Klebsiella pneumoniae,True
ARO:3005384,KPC-56,protein homolog model,antibiotic inactivation; carbapenem; cephalosporin; monobactam; penam,no_reliable_match,,,,,,,1,0.01,Klebsiella pneumoniae,True
ARO:3005464,IMP-54,protein homolog model,antibiotic inactivation; carbapenem; cephalosporin; cephamycin; penam; penem,no_reliable_match,,,,,,,1,0.03,Pseudomonas aeruginosa,True
ARO:3005467,IMP-60,protein homolog model,antibiotic inactivation; carbapenem; cephalosporin; cephamycin; penam; penem,no_reliable_match,,,,,,,1,0.0,Enterobacter asburiae,True
ARO:3005469,IMP-62,protein homolog model,antibiotic inactivation; carbapenem; cephalosporin; cephamycin; penam; penem,no_reliable_match,,,,,,,1,0.04,Pseudomonas aeruginosa,True
ARO:3005470,IMP-63,protein homolog model,antibiotic inactivation; carbapenem; cephalosporin; cephamycin; penam; penem,no_reliable_match,,,,,,,2,1.07,Pseudomonas putida,True
ARO:3005471,IMP-64,protein homolog model,antibiotic inactivation; carbapenem; cephalosporin; cephamycin; penam; penem,no_reliable_match,,,,,,,1,0.64,Providencia rettgeri,True
ARO:3005475,IMP-69,protein homolog model,antibiotic inactivation; carbapenem; cephalosporin; cephamycin; penam; penem,no_reliable_match,,,,,,,8,0.9,Citrobacter portucalensis,True
ARO:3005479,IMP-74,protein homolog model,antibiotic inactivation; carbapenem; cephalosporin; cephamycin; penam; penem,no_reliable_match,,,,,,,1,0.04,Pseudomonas aeruginosa,True
ARO:3005494,SIM-2,protein homolog model,antibiotic inactivation; carbapenem; cephalosporin; penam,no_reliable_match,,,,,,,1,0.01,Pseudomonas aeruginosa,True
ARO:3005495,VIM-47,protein homolog model,antibiotic inactivation; carbapenem; cephalosporin; cephamycin; penam; penem,no_reliable_match,,,,,,,1,0.01,Pseudomonas aeruginosa,True
ARO:3005496,VIM-48,protein homolog model,antibiotic inactivation; carbapenem; cephalosporin; cephamycin; penam; penem,no_reliable_match,,,,,,,1,0.28,Klebsiella aerogenes,True
ARO:3005507,VIM-59,protein homolog model,antibiotic inactivation; carbapenem; cephalosporin; cephamycin; penam; penem,no_reliable_match,,,,,,,1,0.02,Klebsiella pneumoniae,True
ARO:3005511,VIM-63,protein homolog model,antibiotic inactivation; carbapenem; cephalosporin; cephamycin; penam; penem,no_reliable_match,,,,,,,2,0.19,Citrobacter freundii,True
ARO:3005515,VIM-67,protein homolog model,antibiotic inactivation; carbapenem; cephalosporin; cephamycin; penam; penem,no_reliable_match,,,,,,,1,0.04,Enterobacter hormaechei,True
ARO:3005517,VIM-69,protein homolog model,antibiotic inactivation; carbapenem; cephalosporin; cephamycin; penam; penem,no_reliable_match,,,,,,,1,0.01,Pseudomonas aeruginosa,True
ARO:3005519,VIM-71,protein homolog model,antibiotic inactivation; carbapenem; cephalosporin; cephamycin; penam; penem,no_reliable_match,,,,,,,1,0.0,Vibrio alginolyticus,True
ARO:3005520,VIM-72,protein homolog model,antibiotic inactivation; carbapenem; cephalosporin; cephamycin; penam; penem,no_reliable_match,,,,,,,1,0.01,Pseudomonas aeruginosa,True
ARO:3005522,BlaB-1,protein homolog model,antibiotic inactivation; carbapenem; penam,no_reliable_match,,,,,,,1,14.43,Elizabethkingia anophelis,True
ARO:3005529,BlaB-16,protein homolog model,antibiotic inactivation; carbapenem; penam,no_reliable_match,,,,,,,1,17.39,Elizabethkingia miricola,True
ARO:3005530,BlaB-17,protein homolog model,antibiotic inactivation; carbapenem; penam,no_reliable_match,,,,,,,1,9.28,Elizabethkingia anophelis,True
ARO:3005531,BlaB-18,protein homolog model,antibiotic inactivation; carbapenem; penam,no_reliable_match,,,,,,,1,10.31,Elizabethkingia anophelis,True
ARO:3005534,BlaB-20,protein homolog model,antibiotic inactivation; carbapenem; penam,no_reliable_match,,,,,,,1,5.15,Elizabethkingia anophelis,True
ARO:3005535,BlaB-22,protein homolog model,antibiotic inactivation; carbapenem; penam,no_reliable_match,,,,,,,1,4.35,Elizabethkingia miricola,True
ARO:3005537,BlaB-24,protein homolog model,antibiotic inactivation; carbapenem; penam,no_reliable_match,,,,,,,1,4.35,Elizabethkingia miricola,True
ARO:3005538,BlaB-25,protein homolog model,antibiotic inactivation; carbapenem; penam,no_reliable_match,,,,,,,1,0.0,Elizabethkingia miricola,True
ARO:3005539,BlaB-26,protein homolog model,antibiotic inactivation; carbapenem; penam,no_reliable_match,,,,,,,1,13.04,Elizabethkingia miricola,True
ARO:3005542,BlaB-29,protein homolog model,antibiotic inactivation; carbapenem; penam,no_reliable_match,,,,,,,1,1.03,Elizabethkingia anophelis,True
ARO:3005544,BlaB-30,protein homolog model,antibiotic inactivation; carbapenem; penam,no_reliable_match,,,,,,,1,1.03,Elizabethkingia anophelis,True
ARO:3005545,BlaB-31,protein homolog model,antibiotic inactivation; carbapenem; penam,no_reliable_match,,,,,,,1,2.06,Elizabethkingia anophelis,True
ARO:3005546,BlaB-32,protein homolog model,antibiotic inactivation; carbapenem; penam,no_reliable_match,,,,,,,1,1.03,Elizabethkingia anophelis,True
ARO:3005547,BlaB-33,protein homolog model,antibiotic inactivation; carbapenem; penam,no_reliable_match,,,,,,,1,13.4,Elizabethkingia anophelis,True
ARO:3005550,BlaB-36,protein homolog model,antibiotic inactivation; carbapenem; penam,no_reliable_match,,,,,,,1,0.0,Elizabethkingia miricola,True
ARO:3005551,BlaB-38,protein homolog model,antibiotic inactivation; carbapenem; penam,no_reliable_match,,,,,,,1,4.35,Elizabethkingia miricola,True
ARO:3005560,CARB-24,protein homolog model,antibiotic inactivation; penam,no_reliable_match,,,,,,,1,0.1,Vibrio parahaemolyticus,True
ARO:3005561,CARB-25,protein homolog model,antibiotic inactivation; penam,no_reliable_match,,,,,,,1,0.05,Vibrio parahaemolyticus,True
ARO:3005562,CARB-26,protein homolog model,antibiotic inactivation; penam,no_reliable_match,,,,,,,1,0.15,Vibrio parahaemolyticus,True
ARO:3005563,CARB-27,protein homolog model,antibiotic inactivation; penam,no_reliable_match,,,,,,,1,0.31,Vibrio parahaemolyticus,True
ARO:3005564,CARB-28,protein homolog model,antibiotic inactivation; penam,no_reliable_match,,,,,,,1,0.05,Vibrio parahaemolyticus,True
ARO:3005565,CARB-29,protein homolog model,antibiotic inactivation; penam,no_reliable_match,,,,,,,1,0.05,Vibrio parahaemolyticus,True
ARO:3005566,CARB-30,protein homolog model,antibiotic inactivation; penam,no_reliable_match,,,,,,,1,6.43,Vibrio parahaemolyticus,True
ARO:3005567,CARB-31,protein homolog model,antibiotic inactivation; penam,no_reliable_match,,,,,,,1,1.13,Vibrio parahaemolyticus,True
ARO:3005568,CARB-32,protein homolog model,antibiotic inactivation; penam,no_reliable_match,,,,,,,1,1.18,Vibrio parahaemolyticus,True
ARO:3005569,CARB-33,protein homolog model,antibiotic inactivation; penam,no_reliable_match,,,,,,,1,0.05,Vibrio parahaemolyticus,True
ARO:3005570,CARB-34,protein homolog model,antibiotic inactivation; penam,no_reliable_match,,,,,,,1,1.08,Vibrio parahaemolyticus,True
ARO:3005571,CARB-35,protein homolog model,antibiotic inactivation; penam,no_reliable_match,,,,,,,1,0.05,Vibrio parahaemolyticus,True
ARO:3005572,CARB-36,protein homolog model,antibiotic inactivation; penam,no_reliable_match,,,,,,,1,0.41,Vibrio parahaemolyticus,True
ARO:3005573,CARB-38,protein homolog model,antibiotic inactivation; penam,no_reliable_match,,,,,,,1,0.05,Vibrio parahaemolyticus,True
ARO:3005574,CARB-40,protein homolog model,antibiotic inactivation; penam,no_reliable_match,,,,,,,1,0.1,Vibrio parahaemolyticus,True
ARO:3005575,CARB-41,protein homolog model,antibiotic inactivation; penam,no_reliable_match,,,,,,,1,1.03,Vibrio parahaemolyticus,True
ARO:3005576,CARB-42,protein homolog model,antibiotic inactivation; penam,no_reliable_match,,,,,,,2,25.79,Vibrio alginolyticus,True
ARO:3005577,CARB-43,protein homolog model,antibiotic inactivation; penam,no_reliable_match,,,,,,,1,0.41,Vibrio parahaemolyticus,True
ARO:3005578,CARB-44,protein homolog model,antibiotic inactivation; penam,no_reliable_match,,,,,,,1,0.46,Vibrio parahaemolyticus,True
ARO:3005579,CARB-45,protein homolog model,antibiotic inactivation; penam,no_reliable_match,,,,,,,1,0.26,Vibrio parahaemolyticus,True
ARO:3005580,CARB-46,protein homolog model,antibiotic inactivation; penam,no_reliable_match,,,,,,,1,0.31,Vibrio parahaemolyticus,True
ARO:3005583,CARB-49,protein homolog model,antibiotic inactivation; penam,no_reliable_match,,,,,,,1,0.01,Acinetobacter baumannii,True
ARO:3005584,CARB-50,protein homolog model,antibiotic inactivation; penam,no_reliable_match,,,,,,,1,0.01,Acinetobacter baumannii,True
ARO:3005587,CARB-53,protein homolog model,antibiotic inactivation; penam,no_reliable_match,,,,,,,7,1.49,Acinetobacter junii,True
ARO:3005590,CTX-M-167,protein homolog model,antibiotic inactivation; cephalosporin,no_reliable_match,,,,,,,1,0.01,Klebsiella pneumoniae,True
ARO:3005592,CTX-M-169,protein homolog model,antibiotic inactivation; cephalosporin,no_reliable_match,,,,,,,1,0.01,Escherichia coli,True
ARO:3005596,CTX-M-173,protein homolog model,antibiotic inactivation; cephalosporin,no_reliable_match,,,,,,,1,0.01,Klebsiella pneumoniae,True
ARO:3005597,CTX-M-174,protein homolog model,antibiotic inactivation; cephalosporin,no_reliable_match,,,,,,,1,0.02,Escherichia coli,True
ARO:3005609,CTX-M-186,protein homolog model,antibiotic inactivation; cephalosporin,no_reliable_match,,,,,,,2,0.01,Escherichia coli,True
ARO:3005613,CTX-M-190,protein homolog model,antibiotic inactivation; cephalosporin,no_reliable_match,,,,,,,1,0.02,Escherichia coli,True
ARO:3005617,CTX-M-194,protein homolog model,antibiotic inactivation; cephalosporin,no_reliable_match,,,,,,,1,0.09,Klebsiella pneumoniae,True
ARO:3005618,CTX-M-195,protein homolog model,antibiotic inactivation; cephalosporin,no_reliable_match,,,,,,,1,0.0,Escherichia coli,True
ARO:3005620,CTX-M-197,protein homolog model,antibiotic inactivation; cephalosporin,no_reliable_match,,,,,,,1,0.0,Escherichia coli,True
ARO:3005622,CTX-M-199,protein homolog model,antibiotic inactivation; cephalosporin,no_reliable_match,,,,,,,3,2.26,Klebsiella aerogenes,True
ARO:3005625,CTX-M-202,protein homolog model,antibiotic inactivation; cephalosporin,no_reliable_match,,,,,,,1,0.01,Klebsiella pneumoniae,True
ARO:3005629,CTX-M-206,protein homolog model,antibiotic inactivation; cephalosporin,no_reliable_match,,,,,,,2,0.01,Escherichia coli,True
ARO:3005634,CTX-M-211,protein homolog model,antibiotic inactivation; cephalosporin,no_reliable_match,,,,,,,1,0.04,Enterobacter hormaechei,True
ARO:3005638,CTX-M-215,protein homolog model,antibiotic inactivation; cephalosporin,no_reliable_match,,,,,,,1,0.0,Escherichia coli,True
ARO:3005639,CTX-M-216,protein homolog model,antibiotic inactivation; cephalosporin,no_reliable_match,,,,,,,2,0.13,Klebsiella quasipneumoniae,True
ARO:3005642,CTX-M-219,protein homolog model,antibiotic inactivation; cephalosporin,no_reliable_match,,,,,,,1,0.0,Klebsiella pneumoniae,True
ARO:3005643,CTX-M-220,protein homolog model,antibiotic inactivation; cephalosporin,no_reliable_match,,,,,,,1,0.01,Klebsiella pneumoniae,True
ARO:3005647,CTX-M-224,protein homolog model,antibiotic inactivation; cephalosporin,no_reliable_match,,,,,,,2,0.44,Enterobacter kobei,True
ARO:3005652,CTX-M-229,protein homolog model,antibiotic inactivation; cephalosporin,no_reliable_match,,,,,,,1,0.03,Pseudomonas aeruginosa,True
ARO:3005659,CTX-M-236,protein homolog model,antibiotic inactivation; cephalosporin,no_reliable_match,,,,,,,2,0.0,Klebsiella pneumoniae,True
ARO:3005661,CTX-M-238,protein homolog model,antibiotic inactivation; cephalosporin,no_reliable_match,,,,,,,1,0.13,Klebsiella pneumoniae,True
ARO:3005668,GOB-19,protein homolog model,antibiotic inactivation; carbapenem; cephalosporin; penam,no_reliable_match,,,,,,,1,26.09,Elizabethkingia miricola,True
ARO:3005669,GOB-20,protein homolog model,antibiotic inactivation; carbapenem; cephalosporin; penam,no_reliable_match,,,,,,,1,13.4,Elizabethkingia anophelis,True
ARO:3005670,GOB-21,protein homolog model,antibiotic inactivation; carbapenem; cephalosporin; penam,no_reliable_match,,,,,,,1,12.37,Elizabethkingia anophelis,True
ARO:3005672,GOB-23,protein homolog model,antibiotic inactivation; carbapenem; cephalosporin; penam,no_reliable_match,,,,,,,1,4.35,Elizabethkingia miricola,True
ARO:3005673,GOB-24,protein homolog model,antibiotic inactivation; carbapenem; cephalosporin; penam,no_reliable_match,,,,,,,1,5.15,Elizabethkingia anophelis,True
ARO:3005674,GOB-25,protein homolog model,antibiotic inactivation; carbapenem; cephalosporin; penam,no_reliable_match,,,,,,,1,26.09,Elizabethkingia miricola,True
ARO:3005675,GOB-26,protein homolog model,antibiotic inactivation; carbapenem; cephalosporin; penam,no_reliable_match,,,,,,,1,4.12,Elizabethkingia anophelis,True
ARO:3005677,GOB-28,protein homolog model,antibiotic inactivation; carbapenem; cephalosporin; penam,no_reliable_match,,,,,,,1,1.03,Elizabethkingia anophelis,True
ARO:3005678,GOB-29,protein homolog model,antibiotic inactivation; carbapenem; cephalosporin; penam,no_reliable_match,,,,,,,1,8.7,Elizabethkingia miricola,True
ARO:3005679,GOB-30,protein homolog model,antibiotic inactivation; carbapenem; cephalosporin; penam,no_reliable_match,,,,,,,1,4.12,Elizabethkingia anophelis,True
ARO:3005680,GOB-31,protein homolog model,antibiotic inactivation; carbapenem; cephalosporin; penam,no_reliable_match,,,,,,,1,0.0,Elizabethkingia miricola,True
ARO:3005681,GOB-32,protein homolog model,antibiotic inactivation; carbapenem; cephalosporin; penam,no_reliable_match,,,,,,,1,13.04,Elizabethkingia miricola,True
ARO:3005687,GOB-38,protein homolog model,antibiotic inactivation; carbapenem; cephalosporin; penam,no_reliable_match,,,,,,,1,5.15,Elizabethkingia anophelis,True
ARO:3005688,GOB-39,protein homolog model,antibiotic inactivation; carbapenem; cephalosporin; penam,no_reliable_match,,,,,,,1,1.03,Elizabethkingia anophelis,True
ARO:3005689,GOB-40,protein homolog model,antibiotic inactivation; carbapenem; cephalosporin; penam,no_reliable_match,,,,,,,1,2.06,Elizabethkingia anophelis,True
ARO:3005690,GOB-41,protein homolog model,antibiotic inactivation; carbapenem; cephalosporin; penam,no_reliable_match,,,,,,,1,4.12,Elizabethkingia anophelis,True
ARO:3005691,GOB-42,protein homolog model,antibiotic inactivation; carbapenem; cephalosporin; penam,no_reliable_match,,,,,,,1,0.0,Elizabethkingia anophelis,True
ARO:3005692,GOB-43,protein homolog model,antibiotic inactivation; carbapenem; cephalosporin; penam,no_reliable_match,,,,,,,1,2.06,Elizabethkingia anophelis,True
ARO:3005694,GOB-45,protein homolog model,antibiotic inactivation; carbapenem; cephalosporin; penam,no_reliable_match,,,,,,,1,1.03,Elizabethkingia anophelis,True
ARO:3005696,GOB-48,protein homolog model,antibiotic inactivation; carbapenem; cephalosporin; penam,no_reliable_match,,,,,,,1,13.4,Elizabethkingia anophelis,True
ARO:3005697,GOB-49,protein homolog model,antibiotic inactivation; carbapenem; cephalosporin; penam,no_reliable_match,,,,,,,1,0.0,Elizabethkingia miricola,True
ARO:3005698,GOB-50,protein homolog model,antibiotic inactivation; carbapenem; cephalosporin; penam,no_reliable_match,,,,,,,1,3.09,Elizabethkingia anophelis,True
ARO:3005702,OXA-114b,protein homolog model,antibiotic inactivation; carbapenem; cephalosporin; penam,no_reliable_match,,,,,,,1,1.53,Achromobacter xylosoxidans,True
ARO:3005703,OXA-114c,protein homolog model,antibiotic inactivation; carbapenem; cephalosporin; penam,no_reliable_match,,,,,,,1,3.82,Achromobacter xylosoxidans,True
ARO:3005705,OXA-114e,protein homolog model,antibiotic inactivation; carbapenem; cephalosporin; penam,no_reliable_match,,,,,,,1,1.53,Achromobacter xylosoxidans,True
ARO:3005706,OXA-114f,protein homolog model,antibiotic inactivation; carbapenem; cephalosporin; penam,no_reliable_match,,,,,,,1,3.05,Achromobacter xylosoxidans,True
ARO:3005707,OXA-114g,protein homolog model,antibiotic inactivation; carbapenem; cephalosporin; penam,no_reliable_match,,,,,,,1,4.58,Achromobacter xylosoxidans,True
ARO:3005708,OXA-114h,protein homolog model,antibiotic inactivation; carbapenem; cephalosporin; penam,no_reliable_match,,,,,,,1,12.21,Achromobacter xylosoxidans,True
ARO:3005709,OXA-114i,protein homolog model,antibiotic inactivation; carbapenem; cephalosporin; penam,no_reliable_match,,,,,,,1,9.16,Achromobacter xylosoxidans,True
ARO:3005710,OXA-114j,protein homolog model,antibiotic inactivation; carbapenem; cephalosporin; penam,no_reliable_match,,,,,,,1,2.29,Achromobacter xylosoxidans,True
ARO:3005712,OXA-114l,protein homolog model,antibiotic inactivation; carbapenem; cephalosporin; penam,no_reliable_match,,,,,,,1,3.82,Achromobacter xylosoxidans,True
ARO:3005713,OXA-114m,protein homolog model,antibiotic inactivation; carbapenem; cephalosporin; penam,no_reliable_match,,,,,,,1,6.11,Achromobacter xylosoxidans,True
ARO:3005715,OXA-114p,protein homolog model,antibiotic inactivation; carbapenem; cephalosporin; penam,no_reliable_match,,,,,,,1,0.76,Achromobacter xylosoxidans,True
ARO:3005717,OXA-114r,protein homolog model,antibiotic inactivation; carbapenem; cephalosporin; penam,no_reliable_match,,,,,,,1,2.29,Achromobacter xylosoxidans,True
ARO:3005718,OXA-114s,protein homolog model,antibiotic inactivation; carbapenem; cephalosporin; penam,no_reliable_match,,,,,,,1,2.29,Achromobacter xylosoxidans,True
ARO:3005719,OXA-114t,protein homolog model,antibiotic inactivation; carbapenem; cephalosporin; penam,no_reliable_match,,,,,,,1,0.76,Achromobacter xylosoxidans,True
ARO:3005722,OXA-114w,protein homolog model,antibiotic inactivation; carbapenem; cephalosporin; penam,no_reliable_match,,,,,,,1,0.76,Achromobacter xylosoxidans,True
ARO:3005724,OXA-489,protein homolog model,antibiotic inactivation; carbapenem; cephalosporin; penam,no_reliable_match,,,,,,,2,22.43,Campylobacter coli,True
ARO:3005727,OXA-494,protein homolog model,antibiotic inactivation; carbapenem; cephalosporin; penam,no_reliable_match,,,,,,,1,10.13,Pseudomonas aeruginosa,True
ARO:3005728,OXA-497,protein homolog model,antibiotic inactivation; carbapenem; cephalosporin; penam,no_reliable_match,,,,,,,1,0.01,Acinetobacter baumannii,True
ARO:3005729,OXA-498,protein homolog model,antibiotic inactivation; carbapenem; cephalosporin; penam,no_reliable_match,,,,,,,1,5.45,Acinetobacter johnsonii,True
ARO:3005730,OXA-500,protein homolog model,antibiotic inactivation; carbapenem; cephalosporin; penam,no_reliable_match,,,,,,,2,38.07,Acinetobacter pittii,True
ARO:3005731,OXA-501,protein homolog model,antibiotic inactivation; carbapenem; cephalosporin; penam,no_reliable_match,,,,,,,1,0.57,Acinetobacter pittii,True
ARO:3005732,OXA-502,protein homolog model,antibiotic inactivation; carbapenem; cephalosporin; penam,no_reliable_match,,,,,,,1,3.69,Acinetobacter pittii,True
ARO:3005733,OXA-503,protein homolog model,antibiotic inactivation; carbapenem; cephalosporin; penam,no_reliable_match,,,,,,,1,0.28,Acinetobacter pittii,True
ARO:3005736,OXA-506,protein homolog model,antibiotic inactivation; carbapenem; cephalosporin; penam,no_reliable_match,,,,,,,1,7.67,Acinetobacter pittii,True
ARO:3005737,OXA-507,protein homolog model,antibiotic inactivation; carbapenem; cephalosporin; penam,no_reliable_match,,,,,,,1,0.0,Acinetobacter baumannii,True
ARO:3005738,OXA-508,protein homolog model,antibiotic inactivation; carbapenem; cephalosporin; penam,no_reliable_match,,,,,,,1,0.01,Acinetobacter baumannii,True
ARO:3005740,OXA-510,protein homolog model,antibiotic inactivation; carbapenem; cephalosporin; penam,no_reliable_match,,,,,,,1,0.09,Acinetobacter baumannii,True
ARO:3005747,OXA-517,protein homolog model,antibiotic inactivation; carbapenem; cephalosporin; penam,no_reliable_match,,,,,,,1,0.01,Klebsiella pneumoniae,True
ARO:3005749,OXA-519,protein homolog model,antibiotic inactivation; carbapenem; cephalosporin; penam,no_reliable_match,,,,,,,1,0.01,Klebsiella pneumoniae,True
ARO:3005750,OXA-520,protein homolog model,antibiotic inactivation; carbapenem; cephalosporin; penam,no_reliable_match,,,,,,,1,0.01,Pseudomonas aeruginosa,True
ARO:3005762,OXA-532,protein homolog model,antibiotic inactivation; carbapenem; cephalosporin; penam,no_reliable_match,,,,,,,1,0.01,Acinetobacter baumannii,True
ARO:3005763,OXA-533,protein homolog model,antibiotic inactivation; carbapenem; cephalosporin; penam,no_reliable_match,,,,,,,1,5.11,Acinetobacter pittii,True
ARO:3005764,OXA-534,protein homolog model,antibiotic inactivation; carbapenem; cephalosporin; penam,no_reliable_match,,,,,,,1,0.02,Klebsiella pneumoniae,True
ARO:3005768,OXA-542,protein homolog model,antibiotic inactivation; carbapenem; cephalosporin; penam,no_reliable_match,,,,,,,2,1.14,Acinetobacter pittii,True
ARO:3005769,OXA-545,protein homolog model,antibiotic inactivation; carbapenem; cephalosporin; penam,no_reliable_match,,,,,,,1,0.01,Acinetobacter baumannii,True
ARO:3005774,OXA-550,protein homolog model,antibiotic inactivation; carbapenem; cephalosporin; penam,no_reliable_match,,,,,,,1,0.0,Shewanella putrefaciens,True
ARO:3005775,OXA-551,protein homolog model,antibiotic inactivation; carbapenem; cephalosporin; penam,no_reliable_match,,,,,,,1,12.5,Shewanella putrefaciens,True
ARO:3005779,OXA-555,protein homolog model,antibiotic inactivation; carbapenem; cephalosporin; penam,no_reliable_match,,,,,,,1,0.03,Acinetobacter baumannii,True
ARO:3005780,OXA-556,protein homolog model,antibiotic inactivation; carbapenem; cephalosporin; penam,no_reliable_match,,,,,,,1,0.01,Acinetobacter baumannii,True
ARO:3005782,OXA-558,protein homolog model,antibiotic inactivation; carbapenem; cephalosporin; penam,no_reliable_match,,,,,,,1,0.04,Acinetobacter baumannii,True
ARO:3005786,OXA-562,protein homolog model,antibiotic inactivation; carbapenem; cephalosporin; penam,no_reliable_match,,,,,,,1,0.0,Acinetobacter baumannii,True
ARO:3005787,OXA-563,protein homolog model,antibiotic inactivation; carbapenem; cephalosporin; penam,no_reliable_match,,,,,,,1,0.28,Acinetobacter pittii,True
ARO:3005788,OXA-564,protein homolog model,antibiotic inactivation; carbapenem; cephalosporin; penam,no_reliable_match,,,,,,,1,1.42,Acinetobacter pittii,True
ARO:3005789,OXA-565,protein homolog model,antibiotic inactivation; carbapenem; cephalosporin; penam,no_reliable_match,,,,,,,1,0.04,Acinetobacter baumannii,True
ARO:3005793,OXA-569,protein homolog model,antibiotic inactivation; carbapenem; cephalosporin; penam,no_reliable_match,,,,,,,1,0.51,Ralstonia solanacearum,True
ARO:3005794,OXA-572,protein homolog model,antibiotic inactivation; carbapenem; cephalosporin; penam,no_reliable_match,,,,,,,2,16.67,Ralstonia mannitolilytica,True
ARO:3005796,OXA-575,protein homolog model,antibiotic inactivation; carbapenem; cephalosporin; penam,no_reliable_match,,,,,,,1,4.65,Acinetobacter haemolyticus,True
ARO:3005797,OXA-576,protein homolog model,antibiotic inactivation; carbapenem; cephalosporin; penam,no_reliable_match,,,,,,,1,0.09,Campylobacter jejuni,True
ARO:3005799,OXA-578,protein homolog model,antibiotic inactivation; carbapenem; cephalosporin; penam,no_reliable_match,,,,,,,1,1.32,Campylobacter coli,True
ARO:3005800,OXA-579,protein homolog model,antibiotic inactivation; carbapenem; cephalosporin; penam,no_reliable_match,,,,,,,1,0.18,Campylobacter coli,True
ARO:3005801,OXA-580,protein homolog model,antibiotic inactivation; carbapenem; cephalosporin; penam,no_reliable_match,,,,,,,1,0.37,Campylobacter jejuni,True
ARO:3005802,OXA-581,protein homolog model,antibiotic inactivation; carbapenem; cephalosporin; penam,no_reliable_match,,,,,,,1,0.14,Campylobacter jejuni,True
ARO:3005804,OXA-583,protein homolog model,antibiotic inactivation; carbapenem; cephalosporin; penam,no_reliable_match,,,,,,,1,0.27,Campylobacter jejuni,True
ARO:3005805,OXA-584,protein homolog model,antibiotic inactivation; carbapenem; cephalosporin; penam,no_reliable_match,,,,,,,2,0.18,Campylobacter coli,True
ARO:3005807,OXA-586,protein homolog model,antibiotic inactivation; carbapenem; cephalosporin; penam,no_reliable_match,,,,,,,2,0.26,Campylobacter coli,True
ARO:3005809,OXA-588,protein homolog model,antibiotic inactivation; carbapenem; cephalosporin; penam,no_reliable_match,,,,,,,1,1.06,Campylobacter coli,True
ARO:3005812,OXA-591,protein homolog model,antibiotic inactivation; carbapenem; cephalosporin; penam,no_reliable_match,,,,,,,1,1.32,Campylobacter jejuni,True
ARO:3005813,OXA-592,protein homolog model,antibiotic inactivation; carbapenem; cephalosporin; penam,no_reliable_match,,,,,,,1,0.46,Campylobacter jejuni,True
ARO:3005815,OXA-594,protein homolog model,antibiotic inactivation; carbapenem; cephalosporin; penam,no_reliable_match,,,,,,,2,0.79,Campylobacter coli,True
ARO:3005816,OXA-595,protein homolog model,antibiotic inactivation; carbapenem; cephalosporin; penam,no_reliable_match,,,,,,,2,0.32,Campylobacter jejuni,True
ARO:3005817,OXA-596,protein homolog model,antibiotic inactivation; carbapenem; cephalosporin; penam,no_reliable_match,,,,,,,1,0.05,Campylobacter jejuni,True
ARO:3005818,OXA-597,protein homolog model,antibiotic inactivation; carbapenem; cephalosporin; penam,no_reliable_match,,,,,,,1,0.18,Campylobacter jejuni,True
ARO:3005822,OXA-601,protein homolog model,antibiotic inactivation; carbapenem; cephalosporin; penam,no_reliable_match,,,,,,,1,0.05,Campylobacter jejuni,True
ARO:3005824,OXA-603,protein homolog model,antibiotic inactivation; carbapenem; cephalosporin; penam,no_reliable_match,,,,,,,1,0.59,Campylobacter jejuni,True
ARO:3005826,OXA-605,protein homolog model,antibiotic inactivation; carbapenem; cephalosporin; penam,no_reliable_match,,,,,,,1,0.05,Campylobacter jejuni,True
ARO:3005829,OXA-608,protein homolog model,antibiotic inactivation; carbapenem; cephalosporin; penam,no_reliable_match,,,,,,,2,0.09,Campylobacter coli,True
ARO:3005830,OXA-609,protein homolog model,antibiotic inactivation; carbapenem; cephalosporin; penam,no_reliable_match,,,,,,,1,0.09,Campylobacter jejuni,True
ARO:3005831,OXA-610,protein homolog model,antibiotic inactivation; carbapenem; cephalosporin; penam,no_reliable_match,,,,,,,1,0.05,Campylobacter jejuni,True
ARO:3005832,OXA-611,protein homolog model,antibiotic inactivation; carbapenem; cephalosporin; penam,no_reliable_match,,,,,,,1,0.14,Campylobacter jejuni,True
ARO:3005835,OXA-614,protein homolog model,antibiotic inactivation; carbapenem; cephalosporin; penam,no_reliable_match,,,,,,,1,0.32,Campylobacter jejuni,True
ARO:3005836,OXA-615,protein homolog model,antibiotic inactivation; carbapenem; cephalosporin; penam,no_reliable_match,,,,,,,1,0.14,Campylobacter jejuni,True
ARO:3005838,OXA-617,protein homolog model,antibiotic inactivation; carbapenem; cephalosporin; penam,no_reliable_match,,,,,,,1,0.05,Campylobacter jejuni,True
ARO:3005840,OXA-619,protein homolog model,antibiotic inactivation; carbapenem; cephalosporin; penam,no_reliable_match,,,,,,,1,0.09,Campylobacter jejuni,True
ARO:3005843,OXA-622,protein homolog model,antibiotic inactivation; carbapenem; cephalosporin; penam,no_reliable_match,,,,,,,1,0.05,Campylobacter jejuni,True
ARO:3005844,OXA-623,protein homolog model,antibiotic inactivation; carbapenem; cephalosporin; penam,no_reliable_match,,,,,,,1,0.23,Campylobacter jejuni,True
ARO:3005845,OXA-624,protein homolog model,antibiotic inactivation; carbapenem; cephalosporin; penam,no_reliable_match,,,,,,,1,0.05,Campylobacter jejuni,True
ARO:3005846,OXA-625,protein homolog model,antibiotic inactivation; carbapenem; cephalosporin; penam,no_reliable_match,,,,,,,1,0.46,Campylobacter jejuni,True
ARO:3005850,OXA-629,protein homolog model,antibiotic inactivation; carbapenem; cephalosporin; penam,no_reliable_match,,,,,,,1,0.05,Campylobacter jejuni,True
ARO:3005851,OXA-630,protein homolog model,antibiotic inactivation; carbapenem; cephalosporin; penam,no_reliable_match,,,,,,,1,0.05,Campylobacter jejuni,True
ARO:3005852,OXA-631,protein homolog model,antibiotic inactivation; carbapenem; cephalosporin; penam,no_reliable_match,,,,,,,1,0.14,Campylobacter jejuni,True
ARO:3005853,OXA-632,protein homolog model,antibiotic inactivation; carbapenem; cephalosporin; penam,no_reliable_match,,,,,,,1,0.05,Campylobacter jejuni,True
ARO:3005858,OXA-637,protein homolog model,antibiotic inactivation; carbapenem; cephalosporin; penam,no_reliable_match,,,,,,,1,0.41,Campylobacter jejuni,True
ARO:3005859,OXA-638,protein homolog model,antibiotic inactivation; carbapenem; cephalosporin; penam,no_reliable_match,,,,,,,1,1.64,Campylobacter jejuni,True
ARO:3005860,OXA-639,protein homolog model,antibiotic inactivation; carbapenem; cephalosporin; penam,no_reliable_match,,,,,,,1,0.09,Campylobacter jejuni,True
ARO:3005862,OXA-642,protein homolog model,antibiotic inactivation; carbapenem; cephalosporin; penam,no_reliable_match,,,,,,,1,0.0,Acinetobacter pittii,True
ARO:3005863,OXA-643,protein homolog model,antibiotic inactivation; carbapenem; cephalosporin; penam,no_reliable_match,,,,,,,1,3.64,Acinetobacter johnsonii,True
ARO:3005864,OXA-644,protein homolog model,antibiotic inactivation; carbapenem; cephalosporin; penam,no_reliable_match,,,,,,,1,1.82,Acinetobacter johnsonii,True
ARO:3005865,OXA-645,protein homolog model,antibiotic inactivation; carbapenem; cephalosporin; penam,no_reliable_match,,,,,,,1,0.0,Acinetobacter johnsonii,True
ARO:3005866,OXA-650,protein homolog model,antibiotic inactivation; carbapenem; cephalosporin; penam,no_reliable_match,,,,,,,1,1.82,Acinetobacter johnsonii,True
ARO:3005867,OXA-651,protein homolog model,antibiotic inactivation; carbapenem; cephalosporin; penam,no_reliable_match,,,,,,,1,9.09,Acinetobacter johnsonii,True
ARO:3005868,OXA-652,protein homolog model,antibiotic inactivation; carbapenem; cephalosporin; penam,no_reliable_match,,,,,,,1,9.09,Acinetobacter johnsonii,True
ARO:3005869,OXA-654,protein homolog model,antibiotic inactivation; carbapenem; cephalosporin; penam,no_reliable_match,,,,,,,1,0.2,Acinetobacter baumannii,True
ARO:3005872,OXA-657,protein homolog model,antibiotic inactivation; carbapenem; cephalosporin; penam,no_reliable_match,,,,,,,1,0.03,Acinetobacter baumannii,True
ARO:3005873,OXA-658,protein homolog model,antibiotic inactivation; carbapenem; cephalosporin; penam,no_reliable_match,,,,,,,1,0.5,Campylobacter jejuni,True
ARO:3005877,OXA-662,protein homolog model,antibiotic inactivation; carbapenem; cephalosporin; penam,no_reliable_match,,,,,,,1,10.91,Acinetobacter johnsonii,True
ARO:3005881,OXA-670,protein homolog model,antibiotic inactivation; carbapenem; cephalosporin; penam,no_reliable_match,,,,,,,1,0.01,Acinetobacter baumannii,True
ARO:3005883,OXA-675,protein homolog model,antibiotic inactivation; carbapenem; cephalosporin; penam,no_reliable_match,,,,,,,2,0.76,Pseudomonas stutzeri,True
ARO:3005885,OXA-677,protein homolog model,antibiotic inactivation; carbapenem; cephalosporin; penam,no_reliable_match,,,,,,,2,0.36,Enterobacter roggenkampii,True
ARO:3005886,OXA-678,protein homolog model,antibiotic inactivation; carbapenem; cephalosporin; penam,no_reliable_match,,,,,,,1,0.28,Acinetobacter pittii,True
ARO:3005887,OXA-679,protein homolog model,antibiotic inactivation; carbapenem; cephalosporin; penam,no_reliable_match,,,,,,,1,0.0,Acinetobacter calcoaceticus,True
ARO:3005891,OXA-684,protein homolog model,antibiotic inactivation; carbapenem; cephalosporin; penam,no_reliable_match,,,,,,,1,0.03,Acinetobacter baumannii,True
ARO:3005892,OXA-685,protein homolog model,antibiotic inactivation; carbapenem; cephalosporin; penam,no_reliable_match,,,,,,,1,0.01,Acinetobacter baumannii,True
ARO:3005895,OXA-688,protein homolog model,antibiotic inactivation; carbapenem; cephalosporin; penam,no_reliable_match,,,,,,,1,0.01,Acinetobacter baumannii,True
ARO:3005901,OXA-694,protein homolog model,antibiotic inactivation; carbapenem; cephalosporin; penam,no_reliable_match,,,,,,,1,0.01,Acinetobacter baumannii,True
ARO:3005914,OXA-707,protein homolog model,antibiotic inactivation; carbapenem; cephalosporin; penam,no_reliable_match,,,,,,,1,0.03,Acinetobacter baumannii,True
ARO:3005917,OXA-710,protein homolog model,antibiotic inactivation; carbapenem; cephalosporin; penam,no_reliable_match,,,,,,,1,0.01,Acinetobacter baumannii,True
ARO:3005922,OXA-715,protein homolog model,antibiotic inactivation; carbapenem; cephalosporin; penam,no_reliable_match,,,,,,,1,0.01,Acinetobacter baumannii,True
ARO:3005923,OXA-716,protein homolog model,antibiotic inactivation; carbapenem; cephalosporin; penam,no_reliable_match,,,,,,,1,0.04,Acinetobacter baumannii,True
ARO:3005924,OXA-717,protein homolog model,antibiotic inactivation; carbapenem; cephalosporin; penam,no_reliable_match,,,,,,,1,0.01,Acinetobacter baumannii,True
ARO:3005931,OXA-726,protein homolog model,antibiotic inactivation; carbapenem; cephalosporin; penam,no_reliable_match,,,,,,,3,77.42,Aeromonas hydrophila,True
ARO:3005936,OXA-731,protein homolog model,antibiotic inactivation; carbapenem; cephalosporin; penam,no_reliable_match,,,,,,,1,0.0,Shewanella putrefaciens,True
ARO:3005937,OXA-732,protein homolog model,antibiotic inactivation; carbapenem; cephalosporin; penam,no_reliable_match,,,,,,,3,0.01,Pseudomonas aeruginosa,True
ARO:3005940,OXA-735,protein homolog model,antibiotic inactivation; carbapenem; cephalosporin; penam,no_reliable_match,,,,,,,1,0.01,Acinetobacter baumannii,True
ARO:3005942,OXA-738,protein homolog model,antibiotic inactivation; carbapenem; cephalosporin; penam,no_reliable_match,,,,,,,1,0.01,Acinetobacter baumannii,True
ARO:3005943,OXA-739,protein homolog model,antibiotic inactivation; carbapenem; cephalosporin; penam,no_reliable_match,,,,,,,1,0.01,Acinetobacter baumannii,True
ARO:3005957,OXA-753,protein homolog model,antibiotic inactivation; carbapenem; cephalosporin; penam,no_reliable_match,,,,,,,1,0.04,Acinetobacter baumannii,True
ARO:3005959,OXA-755,protein homolog model,antibiotic inactivation; carbapenem; cephalosporin; penam,no_reliable_match,,,,,,,1,0.01,Acinetobacter baumannii,True
ARO:3005960,OXA-756,protein homolog model,antibiotic inactivation; carbapenem; cephalosporin; penam,no_reliable_match,,,,,,,1,0.04,Acinetobacter baumannii,True
ARO:3005965,OXA-761,protein homolog model,antibiotic inactivation; carbapenem; cephalosporin; penam,no_reliable_match,,,,,,,1,0.01,Acinetobacter baumannii,True
ARO:3005966,OXA-762,protein homolog model,antibiotic inactivation; carbapenem; cephalosporin; penam,no_reliable_match,,,,,,,1,0.01,Acinetobacter baumannii,True
ARO:3005973,OXA-769,protein homolog model,antibiotic inactivation; carbapenem; cephalosporin; penam,no_reliable_match,,,,,,,1,0.01,Acinetobacter baumannii,True
ARO:3005974,OXA-770,protein homolog model,antibiotic inactivation; carbapenem; cephalosporin; penam,no_reliable_match,,,,,,,1,0.0,Acinetobacter baumannii,True
ARO:3005981,OXA-777,protein homolog model,antibiotic inactivation; carbapenem; cephalosporin; penam,no_reliable_match,,,,,,,1,0.57,Acinetobacter pittii,True
ARO:3005982,OXA-778,protein homolog model,antibiotic inactivation; carbapenem; cephalosporin; penam,no_reliable_match,,,,,,,1,0.28,Acinetobacter pittii,True
ARO:3005983,OXA-780,protein homolog model,antibiotic inactivation; carbapenem; cephalosporin; penam,no_reliable_match,,,,,,,1,24.73,Aeromonas caviae,True
ARO:3005986,OXA-783,protein homolog model,antibiotic inactivation; carbapenem; cephalosporin; penam,no_reliable_match,,,,,,,1,0.09,Campylobacter coli,True
ARO:3005987,OXA-784,protein homolog model,antibiotic inactivation; carbapenem; cephalosporin; penam,no_reliable_match,,,,,,,1,0.44,Campylobacter coli,True
ARO:3005988,OXA-785,protein homolog model,antibiotic inactivation; carbapenem; cephalosporin; penam,no_reliable_match,,,,,,,1,0.14,Campylobacter jejuni,True
ARO:3005992,OXA-789,protein homolog model,antibiotic inactivation; carbapenem; cephalosporin; penam,no_reliable_match,,,,,,,1,0.76,Achromobacter xylosoxidans,True
ARO:3005996,OXA-796,protein homolog model,antibiotic inactivation; carbapenem; cephalosporin; penam,no_reliable_match,,,,,,,2,0.13,Pseudomonas aeruginosa,True
ARO:3005998,OXA-798,protein homolog model,antibiotic inactivation; carbapenem; cephalosporin; penam,no_reliable_match,,,,,,,1,0.01,Acinetobacter baumannii,True
ARO:3006002,OXA-802,protein homolog model,antibiotic inactivation; carbapenem; cephalosporin; penam,no_reliable_match,,,,,,,1,0.57,Acinetobacter pittii,True
ARO:3006003,OXA-803,protein homolog model,antibiotic inactivation; carbapenem; cephalosporin; penam,no_reliable_match,,,,,,,2,4.35,Acinetobacter calcoaceticus,True
ARO:3006004,OXA-804,protein homolog model,antibiotic inactivation; carbapenem; cephalosporin; penam,no_reliable_match,,,,,,,1,0.28,Acinetobacter pittii,True
ARO:3006005,OXA-805,protein homolog model,antibiotic inactivation; carbapenem; cephalosporin; penam,no_reliable_match,,,,,,,1,0.03,Acinetobacter baumannii,True
ARO:3006006,OXA-806,protein homolog model,antibiotic inactivation; carbapenem; cephalosporin; penam,no_reliable_match,,,,,,,1,1.75,Acinetobacter radioresistens,True
ARO:3006007,OXA-807,protein homolog model,antibiotic inactivation; carbapenem; cephalosporin; penam,no_reliable_match,,,,,,,1,1.75,Acinetobacter radioresistens,True
ARO:3006011,OXA-811,protein homolog model,antibiotic inactivation; carbapenem; cephalosporin; penam,no_reliable_match,,,,,,,1,1.75,Acinetobacter radioresistens,True
ARO:3006012,OXA-813,protein homolog model,antibiotic inactivation; carbapenem; cephalosporin; penam,no_reliable_match,,,,,,,1,12.28,Acinetobacter radioresistens,True
ARO:3006013,OXA-814,protein homolog model,antibiotic inactivation; carbapenem; cephalosporin; penam,no_reliable_match,,,,,,,1,7.02,Acinetobacter radioresistens,True
ARO:3006014,OXA-815,protein homolog model,antibiotic inactivation; carbapenem; cephalosporin; penam,no_reliable_match,,,,,,,1,3.51,Acinetobacter radioresistens,True
ARO:3006015,OXA-816,protein homolog model,antibiotic inactivation; carbapenem; cephalosporin; penam,no_reliable_match,,,,,,,1,14.04,Acinetobacter radioresistens,True
ARO:3006016,OXA-817,protein homolog model,antibiotic inactivation; carbapenem; cephalosporin; penam,no_reliable_match,,,,,,,1,3.51,Acinetobacter radioresistens,True
ARO:3006017,OXA-819,protein homolog model,antibiotic inactivation; carbapenem; cephalosporin; penam,no_reliable_match,,,,,,,2,1.42,Acinetobacter pittii,True
ARO:3006018,OXA-820,protein homolog model,antibiotic inactivation; carbapenem; cephalosporin; penam,no_reliable_match,,,,,,,1,3.41,Acinetobacter pittii,True
ARO:3006019,OXA-821,protein homolog model,antibiotic inactivation; carbapenem; cephalosporin; penam,no_reliable_match,,,,,,,1,2.56,Acinetobacter pittii,True
ARO:3006020,OXA-822,protein homolog model,antibiotic inactivation; carbapenem; cephalosporin; penam,no_reliable_match,,,,,,,1,8.7,Acinetobacter calcoaceticus,True
ARO:3006023,OXA-826,protein homolog model,antibiotic inactivation; carbapenem; cephalosporin; penam,no_reliable_match,,,,,,,1,0.85,Acinetobacter pittii,True
ARO:3006024,OXA-827,protein homolog model,antibiotic inactivation; carbapenem; cephalosporin; penam,no_reliable_match,,,,,,,1,0.01,Klebsiella pneumoniae,True
ARO:3006026,OXA-829,protein homolog model,antibiotic inactivation; carbapenem; cephalosporin; penam,no_reliable_match,,,,,,,1,0.01,Acinetobacter baumannii,True
ARO:3006029,OXA-832,protein homolog model,antibiotic inactivation; carbapenem; cephalosporin; penam,no_reliable_match,,,,,,,1,0.57,Acinetobacter pittii,True
ARO:3006030,OXA-833,protein homolog model,antibiotic inactivation; carbapenem; cephalosporin; penam,no_reliable_match,,,,,,,1,0.01,Klebsiella pneumoniae,True
ARO:3006031,OXA-834,protein homolog model,antibiotic inactivation; carbapenem; cephalosporin; penam,no_reliable_match,,,,,,,1,0.07,Acinetobacter baumannii,True
ARO:3006036,OXA-842,protein homolog model,antibiotic inactivation; carbapenem; cephalosporin; penam,no_reliable_match,,,,,,,1,0.85,Acinetobacter pittii,True
ARO:3006037,OXA-843,protein homolog model,antibiotic inactivation; carbapenem; cephalosporin; penam,no_reliable_match,,,,,,,1,0.28,Acinetobacter pittii,True
ARO:3006040,OXA-847,protein homolog model,antibiotic inactivation; carbapenem; cephalosporin; penam,no_reliable_match,,,,,,,1,3.16,Pseudomonas aeruginosa,True
ARO:3006041,OXA-848,protein homolog model,antibiotic inactivation; carbapenem; cephalosporin; penam,no_reliable_match,,,,,,,1,2.09,Pseudomonas aeruginosa,True
ARO:3006043,OXA-851,protein homolog model,antibiotic inactivation; carbapenem; cephalosporin; penam,no_reliable_match,,,,,,,1,2.02,Pseudomonas aeruginosa,True
ARO:3006045,OXA-853,protein homolog model,antibiotic inactivation; carbapenem; cephalosporin; penam,no_reliable_match,,,,,,,1,0.01,Acinetobacter baumannii,True
ARO:3006046,OXA-854,protein homolog model,antibiotic inactivation; carbapenem; cephalosporin; penam,no_reliable_match,,,,,,,1,0.01,Acinetobacter baumannii,True
ARO:3006047,OXA-855,protein homolog model,antibiotic inactivation; carbapenem; cephalosporin; penam,no_reliable_match,,,,,,,1,0.01,Acinetobacter baumannii,True
ARO:3006048,OXA-856,protein homolog model,antibiotic inactivation; carbapenem; cephalosporin; penam,no_reliable_match,,,,,,,1,0.06,Acinetobacter baumannii,True
ARO:3006049,OXA-857,protein homolog model,antibiotic inactivation; carbapenem; cephalosporin; penam,no_reliable_match,,,,,,,1,0.01,Acinetobacter baumannii,True
ARO:3006055,OXA-863,protein homolog model,antibiotic inactivation; carbapenem; cephalosporin; penam,no_reliable_match,,,,,,,1,0.01,Acinetobacter baumannii,True
ARO:3006065,OXA-873,protein homolog model,antibiotic inactivation; carbapenem; cephalosporin; penam,no_reliable_match,,,,,,,1,0.0,Acinetobacter baumannii,True
ARO:3006071,OXA-879,protein homolog model,antibiotic inactivation; carbapenem; cephalosporin; penam,no_reliable_match,,,,,,,1,0.27,Acinetobacter baumannii,True
ARO:3006085,OXA-893,protein homolog model,antibiotic inactivation; carbapenem; cephalosporin; penam,no_reliable_match,,,,,,,1,0.0,Acinetobacter baumannii,True
ARO:3006088,OXA-900,protein homolog model,antibiotic inactivation; carbapenem; cephalosporin; penam,no_reliable_match,,,,,,,1,62.5,Shewanella putrefaciens,True
ARO:3006089,OXA-901,protein homolog model,antibiotic inactivation; carbapenem; cephalosporin; penam,no_reliable_match,,,,,,,1,0.48,Pseudomonas aeruginosa,True
ARO:3006090,OXA-902,protein homolog model,antibiotic inactivation; carbapenem; cephalosporin; penam,no_reliable_match,,,,,,,1,0.43,Pseudomonas aeruginosa,True
ARO:3006091,OXA-903,protein homolog model,antibiotic inactivation; carbapenem; cephalosporin; penam,no_reliable_match,,,,,,,1,1.78,Pseudomonas aeruginosa,True
ARO:3006092,OXA-904,protein homolog model,antibiotic inactivation; carbapenem; cephalosporin; penam,no_reliable_match,,,,,,,1,2.85,Pseudomonas aeruginosa,True
ARO:3006093,OXA-905,protein homolog model,antibiotic inactivation; carbapenem; cephalosporin; penam,no_reliable_match,,,,,,,1,1.81,Pseudomonas aeruginosa,True
ARO:3006094,OXA-907,protein homolog model,antibiotic inactivation; carbapenem; cephalosporin; penam,no_reliable_match,,,,,,,1,0.01,Pseudomonas aeruginosa,True
ARO:3006095,OXA-908,protein homolog model,antibiotic inactivation; carbapenem; cephalosporin; penam,no_reliable_match,,,,,,,1,0.34,Pseudomonas aeruginosa,True
ARO:3006096,OXA-909,protein homolog model,antibiotic inactivation; carbapenem; cephalosporin; penam,no_reliable_match,,,,,,,1,0.01,Acinetobacter baumannii,True
ARO:3006097,OXA-910,protein homolog model,antibiotic inactivation; carbapenem; cephalosporin; penam,no_reliable_match,,,,,,,1,0.01,Acinetobacter baumannii,True
ARO:3006099,OXA-912,protein homolog model,antibiotic inactivation; carbapenem; cephalosporin; penam,no_reliable_match,,,,,,,1,64.04,Aeromonas veronii,True
ARO:3006100,OXA-913,protein homolog model,antibiotic inactivation; carbapenem; cephalosporin; penam,no_reliable_match,,,,,,,1,0.13,Pseudomonas aeruginosa,True
ARO:3006101,OXA-914,protein homolog model,antibiotic inactivation; carbapenem; cephalosporin; penam,no_reliable_match,,,,,,,1,0.91,Pseudomonas aeruginosa,True
ARO:3006106,OXA-920,protein homolog model,antibiotic inactivation; carbapenem; cephalosporin; penam,no_reliable_match,,,,,,,1,0.19,Citrobacter freundii,True
ARO:3006107,OXA-921,protein homolog model,antibiotic inactivation; carbapenem; cephalosporin; penam,no_reliable_match,,,,,,,1,0.13,Klebsiella quasipneumoniae,True
ARO:3006112,OXA-927,protein homolog model,antibiotic inactivation; carbapenem; cephalosporin; penam,no_reliable_match,,,,,,,1,0.01,Acinetobacter baumannii,True
ARO:3006115,OXA-932,protein homolog model,antibiotic inactivation; carbapenem; cephalosporin; penam,no_reliable_match,,,,,,,1,0.14,Pseudomonas aeruginosa,True
ARO:3006116,OXA-935,protein homolog model,antibiotic inactivation; carbapenem; cephalosporin; penam,no_reliable_match,,,,,,,1,0.03,Pseudomonas aeruginosa,True
ARO:3006117,OXA-937,protein homolog model,antibiotic inactivation; carbapenem; cephalosporin; penam,no_reliable_match,,,,,,,1,0.28,Pseudomonas aeruginosa,True
ARO:3006118,OXA-938,protein homolog model,antibiotic inactivation; carbapenem; cephalosporin; penam,no_reliable_match,,,,,,,1,0.01,Acinetobacter baumannii,True
ARO:3006119,OXA-939,protein homolog model,antibiotic inactivation; carbapenem; cephalosporin; penam,no_reliable_match,,,,,,,1,0.03,Acinetobacter baumannii,True
ARO:3006120,OXA-940,protein homolog model,antibiotic inactivation; carbapenem; cephalosporin; penam,no_reliable_match,,,,,,,1,0.01,Acinetobacter baumannii,True
ARO:3006121,OXA-941,protein homolog model,antibiotic inactivation; carbapenem; cephalosporin; penam,no_reliable_match,,,,,,,1,0.28,Acinetobacter pittii,True
ARO:3006122,OXA-942,protein homolog model,antibiotic inactivation; carbapenem; cephalosporin; penam,no_reliable_match,,,,,,,1,0.57,Acinetobacter pittii,True
ARO:3006123,OXA-943,protein homolog model,antibiotic inactivation; carbapenem; cephalosporin; penam,no_reliable_match,,,,,,,1,1.14,Acinetobacter pittii,True
ARO:3006124,OXA-945,protein homolog model,antibiotic inactivation; carbapenem; cephalosporin; penam,no_reliable_match,,,,,,,1,0.01,Acinetobacter baumannii,True
ARO:3006127,OXA-948,protein homolog model,antibiotic inactivation; carbapenem; cephalosporin; penam,no_reliable_match,,,,,,,1,4.35,Acinetobacter calcoaceticus,True
ARO:3006130,OXY-2-15,protein homolog model,antibiotic inactivation; cephalosporin; monobactam; penam,no_reliable_match,,,,,,,1,1.68,Klebsiella oxytoca,True
ARO:3006131,PER-10,protein homolog model,antibiotic inactivation; carbapenem; cephalosporin; monobactam; penam; penem,no_reliable_match,,,,,,,1,0.06,Acinetobacter baumannii,True
ARO:3006133,PER-12,protein homolog model,antibiotic inactivation; carbapenem; cephalosporin; monobactam; penam; penem,no_reliable_match,,,,,,,1,7.64,Providencia rettgeri,True
ARO:3006134,PER-13,protein homolog model,antibiotic inactivation; carbapenem; cephalosporin; monobactam; penam; penem,no_reliable_match,,,,,,,1,0.03,Acinetobacter baumannii,True
ARO:3006137,PER-16,protein homolog model,antibiotic inactivation; carbapenem; cephalosporin; monobactam; penam; penem,no_reliable_match,,,,,,,1,0.17,Proteus mirabilis,True
ARO:3006138,PER-9,protein homolog model,antibiotic inactivation; carbapenem; cephalosporin; monobactam; penam; penem,no_reliable_match,,,,,,,1,0.01,Acinetobacter baumannii,True
ARO:3006141,OKP-A-17,protein homolog model,antibiotic inactivation; cephalosporin; penam,no_reliable_match,,,,,,,1,1.05,Klebsiella quasipneumoniae,True
ARO:3006143,OKP-B-21,protein homolog model,antibiotic inactivation; cephalosporin; penam,no_reliable_match,,,,,,,1,1.05,Klebsiella quasipneumoniae,True
ARO:3006144,OKP-B-22,protein homolog model,antibiotic inactivation; cephalosporin; penam,no_reliable_match,,,,,,,1,0.66,Klebsiella quasipneumoniae,True
ARO:3006145,OKP-B-23,protein homolog model,antibiotic inactivation; cephalosporin; penam,no_reliable_match,,,,,,,1,1.32,Klebsiella quasipneumoniae,True
ARO:3006146,OKP-B-24,protein homolog model,antibiotic inactivation; cephalosporin; penam,no_reliable_match,,,,,,,1,0.79,Klebsiella quasipneumoniae,True
ARO:3006147,OKP-B-34,protein homolog model,antibiotic inactivation; cephalosporin; penam,no_reliable_match,,,,,,,1,6.05,Klebsiella quasipneumoniae,True
ARO:3006148,OKP-B-36,protein homolog model,antibiotic inactivation; cephalosporin; penam,no_reliable_match,,,,,,,1,0.53,Klebsiella quasipneumoniae,True
ARO:3006149,OKP-B-40,protein homolog model,antibiotic inactivation; cephalosporin; penam,no_reliable_match,,,,,,,1,0.13,Klebsiella quasipneumoniae,True
ARO:3006150,OKP-B-41,protein homolog model,antibiotic inactivation; cephalosporin; penam,no_reliable_match,,,,,,,1,3.42,Klebsiella quasipneumoniae,True
ARO:3006151,OKP-B-45,protein homolog model,antibiotic inactivation; cephalosporin; penam,no_reliable_match,,,,,,,1,1.32,Klebsiella quasipneumoniae,True
ARO:3006155,CME-2,protein homolog model,antibiotic inactivation; penam,no_reliable_match,,,,,,,2,39.13,Elizabethkingia miricola,True
ARO:3006158,GES-29,protein homolog model,antibiotic inactivation; carbapenem; cephalosporin; penam,no_reliable_match,,,,,,,1,0.01,Pseudomonas aeruginosa,True
ARO:3006161,GES-32,protein homolog model,antibiotic inactivation; carbapenem; cephalosporin; penam,no_reliable_match,,,,,,,1,0.03,Pseudomonas aeruginosa,True
ARO:3006164,GES-35,protein homolog model,antibiotic inactivation; carbapenem; cephalosporin; penam,no_reliable_match,,,,,,,1,0.01,Acinetobacter baumannii,True
ARO:3006170,GES-41,protein homolog model,antibiotic inactivation; carbapenem; cephalosporin; penam,no_reliable_match,,,,,,,1,0.01,Pseudomonas aeruginosa,True
ARO:3006176,IMI-12,protein homolog model,antibiotic inactivation; carbapenem,no_reliable_match,,,,,,,1,0.4,Enterobacter asburiae,True
ARO:3006186,KPC-44,protein homolog model,antibiotic inactivation; carbapenem; cephalosporin; monobactam; penam,no_reliable_match,,,,,,,1,0.02,Klebsiella pneumoniae,True
ARO:3006187,KPC-58,protein homolog model,antibiotic inactivation; carbapenem; cephalosporin; monobactam; penam,no_reliable_match,,,,,,,1,0.01,Klebsiella pneumoniae,True
ARO:3006190,KPC-61,protein homolog model,antibiotic inactivation; carbapenem; cephalosporin; monobactam; penam,no_reliable_match,,,,,,,1,0.01,Klebsiella pneumoniae,True
ARO:3006191,KPC-62,protein homolog model,antibiotic inactivation; carbapenem; cephalosporin; monobactam; penam,no_reliable_match,,,,,,,1,0.01,Klebsiella pneumoniae,True
ARO:3006194,KPC-65,protein homolog model,antibiotic inactivation; carbapenem; cephalosporin; monobactam; penam,no_reliable_match,,,,,,,1,0.01,Klebsiella pneumoniae,True
ARO:3006195,KPC-66,protein homolog model,antibiotic inactivation; carbapenem; cephalosporin; monobactam; penam,no_reliable_match,,,,,,,1,0.03,Klebsiella pneumoniae,True
ARO:3006196,KPC-71,protein homolog model,antibiotic inactivation; carbapenem; cephalosporin; monobactam; penam,no_reliable_match,,,,,,,1,0.01,Klebsiella pneumoniae,True
ARO:3006199,KPC-74,protein homolog model,antibiotic inactivation; carbapenem; cephalosporin; monobactam; penam,no_reliable_match,,,,,,,1,0.0,Klebsiella pneumoniae,True
ARO:3006201,KPC-76,protein homolog model,antibiotic inactivation; carbapenem; cephalosporin; monobactam; penam,no_reliable_match,,,,,,,1,0.01,Klebsiella pneumoniae,True
ARO:3006203,KPC-78,protein homolog model,antibiotic inactivation; carbapenem; cephalosporin; monobactam; penam,no_reliable_match,,,,,,,1,0.01,Klebsiella pneumoniae,True
ARO:3006204,KPC-79,protein homolog model,antibiotic inactivation; carbapenem; cephalosporin; monobactam; penam,no_reliable_match,,,,,,,1,0.01,Klebsiella pneumoniae,True
ARO:3006207,KPC-82,protein homolog model,antibiotic inactivation; carbapenem; cephalosporin; monobactam; penam,no_reliable_match,,,,,,,1,0.9,Citrobacter koseri,True
ARO:3006208,VEB-11,protein homolog model,antibiotic inactivation; cephalosporin; monobactam,no_reliable_match,,,,,,,1,0.01,Pseudomonas aeruginosa,True
ARO:3006211,VEB-14,protein homolog model,antibiotic inactivation; cephalosporin; monobactam,no_reliable_match,,,,,,,1,0.06,Pseudomonas aeruginosa,True
ARO:3006213,VEB-17,protein homolog model,antibiotic inactivation; cephalosporin; monobactam,no_reliable_match,,,,,,,5,0.79,Vibrio alginolyticus,True
ARO:3006214,VEB-19,protein homolog model,antibiotic inactivation; cephalosporin; monobactam,no_reliable_match,,,,,,,1,0.64,Providencia rettgeri,True
ARO:3006216,VEB-21,protein homolog model,antibiotic inactivation; cephalosporin; monobactam,no_reliable_match,,,,,,,2,0.85,Acinetobacter pittii,True
ARO:3006220,VEB-25,protein homolog model,antibiotic inactivation; cephalosporin; monobactam,no_reliable_match,,,,,,,1,0.0,Escherichia coli,True
ARO:3006223,BKC-2,protein homolog model,antibiotic inactivation; carbapenem,no_reliable_match,,,,,,,1,0.0,Enterobacter hormaechei,True
ARO:3006228,ACC-1a,protein homolog model,antibiotic inactivation; cephalosporin; cephamycin; monobactam; oxacephem; penam,no_reliable_match,,,,,,,1,0.04,Enterobacter hormaechei,True
ARO:3006234,ACT-39,protein homolog model,antibiotic inactivation; carbapenem; cephalosporin; cephamycin; penam,no_reliable_match,,,,,,,1,0.04,Enterobacter hormaechei,True
ARO:3006235,ACT-40,protein homolog model,antibiotic inactivation; carbapenem; cephalosporin; cephamycin; penam,no_reliable_match,,,,,,,2,0.47,Enterobacter hormaechei,True
ARO:3006236,ACT-41,protein homolog model,antibiotic inactivation; carbapenem; cephalosporin; cephamycin; penam,no_reliable_match,,,,,,,2,1.42,Enterobacter hormaechei,True
ARO:3006237,ACT-42,protein homolog model,antibiotic inactivation; carbapenem; cephalosporin; cephamycin; penam,no_reliable_match,,,,,,,1,0.13,Enterobacter hormaechei,True
ARO:3006238,ACT-43,protein homolog model,antibiotic inactivation; carbapenem; cephalosporin; cephamycin; penam,no_reliable_match,,,,,,,1,0.35,Enterobacter hormaechei,True
ARO:3006239,ACT-44,protein homolog model,antibiotic inactivation; carbapenem; cephalosporin; cephamycin; penam,no_reliable_match,,,,,,,1,0.47,Enterobacter hormaechei,True
ARO:3006240,ACT-45,protein homolog model,antibiotic inactivation; carbapenem; cephalosporin; cephamycin; penam,no_reliable_match,,,,,,,2,7.85,Enterobacter hormaechei,True
ARO:3006241,ACT-46,protein homolog model,antibiotic inactivation; carbapenem; cephalosporin; cephamycin; penam,no_reliable_match,,,,,,,1,0.35,Enterobacter hormaechei,True
ARO:3006242,ACT-47,protein homolog model,antibiotic inactivation; carbapenem; cephalosporin; cephamycin; penam,no_reliable_match,,,,,,,2,1.77,Enterobacter hormaechei,True
ARO:3006243,ACT-48,protein homolog model,antibiotic inactivation; carbapenem; cephalosporin; cephamycin; penam,no_reliable_match,,,,,,,3,36.0,Enterobacter chengduensis,True
ARO:3006245,ACT-50,protein homolog model,antibiotic inactivation; carbapenem; cephalosporin; cephamycin; penam,no_reliable_match,,,,,,,1,2.56,Enterobacter cloacae,True
ARO:3006246,ACT-51,protein homolog model,antibiotic inactivation; carbapenem; cephalosporin; cephamycin; penam,no_reliable_match,,,,,,,1,12.23,Enterobacter kobei,True
ARO:3006247,ACT-52,protein homolog model,antibiotic inactivation; carbapenem; cephalosporin; cephamycin; penam,no_reliable_match,,,,,,,2,20.52,Enterobacter kobei,True
ARO:3006248,ACT-53,protein homolog model,antibiotic inactivation; carbapenem; cephalosporin; cephamycin; penam,no_reliable_match,,,,,,,3,52.0,Enterobacter chengduensis,True
ARO:3006249,ACT-54,protein homolog model,antibiotic inactivation; carbapenem; cephalosporin; cephamycin; penam,no_reliable_match,,,,,,,2,0.32,Enterobacter cloacae,True
ARO:3006250,ACT-55,protein homolog model,antibiotic inactivation; carbapenem; cephalosporin; cephamycin; penam,no_reliable_match,,,,,,,1,2.68,Enterobacter hormaechei,True
ARO:3006251,ACT-56,protein homolog model,antibiotic inactivation; carbapenem; cephalosporin; cephamycin; penam,no_reliable_match,,,,,,,2,3.97,Enterobacter hormaechei,True
ARO:3006252,ACT-57,protein homolog model,antibiotic inactivation; carbapenem; cephalosporin; cephamycin; penam,no_reliable_match,,,,,,,2,9.49,Enterobacter asburiae,True
ARO:3006253,ACT-58,protein homolog model,antibiotic inactivation; carbapenem; cephalosporin; cephamycin; penam,no_reliable_match,,,,,,,1,0.64,Enterobacter cloacae,True
ARO:3006254,ACT-59,protein homolog model,antibiotic inactivation; carbapenem; cephalosporin; cephamycin; penam,no_reliable_match,,,,,,,2,3.83,Enterobacter cloacae,True
ARO:3006255,ACT-60,protein homolog model,antibiotic inactivation; carbapenem; cephalosporin; cephamycin; penam,no_reliable_match,,,,,,,1,0.04,Enterobacter hormaechei,True
ARO:3006256,ACT-61,protein homolog model,antibiotic inactivation; carbapenem; cephalosporin; cephamycin; penam,no_reliable_match,,,,,,,1,1.04,Enterobacter hormaechei,True
ARO:3006257,ACT-62,protein homolog model,antibiotic inactivation; carbapenem; cephalosporin; cephamycin; penam,no_reliable_match,,,,,,,2,0.72,Enterobacter roggenkampii,True
ARO:3006258,ACT-63,protein homolog model,antibiotic inactivation; carbapenem; cephalosporin; cephamycin; penam,no_reliable_match,,,,,,,2,0.64,Enterobacter cloacae,True
ARO:3006259,ACT-64,protein homolog model,antibiotic inactivation; carbapenem; cephalosporin; cephamycin; penam,no_reliable_match,,,,,,,1,3.49,Enterobacter kobei,True
ARO:3006260,ACT-65,protein homolog model,antibiotic inactivation; carbapenem; cephalosporin; cephamycin; penam,no_reliable_match,,,,,,,2,0.69,Enterobacter hormaechei,True
ARO:3006261,ACT-66,protein homolog model,antibiotic inactivation; carbapenem; cephalosporin; cephamycin; penam,no_reliable_match,,,,,,,2,0.52,Enterobacter hormaechei,True
ARO:3006262,ACT-67,protein homolog model,antibiotic inactivation; carbapenem; cephalosporin; cephamycin; penam,no_reliable_match,,,,,,,2,0.73,Enterobacter hormaechei,True
ARO:3006263,ACT-68,protein homolog model,antibiotic inactivation; carbapenem; cephalosporin; cephamycin; penam,no_reliable_match,,,,,,,2,0.96,Enterobacter cloacae,True
ARO:3006264,ACT-69,protein homolog model,antibiotic inactivation; carbapenem; cephalosporin; cephamycin; penam,no_reliable_match,,,,,,,1,0.73,Enterobacter hormaechei,True
ARO:3006265,ACT-70,protein homolog model,antibiotic inactivation; carbapenem; cephalosporin; cephamycin; penam,no_reliable_match,,,,,,,1,0.95,Enterobacter hormaechei,True
ARO:3006266,ACT-72,protein homolog model,antibiotic inactivation; carbapenem; cephalosporin; cephamycin; penam,no_reliable_match,,,,,,,1,0.26,Enterobacter hormaechei,True
ARO:3006268,ACT-74,protein homolog model,antibiotic inactivation; carbapenem; cephalosporin; cephamycin; penam,no_reliable_match,,,,,,,2,2.29,Enterobacter hormaechei,True
ARO:3006269,ACT-75,protein homolog model,antibiotic inactivation; carbapenem; cephalosporin; cephamycin; penam,no_reliable_match,,,,,,,1,0.52,Enterobacter hormaechei,True
ARO:3006271,ACT-77,protein homolog model,antibiotic inactivation; carbapenem; cephalosporin; cephamycin; penam,no_reliable_match,,,,,,,2,0.79,Enterobacter asburiae,True
ARO:3006272,ACT-78,protein homolog model,antibiotic inactivation; carbapenem; cephalosporin; cephamycin; penam,no_reliable_match,,,,,,,1,0.0,Enterobacter cloacae,True
ARO:3006277,ACT-83,protein homolog model,antibiotic inactivation; carbapenem; cephalosporin; cephamycin; penam,no_reliable_match,,,,,,,1,0.04,Enterobacter hormaechei,True
ARO:3006278,ACT-84,protein homolog model,antibiotic inactivation; carbapenem; cephalosporin; cephamycin; penam,no_reliable_match,,,,,,,1,1.29,Enterobacter hormaechei,True
ARO:3006279,ACT-87,protein homolog model,antibiotic inactivation; carbapenem; cephalosporin; cephamycin; penam,no_reliable_match,,,,,,,1,0.87,Enterobacter kobei,True
ARO:3006281,ADC-101,protein homolog model,antibiotic inactivation; cephalosporin,no_reliable_match,,,,,,,1,0.06,Acinetobacter baumannii,True
ARO:3006283,ADC-103,protein homolog model,antibiotic inactivation; cephalosporin,no_reliable_match,,,,,,,1,0.04,Acinetobacter baumannii,True
ARO:3006285,ADC-105,protein homolog model,antibiotic inactivation; cephalosporin,no_reliable_match,,,,,,,1,0.03,Acinetobacter baumannii,True
ARO:3006286,ADC-106,protein homolog model,antibiotic inactivation; cephalosporin,no_reliable_match,,,,,,,1,0.07,Acinetobacter baumannii,True
ARO:3006287,ADC-107,protein homolog model,antibiotic inactivation; cephalosporin,no_reliable_match,,,,,,,1,0.06,Acinetobacter baumannii,True
ARO:3006292,ADC-114,protein homolog model,antibiotic inactivation; cephalosporin,no_reliable_match,,,,,,,1,0.04,Acinetobacter baumannii,True
ARO:3006293,ADC-115,protein homolog model,antibiotic inactivation; cephalosporin,no_reliable_match,,,,,,,1,0.12,Acinetobacter baumannii,True
ARO:3006294,ADC-116,protein homolog model,antibiotic inactivation; cephalosporin,no_reliable_match,,,,,,,1,0.01,Acinetobacter baumannii,True
ARO:3006295,ADC-117,protein homolog model,antibiotic inactivation; cephalosporin,no_reliable_match,,,,,,,1,0.36,Acinetobacter baumannii,True
ARO:3006296,ADC-119,protein homolog model,antibiotic inactivation; cephalosporin,no_reliable_match,,,,,,,1,0.03,Acinetobacter baumannii,True
ARO:3006297,ADC-120,protein homolog model,antibiotic inactivation; cephalosporin,no_reliable_match,,,,,,,1,0.14,Acinetobacter baumannii,True
ARO:3006298,ADC-121,protein homolog model,antibiotic inactivation; cephalosporin,no_reliable_match,,,,,,,1,0.03,Acinetobacter baumannii,True
ARO:3006299,ADC-122,protein homolog model,antibiotic inactivation; cephalosporin,no_reliable_match,,,,,,,1,0.07,Acinetobacter baumannii,True
ARO:3006300,ADC-123,protein homolog model,antibiotic inactivation; cephalosporin,no_reliable_match,,,,,,,1,0.03,Acinetobacter baumannii,True
ARO:3006301,ADC-125,protein homolog model,antibiotic inactivation; cephalosporin,no_reliable_match,,,,,,,1,0.01,Acinetobacter baumannii,True
ARO:3006302,ADC-127,protein homolog model,antibiotic inactivation; cephalosporin,no_reliable_match,,,,,,,1,17.39,Acinetobacter calcoaceticus,True
ARO:3006303,ADC-128,protein homolog model,antibiotic inactivation; cephalosporin,no_reliable_match,,,,,,,1,8.7,Acinetobacter calcoaceticus,True
ARO:3006304,ADC-129,protein homolog model,antibiotic inactivation; cephalosporin,no_reliable_match,,,,,,,1,47.83,Acinetobacter calcoaceticus,True
ARO:3006305,ADC-130,protein homolog model,antibiotic inactivation; cephalosporin,no_reliable_match,,,,,,,2,13.79,Acinetobacter nosocomialis,True
ARO:3006306,ADC-131,protein homolog model,antibiotic inactivation; cephalosporin,no_reliable_match,,,,,,,2,30.46,Acinetobacter nosocomialis,True
ARO:3006307,ADC-132,protein homolog model,antibiotic inactivation; cephalosporin,no_reliable_match,,,,,,,1,1.42,Acinetobacter pittii,True
ARO:3006308,ADC-133,protein homolog model,antibiotic inactivation; cephalosporin,no_reliable_match,,,,,,,1,0.01,Acinetobacter baumannii,True
ARO:3006309,ADC-134,protein homolog model,antibiotic inactivation; cephalosporin,no_reliable_match,,,,,,,2,0.28,Acinetobacter pittii,True
ARO:3006311,ADC-136,protein homolog model,antibiotic inactivation; cephalosporin,no_reliable_match,,,,,,,1,4.35,Acinetobacter calcoaceticus,True
ARO:3006312,ADC-137,protein homolog model,antibiotic inactivation; cephalosporin,no_reliable_match,,,,,,,1,0.28,Acinetobacter pittii,True
ARO:3006313,ADC-138,protein homolog model,antibiotic inactivation; cephalosporin,no_reliable_match,,,,,,,1,0.57,Acinetobacter pittii,True
ARO:3006314,ADC-139,protein homolog model,antibiotic inactivation; cephalosporin,no_reliable_match,,,,,,,1,0.01,Acinetobacter baumannii,True
ARO:3006315,ADC-140,protein homolog model,antibiotic inactivation; cephalosporin,no_reliable_match,,,,,,,1,0.19,Acinetobacter baumannii,True
ARO:3006316,ADC-141,protein homolog model,antibiotic inactivation; cephalosporin,no_reliable_match,,,,,,,1,0.01,Acinetobacter baumannii,True
ARO:3006317,ADC-143,protein homolog model,antibiotic inactivation; cephalosporin,no_reliable_match,,,,,,,1,0.09,Acinetobacter baumannii,True
ARO:3006318,ADC-144,protein homolog model,antibiotic inactivation; cephalosporin,no_reliable_match,,,,,,,1,0.03,Acinetobacter baumannii,True
ARO:3006319,ADC-145,protein homolog model,antibiotic inactivation; cephalosporin,no_reliable_match,,,,,,,1,0.01,Acinetobacter baumannii,True
ARO:3006320,ADC-146,protein homolog model,antibiotic inactivation; cephalosporin,no_reliable_match,,,,,,,1,0.01,Acinetobacter baumannii,True
ARO:3006321,ADC-147,protein homolog model,antibiotic inactivation; cephalosporin,no_reliable_match,,,,,,,1,0.01,Acinetobacter baumannii,True
ARO:3006322,ADC-148,protein homolog model,antibiotic inactivation; cephalosporin,no_reliable_match,,,,,,,1,1.72,Acinetobacter nosocomialis,True
ARO:3006323,ADC-149,protein homolog model,antibiotic inactivation; cephalosporin,no_reliable_match,,,,,,,1,1.14,Acinetobacter pittii,True
ARO:3006324,ADC-150,protein homolog model,antibiotic inactivation; cephalosporin,no_reliable_match,,,,,,,2,7.39,Acinetobacter pittii,True
ARO:3006325,ADC-151,protein homolog model,antibiotic inactivation; cephalosporin,no_reliable_match,,,,,,,1,0.28,Acinetobacter pittii,True
ARO:3006326,ADC-152,protein homolog model,antibiotic inactivation; cephalosporin,no_reliable_match,,,,,,,1,0.72,Acinetobacter baumannii,True
ARO:3006328,ADC-154,protein homolog model,antibiotic inactivation; cephalosporin,no_reliable_match,,,,,,,1,0.36,Acinetobacter baumannii,True
ARO:3006329,ADC-155,protein homolog model,antibiotic inactivation; cephalosporin,no_reliable_match,,,,,,,1,0.39,Acinetobacter baumannii,True
ARO:3006330,ADC-156,protein homolog model,antibiotic inactivation; cephalosporin,no_reliable_match,,,,,,,1,0.59,Acinetobacter baumannii,True
ARO:3006331,ADC-157,protein homolog model,antibiotic inactivation; cephalosporin,no_reliable_match,,,,,,,1,0.03,Acinetobacter baumannii,True
ARO:3006332,ADC-158,protein homolog model,antibiotic inactivation; cephalosporin,no_reliable_match,,,,,,,1,0.94,Acinetobacter baumannii,True
ARO:3006333,ADC-160,protein homolog model,antibiotic inactivation; cephalosporin,no_reliable_match,,,,,,,1,0.12,Acinetobacter baumannii,True
ARO:3006334,ADC-162,protein homolog model,antibiotic inactivation; cephalosporin,no_reliable_match,,,,,,,1,2.15,Acinetobacter baumannii,True
ARO:3006335,ADC-163,protein homolog model,antibiotic inactivation; cephalosporin,no_reliable_match,,,,,,,1,0.33,Acinetobacter baumannii,True
ARO:3006336,ADC-164,protein homolog model,antibiotic inactivation; cephalosporin,no_reliable_match,,,,,,,1,0.1,Acinetobacter baumannii,True
ARO:3006337,ADC-165,protein homolog model,antibiotic inactivation; cephalosporin,no_reliable_match,,,,,,,1,0.33,Acinetobacter baumannii,True
ARO:3006338,ADC-166,protein homolog model,antibiotic inactivation; cephalosporin,no_reliable_match,,,,,,,1,0.13,Acinetobacter baumannii,True
ARO:3006339,ADC-167,protein homolog model,antibiotic inactivation; cephalosporin,no_reliable_match,,,,,,,1,0.04,Acinetobacter baumannii,True
ARO:3006341,ADC-169,protein homolog model,antibiotic inactivation; cephalosporin,no_reliable_match,,,,,,,1,0.46,Acinetobacter baumannii,True
ARO:3006342,ADC-170,protein homolog model,antibiotic inactivation; cephalosporin,no_reliable_match,,,,,,,1,0.01,Acinetobacter baumannii,True
ARO:3006343,ADC-171,protein homolog model,antibiotic inactivation; cephalosporin,no_reliable_match,,,,,,,1,0.25,Acinetobacter baumannii,True
ARO:3006344,ADC-172,protein homolog model,antibiotic inactivation; cephalosporin,no_reliable_match,,,,,,,1,0.03,Acinetobacter baumannii,True
ARO:3006345,ADC-173,protein homolog model,antibiotic inactivation; cephalosporin,no_reliable_match,,,,,,,1,0.03,Acinetobacter baumannii,True
ARO:3006346,ADC-174,protein homolog model,antibiotic inactivation; cephalosporin,no_reliable_match,,,,,,,1,0.2,Acinetobacter baumannii,True
ARO:3006347,ADC-175,protein homolog model,antibiotic inactivation; cephalosporin,no_reliable_match,,,,,,,1,0.12,Acinetobacter baumannii,True
ARO:3006348,ADC-176,protein homolog model,antibiotic inactivation; cephalosporin,no_reliable_match,,,,,,,1,0.62,Acinetobacter baumannii,True
ARO:3006351,ADC-179,protein homolog model,antibiotic inactivation; cephalosporin,no_reliable_match,,,,,,,1,0.03,Acinetobacter baumannii,True
ARO:3006353,ADC-184,protein homolog model,antibiotic inactivation; cephalosporin,no_reliable_match,,,,,,,1,0.19,Acinetobacter baumannii,True
ARO:3006354,ADC-185,protein homolog model,antibiotic inactivation; cephalosporin,no_reliable_match,,,,,,,1,0.04,Acinetobacter baumannii,True
ARO:3006355,ADC-186,protein homolog model,antibiotic inactivation; cephalosporin,no_reliable_match,,,,,,,1,0.4,Acinetobacter baumannii,True
ARO:3006356,ADC-187,protein homolog model,antibiotic inactivation; cephalosporin,no_reliable_match,,,,,,,1,0.01,Acinetobacter baumannii,True
ARO:3006357,ADC-188,protein homolog model,antibiotic inactivation; cephalosporin,no_reliable_match,,,,,,,1,0.01,Acinetobacter baumannii,True
ARO:3006360,ADC-191,protein homolog model,antibiotic inactivation; cephalosporin,no_reliable_match,,,,,,,1,0.45,Acinetobacter baumannii,True
ARO:3006361,ADC-192,protein homolog model,antibiotic inactivation; cephalosporin,no_reliable_match,,,,,,,1,0.16,Acinetobacter baumannii,True
ARO:3006363,ADC-194,protein homolog model,antibiotic inactivation; cephalosporin,no_reliable_match,,,,,,,1,4.35,Acinetobacter calcoaceticus,True
ARO:3006364,ADC-195,protein homolog model,antibiotic inactivation; cephalosporin,no_reliable_match,,,,,,,1,0.01,Acinetobacter baumannii,True
ARO:3006365,ADC-196,protein homolog model,antibiotic inactivation; cephalosporin,no_reliable_match,,,,,,,1,0.03,Acinetobacter baumannii,True
ARO:3006367,ADC-198,protein homolog model,antibiotic inactivation; cephalosporin,no_reliable_match,,,,,,,1,0.03,Acinetobacter baumannii,True
ARO:3006368,ADC-199,protein homolog model,antibiotic inactivation; cephalosporin,no_reliable_match,,,,,,,1,0.32,Acinetobacter baumannii,True
ARO:3006370,ADC-201,protein homolog model,antibiotic inactivation; cephalosporin,no_reliable_match,,,,,,,2,1.99,Acinetobacter pittii,True
ARO:3006371,ADC-202,protein homolog model,antibiotic inactivation; cephalosporin,no_reliable_match,,,,,,,1,0.57,Acinetobacter pittii,True
ARO:3006372,ADC-203,protein homolog model,antibiotic inactivation; cephalosporin,no_reliable_match,,,,,,,1,0.26,Acinetobacter baumannii,True
ARO:3006373,ADC-204,protein homolog model,antibiotic inactivation; cephalosporin,no_reliable_match,,,,,,,1,0.01,Acinetobacter baumannii,True
ARO:3006374,ADC-205,protein homolog model,antibiotic inactivation; cephalosporin,no_reliable_match,,,,,,,1,4.35,Acinetobacter calcoaceticus,True
ARO:3006375,ADC-206,protein homolog model,antibiotic inactivation; cephalosporin,no_reliable_match,,,,,,,3,4.35,Acinetobacter calcoaceticus,True
ARO:3006376,ADC-207,protein homolog model,antibiotic inactivation; cephalosporin,no_reliable_match,,,,,,,1,0.85,Acinetobacter pittii,True
ARO:3006377,ADC-208,protein homolog model,antibiotic inactivation; cephalosporin,no_reliable_match,,,,,,,1,0.57,Acinetobacter pittii,True
ARO:3006378,ADC-209,protein homolog model,antibiotic inactivation; cephalosporin,no_reliable_match,,,,,,,1,0.28,Acinetobacter pittii,True
ARO:3006381,ADC-212,protein homolog model,antibiotic inactivation; cephalosporin,no_reliable_match,,,,,,,1,1.56,Acinetobacter baumannii,True
ARO:3006382,ADC-213,protein homolog model,antibiotic inactivation; cephalosporin,no_reliable_match,,,,,,,1,0.03,Acinetobacter baumannii,True
ARO:3006383,ADC-214,protein homolog model,antibiotic inactivation; cephalosporin,no_reliable_match,,,,,,,1,0.52,Acinetobacter baumannii,True
ARO:3006384,ADC-215,protein homolog model,antibiotic inactivation; cephalosporin,no_reliable_match,,,,,,,1,0.99,Acinetobacter baumannii,True
ARO:3006385,ADC-216,protein homolog model,antibiotic inactivation; cephalosporin,no_reliable_match,,,,,,,1,0.3,Acinetobacter baumannii,True
ARO:3006386,ADC-217,protein homolog model,antibiotic inactivation; cephalosporin,no_reliable_match,,,,,,,1,0.27,Acinetobacter baumannii,True
ARO:3006387,ADC-218,protein homolog model,antibiotic inactivation; cephalosporin,no_reliable_match,,,,,,,1,0.06,Acinetobacter baumannii,True
ARO:3006388,ADC-219,protein homolog model,antibiotic inactivation; cephalosporin,no_reliable_match,,,,,,,1,0.3,Acinetobacter baumannii,True
ARO:3006389,ADC-220,protein homolog model,antibiotic inactivation; cephalosporin,no_reliable_match,,,,,,,1,0.01,Acinetobacter baumannii,True
ARO:3006390,ADC-221,protein homolog model,antibiotic inactivation; cephalosporin,no_reliable_match,,,,,,,1,0.0,Acinetobacter pittii,True
ARO:3006391,ADC-222,protein homolog model,antibiotic inactivation; cephalosporin,no_reliable_match,,,,,,,1,0.56,Acinetobacter baumannii,True
ARO:3006392,ADC-223,protein homolog model,antibiotic inactivation; cephalosporin,no_reliable_match,,,,,,,1,0.04,Acinetobacter baumannii,True
ARO:3006393,ADC-224,protein homolog model,antibiotic inactivation; cephalosporin,no_reliable_match,,,,,,,1,0.06,Acinetobacter baumannii,True
ARO:3006395,ADC-226,protein homolog model,antibiotic inactivation; cephalosporin,no_reliable_match,,,,,,,1,0.65,Acinetobacter baumannii,True
ARO:3006396,ADC-227,protein homolog model,antibiotic inactivation; cephalosporin,no_reliable_match,,,,,,,1,0.04,Enterobacter hormaechei,True
ARO:3006397,ADC-228,protein homolog model,antibiotic inactivation; cephalosporin,no_reliable_match,,,,,,,1,0.07,Acinetobacter baumannii,True
ARO:3006398,ADC-229,protein homolog model,antibiotic inactivation; cephalosporin,no_reliable_match,,,,,,,1,0.03,Acinetobacter baumannii,True
ARO:3006401,ADC-232,protein homolog model,antibiotic inactivation; cephalosporin,no_reliable_match,,,,,,,1,0.01,Acinetobacter baumannii,True
ARO:3006402,ADC-233,protein homolog model,antibiotic inactivation; cephalosporin,no_reliable_match,,,,,,,1,0.69,Acinetobacter baumannii,True
ARO:3006403,ADC-234,protein homolog model,antibiotic inactivation; cephalosporin,no_reliable_match,,,,,,,1,0.07,Acinetobacter baumannii,True
ARO:3006404,ADC-235,protein homolog model,antibiotic inactivation; cephalosporin,no_reliable_match,,,,,,,1,0.09,Acinetobacter baumannii,True
ARO:3006405,ADC-236,protein homolog model,antibiotic inactivation; cephalosporin,no_reliable_match,,,,,,,1,0.43,Acinetobacter baumannii,True
ARO:3006406,ADC-237,protein homolog model,antibiotic inactivation; cephalosporin,no_reliable_match,,,,,,,1,0.04,Acinetobacter baumannii,True
ARO:3006407,ADC-238,protein homolog model,antibiotic inactivation; cephalosporin,no_reliable_match,,,,,,,1,0.16,Acinetobacter baumannii,True
ARO:3006408,ADC-239,protein homolog model,antibiotic inactivation; cephalosporin,no_reliable_match,,,,,,,1,29.89,Acinetobacter nosocomialis,True
ARO:3006410,ADC-240,protein homolog model,antibiotic inactivation; cephalosporin,no_reliable_match,,,,,,,1,0.07,Acinetobacter baumannii,True
ARO:3006411,ADC-241,protein homolog model,antibiotic inactivation; cephalosporin,no_reliable_match,,,,,,,1,0.43,Acinetobacter baumannii,True
ARO:3006412,ADC-242,protein homolog model,antibiotic inactivation; cephalosporin,no_reliable_match,,,,,,,1,0.12,Acinetobacter baumannii,True
ARO:3006413,ADC-243,protein homolog model,antibiotic inactivation; cephalosporin,no_reliable_match,,,,,,,1,0.1,Acinetobacter baumannii,True
ARO:3006414,ADC-244,protein homolog model,antibiotic inactivation; cephalosporin,no_reliable_match,,,,,,,1,0.16,Acinetobacter baumannii,True
ARO:3006415,ADC-245,protein homolog model,antibiotic inactivation; cephalosporin,no_reliable_match,,,,,,,1,6.82,Acinetobacter pittii,True
ARO:3006416,ADC-246,protein homolog model,antibiotic inactivation; cephalosporin,no_reliable_match,,,,,,,1,0.04,Acinetobacter baumannii,True
ARO:3006417,ADC-247,protein homolog model,antibiotic inactivation; cephalosporin,no_reliable_match,,,,,,,1,0.09,Acinetobacter baumannii,True
ARO:3006418,ADC-248,protein homolog model,antibiotic inactivation; cephalosporin,no_reliable_match,,,,,,,1,0.09,Acinetobacter baumannii,True
ARO:3006419,ADC-249,protein homolog model,antibiotic inactivation; cephalosporin,no_reliable_match,,,,,,,1,0.23,Acinetobacter baumannii,True
ARO:3006420,ADC-250,protein homolog model,antibiotic inactivation; cephalosporin,no_reliable_match,,,,,,,1,0.01,Acinetobacter baumannii,True
ARO:3006421,ADC-251,protein homolog model,antibiotic inactivation; cephalosporin,no_reliable_match,,,,,,,1,0.06,Acinetobacter baumannii,True
ARO:3006422,ADC-252,protein homolog model,antibiotic inactivation; cephalosporin,no_reliable_match,,,,,,,1,0.85,Acinetobacter pittii,True
ARO:3006423,ADC-253,protein homolog model,antibiotic inactivation; cephalosporin,no_reliable_match,,,,,,,1,0.28,Acinetobacter pittii,True
ARO:3006424,ADC-254,protein homolog model,antibiotic inactivation; cephalosporin,no_reliable_match,,,,,,,1,0.06,Acinetobacter baumannii,True
ARO:3006425,ADC-255,protein homolog model,antibiotic inactivation; cephalosporin,no_reliable_match,,,,,,,1,3.45,Acinetobacter nosocomialis,True
ARO:3006427,ADC-29,protein homolog model,antibiotic inactivation; cephalosporin,no_reliable_match,,,,,,,1,0.01,Acinetobacter baumannii,True
ARO:3006428,ADC-32,protein homolog model,antibiotic inactivation; cephalosporin,no_reliable_match,,,,,,,1,0.4,Acinetobacter baumannii,True
ARO:3006429,ADC-33,protein homolog model,antibiotic inactivation; cephalosporin,no_reliable_match,,,,,,,1,5.32,Acinetobacter baumannii,True
ARO:3006430,ADC-38,protein homolog model,antibiotic inactivation; cephalosporin,no_reliable_match,,,,,,,1,0.01,Acinetobacter baumannii,True
ARO:3006432,ADC-52,protein homolog model,antibiotic inactivation; cephalosporin,no_reliable_match,,,,,,,1,0.98,Acinetobacter baumannii,True
ARO:3006433,ADC-53,protein homolog model,antibiotic inactivation; cephalosporin,no_reliable_match,,,,,,,1,0.14,Acinetobacter baumannii,True
ARO:3006435,ADC-57,protein homolog model,antibiotic inactivation; cephalosporin,no_reliable_match,,,,,,,1,0.36,Acinetobacter baumannii,True
ARO:3006439,ADC-70,protein homolog model,antibiotic inactivation; cephalosporin,no_reliable_match,,,,,,,1,5.4,Acinetobacter pittii,True
ARO:3006443,ADC-86,protein homolog model,antibiotic inactivation; cephalosporin,no_reliable_match,,,,,,,1,0.57,Acinetobacter pittii,True
ARO:3006444,ADC-87,protein homolog model,antibiotic inactivation; cephalosporin,no_reliable_match,,,,,,,1,0.13,Acinetobacter baumannii,True
ARO:3006445,ADC-88,protein homolog model,antibiotic inactivation; cephalosporin,no_reliable_match,,,,,,,1,0.13,Acinetobacter baumannii,True
ARO:3006448,ADC-91,protein homolog model,antibiotic inactivation; cephalosporin,no_reliable_match,,,,,,,1,0.03,Acinetobacter baumannii,True
ARO:3006449,ADC-92,protein homolog model,antibiotic inactivation; cephalosporin,no_reliable_match,,,,,,,1,0.01,Acinetobacter baumannii,True
ARO:3006452,ADC-95,protein homolog model,antibiotic inactivation; cephalosporin,no_reliable_match,,,,,,,1,2.47,Acinetobacter baumannii,True
ARO:3006453,ADC-96,protein homolog model,antibiotic inactivation; cephalosporin,no_reliable_match,,,,,,,1,0.13,Acinetobacter baumannii,True
ARO:3006454,ADC-97,protein homolog model,antibiotic inactivation; cephalosporin,no_reliable_match,,,,,,,1,0.01,Acinetobacter baumannii,True
ARO:3006455,ADC-98,protein homolog model,antibiotic inactivation; cephalosporin,no_reliable_match,,,,,,,1,0.01,Acinetobacter baumannii,True
ARO:3006456,ADC-99,protein homolog model,antibiotic inactivation; cephalosporin,no_reliable_match,,,,,,,1,0.19,Acinetobacter baumannii,True
ARO:3006457,CMY-137,protein homolog model,antibiotic inactivation; cephamycin,no_reliable_match,,,,,,,1,0.19,Citrobacter freundii,True
ARO:3006458,CMY-159,protein homolog model,antibiotic inactivation; cephamycin,no_reliable_match,,,,,,,3,56.41,Citrobacter werkmanii,True
ARO:3006463,CMY-174,protein homolog model,antibiotic inactivation; cephamycin,no_reliable_match,,,,,,,1,0.0,Klebsiella pneumoniae,True
ARO:3006466,DHA-25,protein homolog model,antibiotic inactivation; cephalosporin; cephamycin,no_reliable_match,,,,,,,2,0.61,Morganella morganii,True
ARO:3006467,DHA-26,protein homolog model,antibiotic inactivation; cephalosporin; cephamycin,no_reliable_match,,,,,,,1,0.61,Morganella morganii,True
ARO:3006468,DHA-27,protein homolog model,antibiotic inactivation; cephalosporin; cephamycin,no_reliable_match,,,,,,,2,1.23,Morganella morganii,True
ARO:3006469,DHA-28,protein homolog model,antibiotic inactivation; cephalosporin; cephamycin,no_reliable_match,,,,,,,1,1.23,Morganella morganii,True
ARO:3006472,FOX-14,protein homolog model,antibiotic inactivation; cephalosporin; cephamycin,no_reliable_match,,,,,,,1,0.64,Providencia rettgeri,True
ARO:3006477,MOX-12,protein homolog model,antibiotic inactivation; cephalosporin; cephamycin; penam,no_reliable_match,,,,,,,3,60.22,Aeromonas caviae,True
ARO:3006478,MOX-13,protein homolog model,antibiotic inactivation; cephalosporin; cephamycin; penam,no_reliable_match,,,,,,,1,9.68,Aeromonas caviae,True
ARO:3006480,PDC-100,protein homolog model,antibiotic inactivation; carbapenem; cephalosporin; monobactam,no_reliable_match,,,,,,,1,0.16,Pseudomonas aeruginosa,True
ARO:3006481,PDC-101,protein homolog model,antibiotic inactivation; carbapenem; cephalosporin; monobactam,no_reliable_match,,,,,,,1,0.07,Pseudomonas aeruginosa,True
ARO:3006483,PDC-103,protein homolog model,antibiotic inactivation; carbapenem; cephalosporin; monobactam,no_reliable_match,,,,,,,1,0.16,Pseudomonas aeruginosa,True
ARO:3006484,PDC-106,protein homolog model,antibiotic inactivation; carbapenem; cephalosporin; monobactam,no_reliable_match,,,,,,,1,0.01,Pseudomonas aeruginosa,True
ARO:3006485,PDC-107,protein homolog model,antibiotic inactivation; carbapenem; cephalosporin; monobactam,no_reliable_match,,,,,,,1,0.09,Pseudomonas aeruginosa,True
ARO:3006486,PDC-108,protein homolog model,antibiotic inactivation; carbapenem; cephalosporin; monobactam,no_reliable_match,,,,,,,1,0.01,Pseudomonas aeruginosa,True
ARO:3006487,PDC-109,protein homolog model,antibiotic inactivation; carbapenem; cephalosporin; monobactam,no_reliable_match,,,,,,,1,0.4,Pseudomonas aeruginosa,True
ARO:3006489,PDC-111,protein homolog model,antibiotic inactivation; carbapenem; cephalosporin; monobactam,no_reliable_match,,,,,,,1,0.01,Pseudomonas aeruginosa,True
ARO:3006490,PDC-112,protein homolog model,antibiotic inactivation; carbapenem; cephalosporin; monobactam,no_reliable_match,,,,,,,1,0.13,Pseudomonas aeruginosa,True
ARO:3006491,PDC-113,protein homolog model,antibiotic inactivation; carbapenem; cephalosporin; monobactam,no_reliable_match,,,,,,,1,0.06,Pseudomonas aeruginosa,True
ARO:3006492,PDC-114,protein homolog model,antibiotic inactivation; carbapenem; cephalosporin; monobactam,no_reliable_match,,,,,,,1,0.04,Pseudomonas aeruginosa,True
ARO:3006493,PDC-115,protein homolog model,antibiotic inactivation; carbapenem; cephalosporin; monobactam,no_reliable_match,,,,,,,1,0.1,Pseudomonas aeruginosa,True
ARO:3006494,PDC-116,protein homolog model,antibiotic inactivation; carbapenem; cephalosporin; monobactam,no_reliable_match,,,,,,,1,0.11,Pseudomonas aeruginosa,True
ARO:3006495,PDC-12,protein homolog model,antibiotic inactivation; carbapenem; cephalosporin; monobactam,no_reliable_match,,,,,,,1,0.91,Pseudomonas aeruginosa,True
ARO:3006496,PDC-120,protein homolog model,antibiotic inactivation; carbapenem; cephalosporin; monobactam,no_reliable_match,,,,,,,1,0.4,Pseudomonas aeruginosa,True
ARO:3006497,PDC-121,protein homolog model,antibiotic inactivation; carbapenem; cephalosporin; monobactam,no_reliable_match,,,,,,,1,0.26,Pseudomonas aeruginosa,True
ARO:3006498,PDC-122,protein homolog model,antibiotic inactivation; carbapenem; cephalosporin; monobactam,no_reliable_match,,,,,,,1,0.06,Pseudomonas aeruginosa,True
ARO:3006499,PDC-123,protein homolog model,antibiotic inactivation; carbapenem; cephalosporin; monobactam,no_reliable_match,,,,,,,1,0.16,Pseudomonas aeruginosa,True
ARO:3006500,PDC-124,protein homolog model,antibiotic inactivation; carbapenem; cephalosporin; monobactam,no_reliable_match,,,,,,,1,0.16,Pseudomonas aeruginosa,True
ARO:3006501,PDC-125,protein homolog model,antibiotic inactivation; carbapenem; cephalosporin; monobactam,no_reliable_match,,,,,,,1,0.03,Pseudomonas aeruginosa,True
ARO:3006502,PDC-126,protein homolog model,antibiotic inactivation; carbapenem; cephalosporin; monobactam,no_reliable_match,,,,,,,1,0.0,Pseudomonas aeruginosa,True
ARO:3006503,PDC-127,protein homolog model,antibiotic inactivation; carbapenem; cephalosporin; monobactam,no_reliable_match,,,,,,,1,0.06,Pseudomonas aeruginosa,True
ARO:3006505,PDC-129,protein homolog model,antibiotic inactivation; carbapenem; cephalosporin; monobactam,no_reliable_match,,,,,,,1,0.04,Pseudomonas aeruginosa,True
ARO:3006510,PDC-133,protein homolog model,antibiotic inactivation; carbapenem; cephalosporin; monobactam,no_reliable_match,,,,,,,1,0.16,Pseudomonas aeruginosa,True
ARO:3006514,PDC-137,protein homolog model,antibiotic inactivation; carbapenem; cephalosporin; monobactam,no_reliable_match,,,,,,,1,0.01,Pseudomonas aeruginosa,True
ARO:3006515,PDC-138,protein homolog model,antibiotic inactivation; carbapenem; cephalosporin; monobactam,no_reliable_match,,,,,,,1,0.03,Pseudomonas aeruginosa,True
ARO:3006517,PDC-140,protein homolog model,antibiotic inactivation; carbapenem; cephalosporin; monobactam,no_reliable_match,,,,,,,1,0.01,Pseudomonas aeruginosa,True
ARO:3006518,PDC-141,protein homolog model,antibiotic inactivation; carbapenem; cephalosporin; monobactam,no_reliable_match,,,,,,,1,0.03,Pseudomonas aeruginosa,True
ARO:3006519,PDC-142,protein homolog model,antibiotic inactivation; carbapenem; cephalosporin; monobactam,no_reliable_match,,,,,,,1,0.14,Pseudomonas aeruginosa,True
ARO:3006520,PDC-143,protein homolog model,antibiotic inactivation; carbapenem; cephalosporin; monobactam,no_reliable_match,,,,,,,1,0.01,Pseudomonas aeruginosa,True
ARO:3006524,PDC-147,protein homolog model,antibiotic inactivation; carbapenem; cephalosporin; monobactam,no_reliable_match,,,,,,,1,0.07,Pseudomonas aeruginosa,True
ARO:3006527,PDC-15,protein homolog model,antibiotic inactivation; carbapenem; cephalosporin; monobactam,no_reliable_match,,,,,,,1,1.42,Pseudomonas aeruginosa,True
ARO:3006529,PDC-151,protein homolog model,antibiotic inactivation; carbapenem; cephalosporin; monobactam,no_reliable_match,,,,,,,1,0.03,Pseudomonas aeruginosa,True
ARO:3006536,PDC-158,protein homolog model,antibiotic inactivation; carbapenem; cephalosporin; monobactam,no_reliable_match,,,,,,,1,0.01,Pseudomonas aeruginosa,True
ARO:3006538,PDC-16,protein homolog model,antibiotic inactivation; carbapenem; cephalosporin; monobactam,no_reliable_match,,,,,,,1,2.84,Pseudomonas aeruginosa,True
ARO:3006540,PDC-161,protein homolog model,antibiotic inactivation; carbapenem; cephalosporin; monobactam,no_reliable_match,,,,,,,1,0.03,Pseudomonas aeruginosa,True
ARO:3006541,PDC-162,protein homolog model,antibiotic inactivation; carbapenem; cephalosporin; monobactam,no_reliable_match,,,,,,,1,0.0,Pseudomonas aeruginosa,True
ARO:3006546,PDC-167,protein homolog model,antibiotic inactivation; carbapenem; cephalosporin; monobactam,no_reliable_match,,,,,,,1,0.26,Pseudomonas aeruginosa,True
ARO:3006547,PDC-168,protein homolog model,antibiotic inactivation; carbapenem; cephalosporin; monobactam,no_reliable_match,,,,,,,1,0.03,Pseudomonas aeruginosa,True
ARO:3006548,PDC-169,protein homolog model,antibiotic inactivation; carbapenem; cephalosporin; monobactam,no_reliable_match,,,,,,,1,0.01,Pseudomonas aeruginosa,True
ARO:3006550,PDC-170,protein homolog model,antibiotic inactivation; carbapenem; cephalosporin; monobactam,no_reliable_match,,,,,,,1,0.01,Pseudomonas aeruginosa,True
ARO:3006551,PDC-171,protein homolog model,antibiotic inactivation; carbapenem; cephalosporin; monobactam,no_reliable_match,,,,,,,1,0.11,Pseudomonas aeruginosa,True
ARO:3006552,PDC-172,protein homolog model,antibiotic inactivation; carbapenem; cephalosporin; monobactam,no_reliable_match,,,,,,,1,0.03,Pseudomonas aeruginosa,True
ARO:3006553,PDC-174,protein homolog model,antibiotic inactivation; carbapenem; cephalosporin; monobactam,no_reliable_match,,,,,,,1,0.03,Pseudomonas aeruginosa,True
ARO:3006555,PDC-176,protein homolog model,antibiotic inactivation; carbapenem; cephalosporin; monobactam,no_reliable_match,,,,,,,1,0.06,Pseudomonas aeruginosa,True
ARO:3006562,PDC-182,protein homolog model,antibiotic inactivation; carbapenem; cephalosporin; monobactam,no_reliable_match,,,,,,,1,0.01,Pseudomonas aeruginosa,True
ARO:3006563,PDC-184,protein homolog model,antibiotic inactivation; carbapenem; cephalosporin; monobactam,no_reliable_match,,,,,,,1,0.03,Pseudomonas aeruginosa,True
ARO:3006564,PDC-185,protein homolog model,antibiotic inactivation; carbapenem; cephalosporin; monobactam,no_reliable_match,,,,,,,1,0.01,Pseudomonas aeruginosa,True
ARO:3006566,PDC-187,protein homolog model,antibiotic inactivation; carbapenem; cephalosporin; monobactam,no_reliable_match,,,,,,,1,0.01,Pseudomonas aeruginosa,True
ARO:3006568,PDC-189,protein homolog model,antibiotic inactivation; carbapenem; cephalosporin; monobactam,no_reliable_match,,,,,,,1,0.04,Pseudomonas aeruginosa,True
ARO:3006570,PDC-191,protein homolog model,antibiotic inactivation; carbapenem; cephalosporin; monobactam,no_reliable_match,,,,,,,1,0.03,Pseudomonas aeruginosa,True
ARO:3006571,PDC-192,protein homolog model,antibiotic inactivation; carbapenem; cephalosporin; monobactam,no_reliable_match,,,,,,,1,0.07,Pseudomonas aeruginosa,True
ARO:3006574,PDC-195,protein homolog model,antibiotic inactivation; carbapenem; cephalosporin; monobactam,no_reliable_match,,,,,,,1,0.0,Pseudomonas aeruginosa,True
ARO:3006575,PDC-196,protein homolog model,antibiotic inactivation; carbapenem; cephalosporin; monobactam,no_reliable_match,,,,,,,1,0.01,Pseudomonas aeruginosa,True
ARO:3006576,PDC-197,protein homolog model,antibiotic inactivation; carbapenem; cephalosporin; monobactam,no_reliable_match,,,,,,,1,0.07,Pseudomonas aeruginosa,True
ARO:3006578,PDC-199,protein homolog model,antibiotic inactivation; carbapenem; cephalosporin; monobactam,no_reliable_match,,,,,,,1,0.01,Pseudomonas aeruginosa,True
ARO:3006579,PDC-20,protein homolog model,antibiotic inactivation; carbapenem; cephalosporin; monobactam,no_reliable_match,,,,,,,1,0.17,Pseudomonas aeruginosa,True
ARO:3006580,PDC-200,protein homolog model,antibiotic inactivation; carbapenem; cephalosporin; monobactam,no_reliable_match,,,,,,,1,0.01,Pseudomonas aeruginosa,True
ARO:3006583,PDC-204,protein homolog model,antibiotic inactivation; carbapenem; cephalosporin; monobactam,no_reliable_match,,,,,,,1,0.01,Pseudomonas aeruginosa,True
ARO:3006586,PDC-208,protein homolog model,antibiotic inactivation; carbapenem; cephalosporin; monobactam,no_reliable_match,,,,,,,1,0.01,Pseudomonas aeruginosa,True
ARO:3006587,PDC-209,protein homolog model,antibiotic inactivation; carbapenem; cephalosporin; monobactam,no_reliable_match,,,,,,,1,0.03,Pseudomonas aeruginosa,True
ARO:3006589,PDC-211,protein homolog model,antibiotic inactivation; carbapenem; cephalosporin; monobactam,no_reliable_match,,,,,,,1,0.06,Pseudomonas aeruginosa,True
ARO:3006590,PDC-213,protein homolog model,antibiotic inactivation; carbapenem; cephalosporin; monobactam,no_reliable_match,,,,,,,1,0.2,Pseudomonas aeruginosa,True
ARO:3006591,PDC-214,protein homolog model,antibiotic inactivation; carbapenem; cephalosporin; monobactam,no_reliable_match,,,,,,,1,0.04,Pseudomonas aeruginosa,True
ARO:3006593,PDC-216,protein homolog model,antibiotic inactivation; carbapenem; cephalosporin; monobactam,no_reliable_match,,,,,,,1,0.01,Pseudomonas aeruginosa,True
ARO:3006595,PDC-218,protein homolog model,antibiotic inactivation; carbapenem; cephalosporin; monobactam,no_reliable_match,,,,,,,1,0.23,Pseudomonas aeruginosa,True
ARO:3006598,PDC-21b,protein homolog model,antibiotic inactivation; carbapenem; cephalosporin; monobactam,no_reliable_match,,,,,,,1,0.07,Pseudomonas aeruginosa,True
ARO:3006599,PDC-22,protein homolog model,antibiotic inactivation; carbapenem; cephalosporin; monobactam,no_reliable_match,,,,,,,1,0.17,Pseudomonas aeruginosa,True
ARO:3006601,PDC-221,protein homolog model,antibiotic inactivation; carbapenem; cephalosporin; monobactam,no_reliable_match,,,,,,,1,0.0,Pseudomonas aeruginosa,True
ARO:3006605,PDC-226,protein homolog model,antibiotic inactivation; carbapenem; cephalosporin; monobactam,no_reliable_match,,,,,,,1,0.01,Pseudomonas aeruginosa,True
ARO:3006606,PDC-227,protein homolog model,antibiotic inactivation; carbapenem; cephalosporin; monobactam,no_reliable_match,,,,,,,1,0.03,Pseudomonas aeruginosa,True
ARO:3006613,PDC-235,protein homolog model,antibiotic inactivation; carbapenem; cephalosporin; monobactam,no_reliable_match,,,,,,,1,0.01,Pseudomonas aeruginosa,True
ARO:3006616,PDC-238,protein homolog model,antibiotic inactivation; carbapenem; cephalosporin; monobactam,no_reliable_match,,,,,,,1,0.03,Pseudomonas aeruginosa,True
ARO:3006618,PDC-24,protein homolog model,antibiotic inactivation; carbapenem; cephalosporin; monobactam,no_reliable_match,,,,,,,1,4.77,Pseudomonas aeruginosa,True
ARO:3006622,PDC-244,protein homolog model,antibiotic inactivation; carbapenem; cephalosporin; monobactam,no_reliable_match,,,,,,,1,0.01,Pseudomonas aeruginosa,True
ARO:3006623,PDC-245,protein homolog model,antibiotic inactivation; carbapenem; cephalosporin; monobactam,no_reliable_match,,,,,,,1,0.0,Pseudomonas aeruginosa,True
ARO:3006629,PDC-250,protein homolog model,antibiotic inactivation; carbapenem; cephalosporin; monobactam,no_reliable_match,,,,,,,1,0.03,Pseudomonas aeruginosa,True
ARO:3006634,PDC-256,protein homolog model,antibiotic inactivation; carbapenem; cephalosporin; monobactam,no_reliable_match,,,,,,,1,0.03,Pseudomonas aeruginosa,True
ARO:3006642,PDC-266,protein homolog model,antibiotic inactivation; carbapenem; cephalosporin; monobactam,no_reliable_match,,,,,,,1,0.04,Pseudomonas aeruginosa,True
ARO:3006646,PDC-271,protein homolog model,antibiotic inactivation; carbapenem; cephalosporin; monobactam,no_reliable_match,,,,,,,1,0.01,Pseudomonas aeruginosa,True
ARO:3006652,PDC-278,protein homolog model,antibiotic inactivation; carbapenem; cephalosporin; monobactam,no_reliable_match,,,,,,,1,0.03,Pseudomonas aeruginosa,True
ARO:3006658,PDC-286,protein homolog model,antibiotic inactivation; carbapenem; cephalosporin; monobactam,no_reliable_match,,,,,,,1,0.03,Pseudomonas aeruginosa,True
ARO:3006660,PDC-288,protein homolog model,antibiotic inactivation; carbapenem; cephalosporin; monobactam,no_reliable_match,,,,,,,1,0.03,Pseudomonas aeruginosa,True
ARO:3006665,PDC-295,protein homolog model,antibiotic inactivation; carbapenem; cephalosporin; monobactam,no_reliable_match,,,,,,,1,0.34,Pseudomonas aeruginosa,True
ARO:3006667,PDC-297,protein homolog model,antibiotic inactivation; carbapenem; cephalosporin; monobactam,no_reliable_match,,,,,,,1,0.03,Pseudomonas aeruginosa,True
ARO:3006668,PDC-298,protein homolog model,antibiotic inactivation; carbapenem; cephalosporin; monobactam,no_reliable_match,,,,,,,1,0.01,Pseudomonas aeruginosa,True
ARO:3006670,PDC-30,protein homolog model,antibiotic inactivation; carbapenem; cephalosporin; monobactam,no_reliable_match,,,,,,,1,1.34,Pseudomonas aeruginosa,True
ARO:3006672,PDC-301,protein homolog model,antibiotic inactivation; carbapenem; cephalosporin; monobactam,no_reliable_match,,,,,,,1,0.06,Pseudomonas aeruginosa,True
ARO:3006673,PDC-302,protein homolog model,antibiotic inactivation; carbapenem; cephalosporin; monobactam,no_reliable_match,,,,,,,1,0.0,Pseudomonas aeruginosa,True
ARO:3006674,PDC-303,protein homolog model,antibiotic inactivation; carbapenem; cephalosporin; monobactam,no_reliable_match,,,,,,,1,0.01,Pseudomonas aeruginosa,True
ARO:3006678,PDC-308,protein homolog model,antibiotic inactivation; carbapenem; cephalosporin; monobactam,no_reliable_match,,,,,,,1,0.01,Pseudomonas aeruginosa,True
ARO:3006679,PDC-309,protein homolog model,antibiotic inactivation; carbapenem; cephalosporin; monobactam,no_reliable_match,,,,,,,1,0.01,Pseudomonas aeruginosa,True
ARO:3006680,PDC-31,protein homolog model,antibiotic inactivation; carbapenem; cephalosporin; monobactam,no_reliable_match,,,,,,,1,0.97,Pseudomonas aeruginosa,True
ARO:3006684,PDC-314,protein homolog model,antibiotic inactivation; carbapenem; cephalosporin; monobactam,no_reliable_match,,,,,,,1,0.01,Pseudomonas aeruginosa,True
ARO:3006689,PDC-319,protein homolog model,antibiotic inactivation; carbapenem; cephalosporin; monobactam,no_reliable_match,,,,,,,1,0.01,Pseudomonas aeruginosa,True
ARO:3006693,PDC-322,protein homolog model,antibiotic inactivation; carbapenem; cephalosporin; monobactam,no_reliable_match,,,,,,,1,0.04,Pseudomonas aeruginosa,True
ARO:3006699,PDC-33,protein homolog model,antibiotic inactivation; carbapenem; cephalosporin; monobactam,no_reliable_match,,,,,,,1,0.07,Pseudomonas aeruginosa,True
ARO:3006701,PDC-331,protein homolog model,antibiotic inactivation; carbapenem; cephalosporin; monobactam,no_reliable_match,,,,,,,1,0.0,Pseudomonas aeruginosa,True
ARO:3006704,PDC-334,protein homolog model,antibiotic inactivation; carbapenem; cephalosporin; monobactam,no_reliable_match,,,,,,,1,0.01,Pseudomonas aeruginosa,True
ARO:3006705,PDC-335,protein homolog model,antibiotic inactivation; carbapenem; cephalosporin; monobactam,no_reliable_match,,,,,,,1,0.01,Pseudomonas aeruginosa,True
ARO:3006707,PDC-338,protein homolog model,antibiotic inactivation; carbapenem; cephalosporin; monobactam,no_reliable_match,,,,,,,1,0.01,Pseudomonas aeruginosa,True
ARO:3006708,PDC-339,protein homolog model,antibiotic inactivation; carbapenem; cephalosporin; monobactam,no_reliable_match,,,,,,,1,0.01,Pseudomonas aeruginosa,True
ARO:3006709,PDC-34,protein homolog model,antibiotic inactivation; carbapenem; cephalosporin; monobactam,no_reliable_match,,,,,,,1,3.36,Pseudomonas aeruginosa,True
ARO:3006710,PDC-340,protein homolog model,antibiotic inactivation; carbapenem; cephalosporin; monobactam,no_reliable_match,,,,,,,1,0.01,Pseudomonas aeruginosa,True
ARO:3006717,PDC-348,protein homolog model,antibiotic inactivation; carbapenem; cephalosporin; monobactam,no_reliable_match,,,,,,,1,0.01,Pseudomonas aeruginosa,True
ARO:3006719,PDC-35,protein homolog model,antibiotic inactivation; carbapenem; cephalosporin; monobactam,no_reliable_match,,,,,,,1,4.17,Pseudomonas aeruginosa,True
ARO:3006722,PDC-353,protein homolog model,antibiotic inactivation; carbapenem; cephalosporin; monobactam,no_reliable_match,,,,,,,1,0.03,Pseudomonas aeruginosa,True
ARO:3006728,PDC-359,protein homolog model,antibiotic inactivation; carbapenem; cephalosporin; monobactam,no_reliable_match,,,,,,,1,0.01,Pseudomonas aeruginosa,True
ARO:3006729,PDC-36,protein homolog model,antibiotic inactivation; carbapenem; cephalosporin; monobactam,no_reliable_match,,,,,,,1,0.77,Pseudomonas aeruginosa,True
ARO:3006731,PDC-361,protein homolog model,antibiotic inactivation; carbapenem; cephalosporin; monobactam,no_reliable_match,,,,,,,1,0.07,Pseudomonas aeruginosa,True
ARO:3006734,PDC-364,protein homolog model,antibiotic inactivation; carbapenem; cephalosporin; monobactam,no_reliable_match,,,,,,,1,0.03,Pseudomonas aeruginosa,True
ARO:3006737,PDC-367,protein homolog model,antibiotic inactivation; carbapenem; cephalosporin; monobactam,no_reliable_match,,,,,,,1,0.01,Pseudomonas aeruginosa,True
ARO:3006740,PDC-37,protein homolog model,antibiotic inactivation; carbapenem; cephalosporin; monobactam,no_reliable_match,,,,,,,1,0.66,Pseudomonas aeruginosa,True
ARO:3006742,PDC-371,protein homolog model,antibiotic inactivation; carbapenem; cephalosporin; monobactam,no_reliable_match,,,,,,,1,0.04,Pseudomonas aeruginosa,True
ARO:3006745,PDC-374,protein homolog model,antibiotic inactivation; carbapenem; cephalosporin; monobactam,no_reliable_match,,,,,,,1,0.24,Pseudomonas aeruginosa,True
ARO:3006750,PDC-38,protein homolog model,antibiotic inactivation; carbapenem; cephalosporin; monobactam,no_reliable_match,,,,,,,1,0.2,Pseudomonas aeruginosa,True
ARO:3006752,PDC-382,protein homolog model,antibiotic inactivation; carbapenem; cephalosporin; monobactam,no_reliable_match,,,,,,,1,0.01,Pseudomonas aeruginosa,True
ARO:3006759,PDC-39,protein homolog model,antibiotic inactivation; carbapenem; cephalosporin; monobactam,no_reliable_match,,,,,,,1,0.36,Pseudomonas aeruginosa,True
ARO:3006762,PDC-392,protein homolog model,antibiotic inactivation; carbapenem; cephalosporin; monobactam,no_reliable_match,,,,,,,1,0.03,Pseudomonas aeruginosa,True
ARO:3006766,PDC-397,protein homolog model,antibiotic inactivation; carbapenem; cephalosporin; monobactam,no_reliable_match,,,,,,,1,0.01,Pseudomonas aeruginosa,True
ARO:3006769,PDC-40,protein homolog model,antibiotic inactivation; carbapenem; cephalosporin; monobactam,no_reliable_match,,,,,,,1,0.03,Pseudomonas aeruginosa,True
ARO:3006772,PDC-402,protein homolog model,antibiotic inactivation; carbapenem; cephalosporin; monobactam,no_reliable_match,,,,,,,1,0.06,Pseudomonas aeruginosa,True
ARO:3006777,PDC-407,protein homolog model,antibiotic inactivation; carbapenem; cephalosporin; monobactam,no_reliable_match,,,,,,,1,0.06,Pseudomonas aeruginosa,True
ARO:3006778,PDC-408,protein homolog model,antibiotic inactivation; carbapenem; cephalosporin; monobactam,no_reliable_match,,,,,,,1,0.01,Pseudomonas aeruginosa,True
ARO:3006781,PDC-411,protein homolog model,antibiotic inactivation; carbapenem; cephalosporin; monobactam,no_reliable_match,,,,,,,1,0.01,Pseudomonas aeruginosa,True
ARO:3006787,PDC-418,protein homolog model,antibiotic inactivation; carbapenem; cephalosporin; monobactam,no_reliable_match,,,,,,,1,0.01,Pseudomonas aeruginosa,True
ARO:3006789,PDC-42,protein homolog model,antibiotic inactivation; carbapenem; cephalosporin; monobactam,no_reliable_match,,,,,,,1,0.04,Pseudomonas aeruginosa,True
ARO:3006793,PDC-423,protein homolog model,antibiotic inactivation; carbapenem; cephalosporin; monobactam,no_reliable_match,,,,,,,1,0.01,Pseudomonas aeruginosa,True
ARO:3006800,PDC-431,protein homolog model,antibiotic inactivation; carbapenem; cephalosporin; monobactam,no_reliable_match,,,,,,,1,0.01,Pseudomonas aeruginosa,True
ARO:3006801,PDC-432,protein homolog model,antibiotic inactivation; carbapenem; cephalosporin; monobactam,no_reliable_match,,,,,,,1,0.01,Pseudomonas aeruginosa,True
ARO:3006802,PDC-433,protein homolog model,antibiotic inactivation; carbapenem; cephalosporin; monobactam,no_reliable_match,,,,,,,1,0.01,Pseudomonas aeruginosa,True
ARO:3006806,PDC-437,protein homolog model,antibiotic inactivation; carbapenem; cephalosporin; monobactam,no_reliable_match,,,,,,,1,0.01,Pseudomonas aeruginosa,True
ARO:3006810,PDC-442,protein homolog model,antibiotic inactivation; carbapenem; cephalosporin; monobactam,no_reliable_match,,,,,,,1,0.03,Pseudomonas aeruginosa,True
ARO:3006811,PDC-443,protein homolog model,antibiotic inactivation; carbapenem; cephalosporin; monobactam,no_reliable_match,,,,,,,1,0.04,Pseudomonas aeruginosa,True
ARO:3006812,PDC-444,protein homolog model,antibiotic inactivation; carbapenem; cephalosporin; monobactam,no_reliable_match,,,,,,,1,0.01,Pseudomonas aeruginosa,True
ARO:3006814,PDC-446,protein homolog model,antibiotic inactivation; carbapenem; cephalosporin; monobactam,no_reliable_match,,,,,,,1,0.01,Pseudomonas aeruginosa,True
ARO:3006815,PDC-447,protein homolog model,antibiotic inactivation; carbapenem; cephalosporin; monobactam,no_reliable_match,,,,,,,1,0.01,Pseudomonas aeruginosa,True
ARO:3006819,PDC-452,protein homolog model,antibiotic inactivation; carbapenem; cephalosporin; monobactam,no_reliable_match,,,,,,,1,0.01,Pseudomonas aeruginosa,True
ARO:3006821,PDC-454,protein homolog model,antibiotic inactivation; carbapenem; cephalosporin; monobactam,no_reliable_match,,,,,,,2,0.04,Pseudomonas aeruginosa,True
ARO:3006822,PDC-455,protein homolog model,antibiotic inactivation; carbapenem; cephalosporin; monobactam,no_reliable_match,,,,,,,1,0.03,Pseudomonas aeruginosa,True
ARO:3006824,PDC-457,protein homolog model,antibiotic inactivation; carbapenem; cephalosporin; monobactam,no_reliable_match,,,,,,,1,0.07,Pseudomonas aeruginosa,True
ARO:3006827,PDC-46,protein homolog model,antibiotic inactivation; carbapenem; cephalosporin; monobactam,no_reliable_match,,,,,,,1,0.5,Pseudomonas aeruginosa,True
ARO:3006843,PDC-58,protein homolog model,antibiotic inactivation; carbapenem; cephalosporin; monobactam,no_reliable_match,,,,,,,1,0.01,Pseudomonas aeruginosa,True
ARO:3006844,PDC-60,protein homolog model,antibiotic inactivation; carbapenem; cephalosporin; monobactam,no_reliable_match,,,,,,,1,0.58,Pseudomonas aeruginosa,True
ARO:3006845,PDC-64,protein homolog model,antibiotic inactivation; carbapenem; cephalosporin; monobactam,no_reliable_match,,,,,,,1,0.44,Pseudomonas aeruginosa,True
ARO:3006846,PDC-71,protein homolog model,antibiotic inactivation; carbapenem; cephalosporin; monobactam,no_reliable_match,,,,,,,1,0.76,Pseudomonas aeruginosa,True
ARO:3006848,PDC-95,protein homolog model,antibiotic inactivation; carbapenem; cephalosporin; monobactam,no_reliable_match,,,,,,,1,0.01,Pseudomonas aeruginosa,True
ARO:3006849,PDC-96,protein homolog model,antibiotic inactivation; carbapenem; cephalosporin; monobactam,no_reliable_match,,,,,,,1,0.01,Pseudomonas aeruginosa,True
ARO:3006850,PDC-97,protein homolog model,antibiotic inactivation; carbapenem; cephalosporin; monobactam,no_reliable_match,,,,,,,1,0.21,Pseudomonas aeruginosa,True
ARO:3006851,PDC-98,protein homolog model,antibiotic inactivation; carbapenem; cephalosporin; monobactam,no_reliable_match,,,,,,,1,0.44,Pseudomonas aeruginosa,True
ARO:3006853,SRT-3,protein homolog model,antibiotic inactivation; cephalosporin,no_reliable_match,,,,,,,1,4.06,Serratia marcescens,True
ARO:3006854,CMH-2,protein homolog model,antibiotic inactivation; cephalosporin,no_reliable_match,,,,,,,1,1.6,Enterobacter cloacae,True
ARO:3006856,CMH-4,protein homolog model,antibiotic inactivation; cephalosporin,no_reliable_match,,,,,,,2,15.02,Enterobacter cloacae,True
ARO:3006857,CMH-5,protein homolog model,antibiotic inactivation; cephalosporin,no_reliable_match,,,,,,,1,7.99,Enterobacter cloacae,True
ARO:3006858,CMH-6,protein homolog model,antibiotic inactivation; cephalosporin,no_reliable_match,,,,,,,1,1.92,Enterobacter cloacae,True
ARO:3006859,MIR-19,protein homolog model,antibiotic inactivation; cephalosporin; monobactam,no_reliable_match,,,,,,,1,0.72,Enterobacter roggenkampii,True
ARO:3006860,MIR-20,protein homolog model,antibiotic inactivation; cephalosporin; monobactam,no_reliable_match,,,,,,,2,3.96,Enterobacter roggenkampii,True
ARO:3006861,MIR-21,protein homolog model,antibiotic inactivation; cephalosporin; monobactam,no_reliable_match,,,,,,,1,3.6,Enterobacter roggenkampii,True
ARO:3006862,MIR-22,protein homolog model,antibiotic inactivation; cephalosporin; monobactam,no_reliable_match,,,,,,,1,1.44,Enterobacter roggenkampii,True
ARO:3006869,CSA-1,protein homolog model,antibiotic inactivation; cephalosporin,no_reliable_match,,,,,,,1,54.71,Cronobacter sakazakii,True
ARO:3006870,CSA-2,protein homolog model,antibiotic inactivation; cephalosporin,no_reliable_match,,,,,,,2,100.0,Cronobacter universalis,True
ARO:3006874,EC-13,protein homolog model,antibiotic inactivation; cephalosporin,no_reliable_match,,,,,,,5,16.43,Escherichia coli,True
ARO:3006875,EC-14,protein homolog model,antibiotic inactivation; cephalosporin,no_reliable_match,,,,,,,4,2.82,Escherichia coli,True
ARO:3006876,EC-15,protein homolog model,antibiotic inactivation; cephalosporin,no_reliable_match,,,,,,,6,26.67,Shigella dysenteriae,True
ARO:3006877,EC-16,protein homolog model,antibiotic inactivation; cephalosporin,no_reliable_match,,,,,,,1,0.01,Escherichia coli,True
ARO:3006878,EC-18,protein homolog model,antibiotic inactivation; cephalosporin,no_reliable_match,,,,,,,4,3.56,Escherichia coli,True
ARO:3006879,EC-19,protein homolog model,antibiotic inactivation; cephalosporin,no_reliable_match,,,,,,,1,1.11,Escherichia coli,True
ARO:3006880,EC-5,protein homolog model,antibiotic inactivation; cephalosporin,no_reliable_match,,,,,,,4,8.86,Escherichia coli,True
ARO:3006881,EC-8,protein homolog model,antibiotic inactivation; cephalosporin,no_reliable_match,,,,,,,5,64.58,Escherichia marmotae,True
ARO:3006888,GIL-1,protein homolog model,antibiotic inactivation; carbapenem; cephalosporin,no_reliable_match,,,,,,,2,0.77,Citrobacter freundii,True
ARO:3006890,AFM-1,protein homolog model,antibiotic inactivation; carbapenem,no_reliable_match,,,,,,,5,7.14,Comamonas testosteroni,True
ARO:3006891,AFM-2,protein homolog model,antibiotic inactivation; carbapenem,no_reliable_match,,,,,,,1,0.04,Pseudomonas aeruginosa,True
ARO:3006897,AXC-1,protein homolog model,antibiotic inactivation; carbapenem,no_reliable_match,,,,,,,1,20.61,Achromobacter xylosoxidans,True
ARO:3006899,AXC-3,protein homolog model,antibiotic inactivation; carbapenem,no_reliable_match,,,,,,,1,0.76,Achromobacter xylosoxidans,True
ARO:3006900,AXC-4,protein homolog model,antibiotic inactivation; carbapenem,no_reliable_match,,,,,,,1,0.0,Achromobacter xylosoxidans,True
ARO:3006902,BSU-1,protein homolog model,antibiotic inactivation; carbapenem,no_reliable_match,,,,,,,1,2.6,Bacillus subtilis,True
ARO:3006909,CfiA17,protein homolog model,antibiotic inactivation; carbapenem,no_reliable_match,,,,,,,1,0.53,Bacteroides fragilis,True
ARO:3006910,CfiA18,protein homolog model,antibiotic inactivation; carbapenem,no_reliable_match,,,,,,,1,0.53,Bacteroides fragilis,True
ARO:3006911,CfiA19,protein homolog model,antibiotic inactivation; carbapenem,no_reliable_match,,,,,,,1,0.27,Bacteroides fragilis,True
ARO:3006913,CfiA21,protein homolog model,antibiotic inactivation; carbapenem,no_reliable_match,,,,,,,1,0.27,Bacteroides fragilis,True
ARO:3006914,CfiA22,protein homolog model,antibiotic inactivation; carbapenem,no_reliable_match,,,,,,,1,0.27,Bacteroides fragilis,True
ARO:3006915,CfiA23,protein homolog model,antibiotic inactivation; carbapenem,no_reliable_match,,,,,,,1,0.27,Bacteroides fragilis,True
ARO:3006922,CMA-1,protein homolog model,antibiotic inactivation; cephalosporin,no_reliable_match,,,,,,,1,52.73,Cronobacter malonaticus,True
ARO:3006923,CMA-2,protein homolog model,antibiotic inactivation; cephalosporin,no_reliable_match,,,,,,,2,66.67,Cronobacter turicensis,True
ARO:3006931,KLUC-5,protein homolog model,antibiotic inactivation; cephalosporin,no_reliable_match,,,,,,,1,0.04,Enterobacter hormaechei,True
ARO:3006935,LHK-1,protein homolog model,antibiotic inactivation; carbapenem; cephalosporin,no_reliable_match,,,,,,,1,2.08,Laribacter hongkongensis,True
ARO:3006937,LHK-3,protein homolog model,antibiotic inactivation; carbapenem; cephalosporin,no_reliable_match,,,,,,,1,4.17,Laribacter hongkongensis,True
ARO:3006938,LHK-4,protein homolog model,antibiotic inactivation; carbapenem; cephalosporin,no_reliable_match,,,,,,,1,6.25,Laribacter hongkongensis,True
ARO:3006939,LHK-5,protein homolog model,antibiotic inactivation; carbapenem; cephalosporin,no_reliable_match,,,,,,,1,2.08,Laribacter hongkongensis,True
ARO:3006940,LHK-6,protein homolog model,antibiotic inactivation; carbapenem; cephalosporin,no_reliable_match,,,,,,,1,2.08,Laribacter hongkongensis,True
ARO:3006954,MYO-1,protein homolog model,antibiotic inactivation; carbapenem,no_reliable_match,,,,,,,1,0.0,Myroides odoratimimus,True
ARO:3006965,PFM-1,protein homolog model,antibiotic inactivation; carbapenem,no_reliable_match,,,,,,,2,12.5,Pseudomonas synxantha,True
ARO:3006967,PFM-3,protein homolog model,antibiotic inactivation; carbapenem,no_reliable_match,,,,,,,1,0.43,Pseudomonas fluorescens,True
ARO:3006968,PLA-1,protein homolog model,antibiotic inactivation; carbapenem; cephalosporin,no_reliable_match,,,,,,,1,12.82,Raoultella planticola,True
ARO:3006970,PLA-3,protein homolog model,antibiotic inactivation; carbapenem; cephalosporin,no_reliable_match,,,,,,,1,5.13,Raoultella planticola,True
ARO:3006976,PST-1,protein homolog model,antibiotic inactivation; carbapenem,no_reliable_match,,,,,,,1,0.76,Pseudomonas stutzeri,True
ARO:3006977,PST-2,protein homolog model,antibiotic inactivation; carbapenem,no_reliable_match,,,,,,,1,0.76,Pseudomonas stutzeri,True
ARO:3006984,RUB-1,protein homolog model,antibiotic inactivation; cephalosporin,no_reliable_match,,,,,,,1,36.36,Serratia rubidaea,True
ARO:3007010,norC,protein homolog model,antibiotic efflux; disinfecting agents and antiseptics; fluoroquinolone antibiotic,no_reliable_match,,,,,,,11,98.31,Staphylococcus simulans,True
ARO:3007011,mdeA,protein homolog model,aminoglycoside antibiotic; antibiotic efflux; disinfecting agents and antiseptics; fluoroquinolone antibiotic; penam; tetracycline antibiotic,no_reliable_match,,,,,,,26,100.0,Parascardovia denticolens,True
ARO:3007012,sepA,protein homolog model,antibiotic efflux; disinfecting agents and antiseptics,no_reliable_match,,,,,,,17,100.0,Staphylococcus pasteuri,True
ARO:3007013,sdrM,protein homolog model,antibiotic efflux; disinfecting agents and antiseptics; fluoroquinolone antibiotic,no_reliable_match,,,,,,,19,100.0,Staphylococcus intermedius,True
ARO:3007014,qacJ,protein homolog model,antibiotic efflux; disinfecting agents and antiseptics,no_reliable_match,,,,,,,154,100.0,Cupriavidus campinensis,True
ARO:3007015,qacG,protein homolog model,antibiotic efflux; disinfecting agents and antiseptics,no_reliable_match,,,,,,,165,100.0,Pseudomonas mendocina,True
ARO:3007019,fexB,protein homolog model,antibiotic efflux; phenicol antibiotic,no_reliable_match,,,,,,,6,7.5,Staphylococcus arlettae,True
ARO:3007027,salC,protein homolog model,antibiotic target protection; lincosamide antibiotic; pleuromutilin antibiotic; streptogramin A antibiotic; streptogramin antibiotic,no_reliable_match,,,,,,,1,12.5,Macrococcus canis,True
ARO:3007028,salD,protein homolog model,antibiotic target protection; lincosamide antibiotic; pleuromutilin antibiotic; streptogramin A antibiotic; streptogramin antibiotic,no_reliable_match,,,,,,,2,78.57,Staphylococcus equorum,True
ARO:3007029,salE,protein homolog model,antibiotic target protection; lincosamide antibiotic; pleuromutilin antibiotic; streptogramin A antibiotic; streptogramin antibiotic,no_reliable_match,,,,,,,2,77.5,Staphylococcus arlettae,True
ARO:3007033,Erm(51),protein homolog model,antibiotic target alteration; lincosamide antibiotic; macrolide antibiotic; streptogramin antibiotic; streptogramin B antibiotic,no_reliable_match,,,,,,,1,0.0,Rhodococcus pyridinivorans,True
ARO:3007041,Erm(52),protein homolog model,antibiotic target alteration; lincosamide antibiotic; macrolide antibiotic; streptogramin antibiotic,no_reliable_match,,,,,,,3,0.97,Faecalibacterium prausnitzii,True
ARO:3007042,msr(G),protein homolog model,antibiotic target protection; macrolide antibiotic; streptogramin antibiotic,no_reliable_match,,,,,,,3,0.1,Bacillus cereus,True
ARO:3007043,msr(I),protein homolog model,antibiotic target protection; macrolide antibiotic; phosphonic acid antibiotic; streptogramin antibiotic,no_reliable_match,,,,,,,6,2.22,Lactococcus garvieae,True
ARO:3007044,mef(F),protein homolog model,antibiotic efflux; macrolide antibiotic,no_reliable_match,,,,,,,4,0.1,Bacillus cereus,True
ARO:3007047,mef(H),protein homolog model,antibiotic efflux; macrolide antibiotic,no_reliable_match,,,,,,,5,5.0,Streptococcus pasteurianus,True
ARO:3007049,mef(J),protein homolog model,antibiotic efflux; macrolide antibiotic,no_reliable_match,,,,,,,4,2.22,Lactococcus garvieae,True
ARO:3007050,mreA,protein homolog model,antibiotic efflux; macrolide antibiotic,no_reliable_match,,,,,,,5,100.0,Streptococcus canis,True
ARO:3007070,MCR-1.33,protein homolog model,antibiotic target alteration; peptide antibiotic,no_reliable_match,,,,,,,1,0.0,Escherichia coli,True
ARO:3007085,PRC-1,protein homolog model,antibiotic inactivation; cephalosporin; penam,no_reliable_match,,,,,,,2,100.0,Pseudomonas mendocina,True
ARO:3007087,KPC-90,protein homolog model,antibiotic inactivation; carbapenem; cephalosporin; monobactam; penam,no_reliable_match,,,,,,,2,0.01,Klebsiella pneumoniae,True
ARO:3007089,KPC-83,protein homolog model,antibiotic inactivation; carbapenem; cephalosporin; monobactam; penam,no_reliable_match,,,,,,,2,0.01,Klebsiella pneumoniae,True
ARO:3007101,BcIII,protein homolog model,antibiotic inactivation; cephalosporin; penem,no_reliable_match,,,,,,,4,86.56,Bacillus thuringiensis,True
ARO:3007102,KPC-93,protein homolog model,antibiotic inactivation; carbapenem; cephalosporin; monobactam; penam,no_reliable_match,,,,,,,1,0.01,Klebsiella pneumoniae,True
ARO:3007109,nimG,protein homolog model,antibiotic inactivation; nitroimidazole antibiotic,no_reliable_match,,,,,,,2,3.12,Phocaeicola dorei,True
ARO:3007120,tet(O/M/O),protein homolog model,antibiotic target protection; tetracycline antibiotic,no_reliable_match,,,,,,,4,3.06,Campylobacter jejuni,True
ARO:3007121,tet(O/W),protein homolog model,antibiotic target protection; tetracycline antibiotic,no_reliable_match,,,,,,,5,46.67,Ruthenibacterium lactatiformans,True
ARO:3007122,tet(O/W/32/O),protein homolog model,antibiotic target protection; tetracycline antibiotic,no_reliable_match,,,,,,,9,6.82,Streptococcus gallolyticus,True
ARO:3007124,tet(W/32/O),protein homolog model,antibiotic target protection; tetracycline antibiotic,no_reliable_match,,,,,,,2,33.33,Dysosmobacter welbionis,True
ARO:3007125,ROB-11,protein homolog model,antibiotic inactivation; cephalosporin; penam,no_reliable_match,,,,,,,2,0.51,Glaesserella parasuis,True
ARO:3007127,Streptomyces lividans otr(A),protein homolog model,antibiotic target protection; tetracycline antibiotic,no_reliable_match,,,,,,,1,57.14,Nocardia terpenica,True
ARO:3007137,mcr-10.1,protein homolog model,antibiotic target alteration; peptide antibiotic,no_reliable_match,,,,,,,9,11.51,Enterobacter roggenkampii,True
ARO:3007182,blaC,protein homolog model,antibiotic inactivation; cephalosporin; cephamycin; penam; penem,no_reliable_match,,,,,,,1,72.76,Mycobacterium tuberculosis,True
ARO:3007188,vanH gene in vanP cluster,protein homolog model,antibiotic target alteration; glycopeptide antibiotic,no_reliable_match,,,,,,,2,0.24,Burkholderia multivorans,True
ARO:3007189,vanP,protein homolog model,antibiotic target alteration; glycopeptide antibiotic,no_reliable_match,,,,,,,1,0.03,Enterococcus faecium,True
ARO:3007190,vanX gene in vanP cluster,protein homolog model,antibiotic target alteration; glycopeptide antibiotic,no_reliable_match,,,,,,,1,0.03,Enterococcus faecium,True
ARO:3007191,vanR gene in vanP cluster,protein homolog model,antibiotic target alteration; glycopeptide antibiotic,no_reliable_match,,,,,,,1,0.03,Enterococcus faecium,True
ARO:3007192,vanS gene in vanP cluster,protein homolog model,antibiotic target alteration; glycopeptide antibiotic,no_reliable_match,,,,,,,1,0.03,Enterococcus faecium,True
ARO:3007196,KPC-123,protein homolog model,antibiotic inactivation; carbapenem; cephalosporin; monobactam; penam,no_reliable_match,,,,,,,1,0.0,Citrobacter koseri,True
ARO:3007202,NDM-16b,protein homolog model,antibiotic inactivation; carbapenem; cephalosporin; cephamycin; penam,no_reliable_match,,,,,,,1,0.0,Escherichia coli,True
ARO:3007204,AAC(6')-Iap,protein homolog model,aminoglycoside antibiotic; antibiotic inactivation,no_reliable_match,,,,,,,1,1.63,Stenotrophomonas maltophilia,True
ARO:3007206,KBL-1,protein homolog model,antibiotic inactivation; penam,no_reliable_match,,,,,,,1,0.03,Pseudomonas aeruginosa,True
ARO:3007209,Streptomyces venezuelae rox,protein homolog model,antibiotic inactivation; rifamycin antibiotic,no_reliable_match,,,,,,,4,100.0,Nocardia exalbida,True
ARO:3007210,Nocardia farcinica rox,protein homolog model,antibiotic inactivation; rifamycin antibiotic,no_reliable_match,,,,,,,2,86.21,Mycolicibacterium fortuitum,True
ARO:3007213,NDM-36,protein homolog model,antibiotic inactivation; carbapenem; cephalosporin; cephamycin; penam,no_reliable_match,,,,,,,1,0.0,Escherichia coli,True
ARO:3007214,NDM-37,protein homolog model,antibiotic inactivation; carbapenem; cephalosporin; cephamycin; penam,no_reliable_match,,,,,,,1,0.0,Escherichia coli,True
ARO:3007217,NDM-40,protein homolog model,antibiotic inactivation; carbapenem; cephalosporin; cephamycin; penam,no_reliable_match,,,,,,,4,0.64,Providencia rettgeri,True
ARO:3007227,MCR-8.3,protein homolog model,antibiotic target alteration; peptide antibiotic,no_reliable_match,,,,,,,1,0.0,Klebsiella pneumoniae,True
ARO:3007229,MCR-8.2,protein homolog model,antibiotic target alteration; peptide antibiotic,no_reliable_match,,,,,,,3,0.04,Klebsiella pneumoniae,True
ARO:3007230,MCR-1.34,protein homolog model,antibiotic target alteration; peptide antibiotic,no_reliable_match,,,,,,,1,0.01,Escherichia coli,True
ARO:3007232,MCR-1.27,protein homolog model,antibiotic target alteration; peptide antibiotic,no_reliable_match,,,,,,,1,0.01,Klebsiella pneumoniae,True
ARO:3007233,MCR-1.18,protein homolog model,antibiotic target alteration; peptide antibiotic,no_reliable_match,,,,,,,2,0.01,Escherichia coli,True
ARO:3007240,MCR-1.19,protein homolog model,antibiotic target alteration; peptide antibiotic,no_reliable_match,,,,,,,1,0.0,Salmonella enterica,True
ARO:3007249,MCR-3.14,protein homolog model,antibiotic target alteration; peptide antibiotic,no_reliable_match,,,,,,,1,0.0,Aeromonas veronii,True
ARO:3007251,MCR-3.38,protein homolog model,antibiotic target alteration; peptide antibiotic,no_reliable_match,,,,,,,1,0.54,Aeromonas caviae,True
ARO:3007253,MCR-3.27,protein homolog model,antibiotic target alteration; peptide antibiotic,no_reliable_match,,,,,,,2,1.61,Aeromonas caviae,True
ARO:3007254,MCR-3.32,protein homolog model,antibiotic target alteration; peptide antibiotic,no_reliable_match,,,,,,,1,0.56,Aeromonas veronii,True
ARO:3007256,MCR-3.23,protein homolog model,antibiotic target alteration; peptide antibiotic,no_reliable_match,,,,,,,1,0.01,Klebsiella pneumoniae,True
ARO:3007257,MCR-3.36,protein homolog model,antibiotic target alteration; peptide antibiotic,no_reliable_match,,,,,,,1,1.12,Aeromonas veronii,True
ARO:3007258,MCR-3.25,protein homolog model,antibiotic target alteration; peptide antibiotic,no_reliable_match,,,,,,,1,1.12,Aeromonas veronii,True
ARO:3007259,MCR-3.22,protein homolog model,antibiotic target alteration; peptide antibiotic,no_reliable_match,,,,,,,2,0.13,Klebsiella quasipneumoniae,True
ARO:3007260,MCR-3.16,protein homolog model,antibiotic target alteration; peptide antibiotic,no_reliable_match,,,,,,,1,1.08,Aeromonas caviae,True
ARO:3007261,MCR-3.26,protein homolog model,antibiotic target alteration; peptide antibiotic,no_reliable_match,,,,,,,1,0.0,Klebsiella pneumoniae,True
ARO:3007262,MCR-3.21,protein homolog model,antibiotic target alteration; peptide antibiotic,no_reliable_match,,,,,,,2,0.13,Klebsiella quasipneumoniae,True
ARO:3007263,MCR-3.18,protein homolog model,antibiotic target alteration; peptide antibiotic,no_reliable_match,,,,,,,1,1.61,Aeromonas caviae,True
ARO:3007264,MCR-3.40,protein homolog model,antibiotic target alteration; peptide antibiotic,no_reliable_match,,,,,,,1,0.0,Klebsiella pneumoniae,True
ARO:3007265,MCR-3.24,protein homolog model,antibiotic target alteration; peptide antibiotic,no_reliable_match,,,,,,,2,0.01,Salmonella enterica,True
ARO:3007266,MCR-3.20,protein homolog model,antibiotic target alteration; peptide antibiotic,no_reliable_match,,,,,,,2,0.01,Klebsiella pneumoniae,True
ARO:3007269,MCR-3.13,protein homolog model,antibiotic target alteration; peptide antibiotic,no_reliable_match,,,,,,,1,2.69,Aeromonas caviae,True
ARO:3007270,MCR-3.28,protein homolog model,antibiotic target alteration; peptide antibiotic,no_reliable_match,,,,,,,1,0.0,Klebsiella pneumoniae,True
ARO:3007271,MCR-3.39,protein homolog model,antibiotic target alteration; peptide antibiotic,no_reliable_match,,,,,,,2,0.01,Klebsiella pneumoniae,True
ARO:3007273,MCR-3.19,protein homolog model,antibiotic target alteration; peptide antibiotic,no_reliable_match,,,,,,,2,0.19,Citrobacter freundii,True
ARO:3007275,MCR-10.3,protein homolog model,antibiotic target alteration; peptide antibiotic,no_reliable_match,,,,,,,1,0.87,Enterobacter kobei,True
ARO:3007276,MCR-10.4,protein homolog model,antibiotic target alteration; peptide antibiotic,no_reliable_match,,,,,,,1,1.58,Enterobacter asburiae,True
ARO:3007277,MCR-10.2,protein homolog model,antibiotic target alteration; peptide antibiotic,no_reliable_match,,,,,,,1,0.44,Enterobacter kobei,True
ARO:3007278,MCR-3.17,protein homolog model,antibiotic target alteration; peptide antibiotic,no_reliable_match,,,,,,,2,1.12,Aeromonas veronii,True
ARO:3007280,MCR-1.26,protein homolog model,antibiotic target alteration; peptide antibiotic,no_reliable_match,,,,,,,2,1.09,Escherichia fergusonii,True
ARO:3007282,MCR-5.3,protein homolog model,antibiotic target alteration; peptide antibiotic,no_reliable_match,,,,,,,1,0.0,Escherichia coli,True
ARO:3007284,MCR-2.3,protein homolog model,antibiotic target alteration; peptide antibiotic,no_reliable_match,,,,,,,2,0.01,Escherichia coli,True
ARO:3007289,MCR-1.32,protein homolog model,antibiotic target alteration; peptide antibiotic,no_reliable_match,,,,,,,2,0.01,Escherichia coli,True
ARO:3007370,FosI,protein homolog model,antibiotic inactivation; phosphonic acid antibiotic,no_reliable_match,,,,,,,14,83.33,Pannonibacter phragmitetus,True
ARO:3007371,FosA8,protein homolog model,antibiotic inactivation; phosphonic acid antibiotic,no_reliable_match,,,,,,,58,100.0,Serratia odorifera,True
ARO:3007372,FosBx1,protein homolog model,antibiotic inactivation; phosphonic acid antibiotic,no_reliable_match,,,,,,,25,100.0,Bacillus tequilensis,True
ARO:3007381,KPC-86,protein homolog model,antibiotic inactivation; carbapenem; cephalosporin; monobactam; penam,no_reliable_match,,,,,,,1,0.01,Klebsiella pneumoniae,True
ARO:3007383,KPC-95,protein homolog model,antibiotic inactivation; carbapenem; cephalosporin; monobactam; penam,no_reliable_match,,,,,,,1,0.01,Klebsiella pneumoniae,True
ARO:3007402,KPC-94,protein homolog model,antibiotic inactivation; carbapenem; cephalosporin; monobactam; penam,no_reliable_match,,,,,,,1,0.01,Klebsiella pneumoniae,True
ARO:3007427,ThfT,protein homolog model,resistance by host-dependent nutrient acquisition; sulfonamide antibiotic,no_reliable_match,,,,,,,2,1.87,Streptococcus dysgalactiae,True
ARO:3007431,almF,protein homolog model,antibiotic target alteration; peptide antibiotic,no_reliable_match,,,,,,,3,96.0,Vibrio metoecus,True
ARO:3007433,almE,protein homolog model,antibiotic target alteration; peptide antibiotic,no_reliable_match,,,,,,,2,78.34,Vibrio cholerae,True
ARO:3007443,NDM-44,protein homolog model,antibiotic inactivation; carbapenem; cephalosporin; cephamycin; penam,no_reliable_match,,,,,,,1,0.0,Klebsiella pneumoniae,True
ARO:3007446,KPC-100,protein homolog model,antibiotic inactivation; carbapenem; cephalosporin; monobactam; penam,no_reliable_match,,,,,,,8,0.0,Aeromonas caviae,True
ARO:3007449,KPC-97,protein homolog model,antibiotic inactivation; carbapenem; cephalosporin; monobactam; penam,no_reliable_match,,,,,,,2,0.13,Serratia marcescens,True
ARO:3007450,KPC-98,protein homolog model,antibiotic inactivation; carbapenem; cephalosporin; monobactam; penam,no_reliable_match,,,,,,,1,0.01,Klebsiella pneumoniae,True
ARO:3007451,TEM-247,protein homolog model,antibiotic inactivation; cephalosporin; monobactam; penam; penem,no_reliable_match,,,,,,,10,1.09,Escherichia fergusonii,True
ARO:3007453,TEM-244,protein homolog model,antibiotic inactivation; cephalosporin; monobactam; penam; penem,no_reliable_match,,,,,,,2,0.01,Escherichia coli,True
ARO:3007454,TEM-245,protein homolog model,antibiotic inactivation; cephalosporin; monobactam; penam; penem,no_reliable_match,,,,,,,1,0.0,Escherichia coli,True
ARO:3007459,EstT,protein homolog model,antibiotic inactivation; glycylcycline; macrolide antibiotic; tetracycline antibiotic,no_reliable_match,,,,,,,10,100.0,Actinobacillus indolicus,True
ARO:3007460,IMP-91,protein homolog model,antibiotic inactivation; carbapenem; cephalosporin; cephamycin; penam; penem,no_reliable_match,,,,,,,1,0.01,Pseudomonas aeruginosa,True
ARO:3007461,IMP-96,protein homolog model,antibiotic inactivation; carbapenem; cephalosporin; cephamycin; penam; penem,no_reliable_match,,,,,,,1,0.0,Enterobacter hormaechei,True
ARO:3007463,IMP-93,protein homolog model,antibiotic inactivation; carbapenem; cephalosporin; cephamycin; penam; penem,no_reliable_match,,,,,,,1,0.03,Pseudomonas aeruginosa,True
ARO:3000464,Neisseria gonorrhoeae porin PIB (por),protein variant model,carbapenem; cephalosporin; cephamycin; monobactam; penam; penem; reduced permeability to antibiotic; tetracycline antibiotic,out_of_scope_chromosomal_point_mutation,,,,,,,1,44.11,Neisseria gonorrhoeae,True
ARO:3000817,mtrR,protein variant model,antibacterial free fatty acids; antibiotic efflux; macrolide antibiotic; penam,out_of_scope_chromosomal_point_mutation,,,,,,,2,11.56,Neisseria gonorrhoeae,True
ARO:3003041,Streptococcus pneumoniae PBP1a conferring resistance to amoxicillin,protein variant model,antibiotic target alteration; carbapenem; cephalosporin; cephamycin; monobactam; penam,out_of_scope_chromosomal_point_mutation,,,,,,,1,1.58,Streptococcus pneumoniae,True
ARO:3003074,Staphylococcus aureus cls conferring resistance to daptomycin,protein variant model,antibiotic target alteration; peptide antibiotic,out_of_scope_chromosomal_point_mutation,,,,,,,1,0.0,Staphylococcus aureus,True
ARO:3003092,Enterococcus faecium cls conferring resistance to daptomycin,protein variant model,antibiotic target alteration; peptide antibiotic,out_of_scope_chromosomal_point_mutation,,,,,,,1,0.54,Enterococcus faecium,True
ARO:3003283,Mycobacterium tuberculosis rpoB mutants conferring resistance to rifampicin,protein variant model,antibiotic target alteration; antibiotic target replacement; peptide antibiotic; rifamycin antibiotic,out_of_scope_chromosomal_point_mutation,,,,,,,1,72.2,Mycobacterium tuberculosis,True
ARO:3003285,Staphylococcus aureus rpoB mutants conferring resistance to rifampicin,protein variant model,antibiotic target alteration; antibiotic target replacement; peptide antibiotic; rifamycin antibiotic,out_of_scope_chromosomal_point_mutation,,,,,,,1,3.01,Staphylococcus aureus,True
ARO:3003288,Escherichia coli rpoB mutants conferring resistance to rifampicin,protein variant model,antibiotic target alteration; antibiotic target replacement; peptide antibiotic; rifamycin antibiotic,out_of_scope_chromosomal_point_mutation,,,,,,,7,0.44,Enterobacter kobei,True
ARO:3003294,Escherichia coli gyrA conferring resistance to fluoroquinolones,protein variant model,antibiotic target alteration; fluoroquinolone antibiotic; nybomycin-like antibiotic,out_of_scope_chromosomal_point_mutation,,,,,,,26,51.28,Citrobacter werkmanii,True
ARO:3003295,Mycobacterium tuberculosis gyrA conferring resistance to fluoroquinolones,protein variant model,antibiotic target alteration; fluoroquinolone antibiotic; nybomycin-like antibiotic,out_of_scope_chromosomal_point_mutation,,,,,,,2,10.26,Mycobacterium tuberculosis,True
ARO:3003296,Staphylococcus aureus gyrA conferring resistance to fluoroquinolones,protein variant model,antibiotic target alteration; fluoroquinolone antibiotic; nybomycin-like antibiotic,out_of_scope_chromosomal_point_mutation,,,,,,,3,27.28,Staphylococcus aureus,True
ARO:3003301,Staphylococcus aureus gyrB conferring resistance to aminocoumarin,protein variant model,aminocoumarin antibiotic; antibiotic target alteration,out_of_scope_chromosomal_point_mutation,,,,,,,5,73.77,Staphylococcus warneri,True
ARO:3003306,Morganella morganii gyrB conferring resistance to fluoroquinolones,protein variant model,aminocoumarin antibiotic; antibiotic target alteration; fluoroquinolone antibiotic,out_of_scope_chromosomal_point_mutation,,,,,,,19,100.0,Proteus columbae,True
ARO:3003307,Salmonella serovars gyrB conferring resistance to fluoroquinolones,protein variant model,aminocoumarin antibiotic; antibiotic target alteration; fluoroquinolone antibiotic,out_of_scope_chromosomal_point_mutation,,,,,,,16,17.95,Citrobacter werkmanii,True
ARO:3003308,Escherichia coli parC conferring resistance to fluoroquinolones,protein variant model,antibiotic target alteration; fluoroquinolone antibiotic,out_of_scope_chromosomal_point_mutation,,,,,,,15,35.9,Citrobacter werkmanii,True
ARO:3003311,Streptococcus pneumoniae parC conferring resistance to fluoroquinolones,protein variant model,antibiotic target alteration; fluoroquinolone antibiotic,out_of_scope_chromosomal_point_mutation,,,,,,,3,1.52,Streptococcus mitis,True
ARO:3003312,Staphylococcus aureus parC conferring resistance to fluoroquinolones,protein variant model,antibiotic target alteration; fluoroquinolone antibiotic,out_of_scope_chromosomal_point_mutation,,,,,,,1,29.81,Staphylococcus aureus,True
ARO:3003315,Staphylococcus aureus parE conferring resistance to fluoroquinolones,protein variant model,antibiotic target alteration; fluoroquinolone antibiotic,out_of_scope_chromosomal_point_mutation,,,,,,,3,2.29,Staphylococcus aureus,True
ARO:3003316,Escherichia coli parE conferring resistance to fluoroquinolones,protein variant model,antibiotic target alteration; fluoroquinolone antibiotic,out_of_scope_chromosomal_point_mutation,,,,,,,11,96.0,Vibrio metoecus,True
ARO:3003317,Salmonella serovars parE conferring resistance to fluoroquinolones,protein variant model,antibiotic target alteration; fluoroquinolone antibiotic,out_of_scope_chromosomal_point_mutation,,,,,,,1,0.01,Escherichia coli,True
ARO:3003323,Staphylococcus aureus pgsA mutations conferring resistance to daptomycin,protein variant model,antibiotic target alteration; peptide antibiotic,out_of_scope_chromosomal_point_mutation,,,,,,,1,0.49,Staphylococcus hominis,True
ARO:3003326,Mycobacterium tuberculosis embB mutant conferring resistance to ethambutol,protein variant model,antibiotic target alteration; polyamine antibiotic,out_of_scope_chromosomal_point_mutation,,,,,,,1,26.92,Mycobacterium tuberculosis,True
ARO:3003327,Mycobacterium tuberculosis embC mutant conferring resistance to ethambutol,protein variant model,antibiotic target alteration; polyamine antibiotic,out_of_scope_chromosomal_point_mutation,,,,,,,1,21.53,Mycobacterium tuberculosis,True
ARO:3003361,Planobispora rosea EF-Tu mutants conferring resistance to inhibitor GE2270A,protein variant model,antibiotic target alteration; elfamycin antibiotic,out_of_scope_chromosomal_point_mutation,,,,,,,1,0.01,Klebsiella pneumoniae,True
ARO:3003368,Escherichia coli EF-Tu mutants conferring resistance to kirromycin,protein variant model,antibiotic target alteration; elfamycin antibiotic,out_of_scope_chromosomal_point_mutation,,,,,,,1,0.22,Cronobacter sakazakii,True
ARO:3003369,Escherichia coli EF-Tu mutants conferring resistance to Pulvomycin,protein variant model,antibiotic target alteration; elfamycin antibiotic,out_of_scope_chromosomal_point_mutation,,,,,,,83,100.0,Actinobacillus indolicus,True
ARO:3003370,Escherichia coli EF-Tu mutants conferring resistance to Enacyloxin IIa,protein variant model,antibiotic target alteration; elfamycin antibiotic,out_of_scope_chromosomal_point_mutation,,,,,,,1,0.01,Klebsiella pneumoniae,True
ARO:3003373,Klebsiella pneumoniae acrR with mutation conferring multidrug antibiotic resistance,protein variant model,antibiotic efflux; antibiotic target alteration; cephalosporin; disinfecting agents and antiseptics; fluoroquinolone antibiotic; glycylcycline; penam; phenicol antibiotic; rifamycin antibiotic; tetracycline antibiotic,out_of_scope_chromosomal_point_mutation,,,,,,,2,73.03,Klebsiella quasipneumoniae,True
ARO:3003379,Salmonella enterica ramR mutants,protein variant model,antibiotic efflux; antibiotic target alteration; cephalosporin; disinfecting agents and antiseptics; fluoroquinolone antibiotic; glycylcycline; penam; phenicol antibiotic; rifamycin antibiotic; tetracycline antibiotic,out_of_scope_chromosomal_point_mutation,,,,,,,1,0.11,Salmonella enterica,True
ARO:3003380,Klebsiella pneumoniae ramR mutants,protein variant model,antibiotic efflux; antibiotic target alteration; cephalosporin; disinfecting agents and antiseptics; fluoroquinolone antibiotic; glycylcycline; penam; phenicol antibiotic; rifamycin antibiotic; tetracycline antibiotic,out_of_scope_chromosomal_point_mutation,,,,,,,2,4.67,Klebsiella pneumoniae,True
ARO:3003386,Escherichia coli folP with mutation conferring resistance to sulfonamides,protein variant model,antibiotic target alteration; sulfonamide antibiotic; sulfone antibiotic,out_of_scope_chromosomal_point_mutation,,,,,,,5,0.42,Klebsiella oxytoca,True
ARO:3003390,Escherichia coli ompF with mutation conferring resistance to beta-lactam antibiotics,protein variant model,carbapenem; cephalosporin; cephamycin; monobactam; penam; penem; reduced permeability to antibiotic,out_of_scope_chromosomal_point_mutation,,,,,,,1,0.01,Escherichia coli,True
ARO:3003392,Mycobacterium tuberculosis katG mutations conferring resistance to isoniazid,protein variant model,antibiotic target alteration; isoniazid-like antibiotic,out_of_scope_chromosomal_point_mutation,,,,,,,1,67.43,Mycobacterium tuberculosis,True
ARO:3003393,Mycobacterium tuberculosis inhA mutations conferring resistance to isoniazid,protein variant model,antibiotic target alteration; disinfecting agents and antiseptics; isoniazid-like antibiotic,out_of_scope_chromosomal_point_mutation,,,,,,,1,2.02,Mycobacterium tuberculosis,True
ARO:3003394,Mycobacterium tuberculosis pncA mutations conferring resistance to pyrazinamide,protein variant model,antibiotic target alteration; pyrazine antibiotic,out_of_scope_chromosomal_point_mutation,,,,,,,1,8.58,Mycobacterium tuberculosis,True
ARO:3003395,Mycobacterium tuberculosis rpsL mutations conferring resistance to Streptomycin,protein variant model,aminoglycoside antibiotic; antibiotic target alteration,out_of_scope_chromosomal_point_mutation,,,,,,,13,31.58,Corynebacterium jeikeium,True
ARO:3003445,Mycobacterium tuberculosis tlyA mutations conferring resistance to aminoglycosides,protein variant model,aminoglycoside antibiotic; antibiotic target alteration,out_of_scope_chromosomal_point_mutation,,,,,,,1,0.03,Mycobacterium tuberculosis,True
ARO:3003451,Mycobacterium tuberculosis iniC mutant conferring resistance to ethambutol,protein variant model,antibiotic efflux; antibiotic target alteration; polyamine antibiotic,out_of_scope_chromosomal_point_mutation,,,,,,,1,0.17,Mycobacterium tuberculosis,True
ARO:3003453,Mycobacterium tuberculosis embA mutant conferring resistance to ethambutol,protein variant model,antibiotic target alteration; polyamine antibiotic,out_of_scope_chromosomal_point_mutation,,,,,,,1,2.23,Mycobacterium tuberculosis,True
ARO:3003455,Mycobacterium tuberculosis embR mutant conferring resistance to ethambutol,protein variant model,antibiotic target alteration; polyamine antibiotic,out_of_scope_chromosomal_point_mutation,,,,,,,1,2.0,Mycobacterium tuberculosis,True
ARO:3003458,Mycobacterium tuberculosis ethA with mutation conferring resistance to ethionamide,protein variant model,antibiotic target alteration; isoniazid-like antibiotic; thioamide antibiotic,out_of_scope_chromosomal_point_mutation,,,,,,,2,77.36,Mycobacterium marinum,True
ARO:3003459,Mycobacterium tuberculosis gyrB mutant conferring resistance to fluoroquinolones,protein variant model,aminocoumarin antibiotic; antibiotic target alteration; fluoroquinolone antibiotic,out_of_scope_chromosomal_point_mutation,,,,,,,2,1.4,Mycobacterium tuberculosis,True
ARO:3003461,Mycobacterium tuberculosis ndh with mutation conferring resistance to isoniazid,protein variant model,antibiotic target alteration; isoniazid-like antibiotic,out_of_scope_chromosomal_point_mutation,,,,,,,1,2.06,Mycobacterium tuberculosis,True
ARO:3003463,Mycobacterium tuberculosis kasA mutant conferring resistance to isoniazid,protein variant model,antibiotic target alteration; disinfecting agents and antiseptics; isoniazid-like antibiotic,out_of_scope_chromosomal_point_mutation,,,,,,,1,15.85,Mycobacterium tuberculosis,True
ARO:3003470,Mycobacterium tuberculosis gidB mutation conferring resistance to streptomycin,protein variant model,aminoglycoside antibiotic; antibiotic target alteration,out_of_scope_chromosomal_point_mutation,,,,,,,1,3.07,Mycobacterium tuberculosis,True
ARO:3003582,basR,protein variant model,antibiotic efflux; antibiotic target alteration; peptide antibiotic,out_of_scope_chromosomal_point_mutation,,,,,,,2,50.26,Pseudomonas aeruginosa,True
ARO:3003585,Klebsiella mutant PhoP conferring antibiotic resistance to colistin,protein variant model,antibiotic efflux; antibiotic target alteration; macrolide antibiotic; peptide antibiotic; resistance by absence,out_of_scope_chromosomal_point_mutation,,,,,,,1,0.01,Klebsiella pneumoniae,True
ARO:3003684,Pseudomonas aeruginosa gyrA conferring resistance to fluoroquinolones,protein variant model,antibiotic target alteration; fluoroquinolone antibiotic; nybomycin-like antibiotic,out_of_scope_chromosomal_point_mutation,,,,,,,5,20.87,Pseudomonas aeruginosa,True
ARO:3003685,Pseudomonas aeruginosa parE conferring resistance to fluoroquinolones,protein variant model,antibiotic target alteration; fluoroquinolone antibiotic,out_of_scope_chromosomal_point_mutation,,,,,,,1,1.67,Pseudomonas aeruginosa,True
ARO:3003729,Staphylococcus aureus ileS with mutation conferring resistance to mupirocin,protein variant model,antibiotic target alteration; mupirocin-like antibiotic,out_of_scope_chromosomal_point_mutation,,,,,,,1,1.82,Staphylococcus aureus,True
ARO:3003735,Staphylococcus aureus fusA with mutation conferring resistance to fusidic acid,protein variant model,antibiotic target alteration; fusidane antibiotic,out_of_scope_chromosomal_point_mutation,,,,,,,1,1.13,Staphylococcus aureus,True
ARO:3003751,Escherichia coli nfsA mutations conferring resistance to nitrofurantoin,protein variant model,antibiotic target alteration; nitrofuran antibiotic,out_of_scope_chromosomal_point_mutation,,,,,,,5,1.28,Enterobacter cloacae,True
ARO:3003760,Enterococcus faecalis cls with mutation conferring resistance to daptomycin,protein variant model,antibiotic target alteration; peptide antibiotic,out_of_scope_chromosomal_point_mutation,,,,,,,1,0.04,Enterococcus faecalis,True
ARO:3003776,Staphylococcus aureus murA with mutation conferring resistance to fosfomycin,protein variant model,antibiotic target alteration; phosphonic acid antibiotic,out_of_scope_chromosomal_point_mutation,,,,,,,1,25.09,Staphylococcus aureus,True
ARO:3003784,Mycobacterium tuberculosis intrinsic murA conferring resistance to fosfomycin,protein variant model,antibiotic target alteration; phosphonic acid antibiotic,out_of_scope_chromosomal_point_mutation,,,,,,,11,100.0,Mycobacterium leprae,True
ARO:3003789,Campylobacter jejuni gyrA conferring resistance to fluoroquinolones,protein variant model,antibiotic target alteration; fluoroquinolone antibiotic; nybomycin-like antibiotic,out_of_scope_chromosomal_point_mutation,,,,,,,6,22.51,Campylobacter jejuni,True
ARO:3003791,Enterococcus faecalis liaS mutant conferring daptomycin resistance,protein variant model,antibiotic efflux; antibiotic target alteration; peptide antibiotic,out_of_scope_chromosomal_point_mutation,,,,,,,1,0.16,Enterococcus faecalis,True
ARO:3003794,Staphylococcus aureus walK with mutation conferring resistance to daptomycin,protein variant model,antibiotic target alteration; peptide antibiotic,out_of_scope_chromosomal_point_mutation,,,,,,,1,0.01,Staphylococcus aureus,True
ARO:3003805,Enterococcus faecalis gshF with mutation conferring daptomycin resistance,protein variant model,antibiotic target alteration; peptide antibiotic,out_of_scope_chromosomal_point_mutation,,,,,,,1,0.45,Enterococcus faecalis,True
ARO:3003817,Acinetobacter baumannii gyrA conferring resistance to fluoroquinolones,protein variant model,antibiotic target alteration; fluoroquinolone antibiotic; nybomycin-like antibiotic,out_of_scope_chromosomal_point_mutation,,,,,,,4,57.63,Acinetobacter baumannii,True
ARO:3003818,Acinetobacter baumannii parC conferring resistance to fluoroquinolones,protein variant model,antibiotic target alteration; fluoroquinolone antibiotic,out_of_scope_chromosomal_point_mutation,,,,,,,3,73.56,Acinetobacter nosocomialis,True
ARO:3003889,Escherichia coli GlpT with mutation conferring resistance to fosfomycin,protein variant model,antibiotic target alteration; phosphonic acid antibiotic,out_of_scope_chromosomal_point_mutation,,,,,,,28,100.0,Citrobacter youngae,True
ARO:3003890,Escherichia coli UhpT with mutation conferring resistance to fosfomycin,protein variant model,antibiotic target alteration; phosphonic acid antibiotic,out_of_scope_chromosomal_point_mutation,,,,,,,30,100.0,Citrobacter youngae,True
ARO:3003893,Escherichia coli UhpA with mutation conferring resistance to fosfomycin,protein variant model,antibiotic target alteration; phosphonic acid antibiotic,out_of_scope_chromosomal_point_mutation,,,,,,,1,0.0,Escherichia albertii,True
ARO:3003895,Pseudomonas mutant PhoP conferring resistance to colistin,protein variant model,antibiotic efflux; antibiotic target alteration; macrolide antibiotic; peptide antibiotic; resistance by absence,out_of_scope_chromosomal_point_mutation,,,,,,,1,0.03,Pseudomonas aeruginosa,True
ARO:3003896,Pseudomonas mutant PhoQ conferring resistance to colistin,protein variant model,antibiotic efflux; antibiotic target alteration; macrolide antibiotic; peptide antibiotic; resistance by absence,out_of_scope_chromosomal_point_mutation,,,,,,,1,0.09,Pseudomonas aeruginosa,True
ARO:3003900,Escherichia coli CyaA with mutation conferring resistance to fosfomycin,protein variant model,antibiotic target alteration; phosphonic acid antibiotic,out_of_scope_chromosomal_point_mutation,,,,,,,5,50.0,Escherichia fergusonii,True
ARO:3003901,Staphylococcus aureus GlpT with mutation conferring resistance to fosfomycin,protein variant model,antibiotic target alteration; phosphonic acid antibiotic,out_of_scope_chromosomal_point_mutation,,,,,,,4,76.27,Staphylococcus simulans,True
ARO:3003902,Staphylococcus aureus UhpT with mutation conferring resistance to fosfomycin,protein variant model,antibiotic target alteration; phosphonic acid antibiotic,out_of_scope_chromosomal_point_mutation,,,,,,,1,0.06,Staphylococcus aureus,True
ARO:3003924,Haemophilus parainfluenzae gyrA conferring resistance to fluoroquinolones,protein variant model,antibiotic target alteration; fluoroquinolone antibiotic; nybomycin-like antibiotic,out_of_scope_chromosomal_point_mutation,,,,,,,1,0.4,Haemophilus influenzae,True
ARO:3003926,Salmonella enterica gyrA conferring resistance to fluoroquinolones,protein variant model,antibiotic target alteration; fluoroquinolone antibiotic; nybomycin-like antibiotic,out_of_scope_chromosomal_point_mutation,,,,,,,15,12.6,Enterobacter hormaechei,True
ARO:3003928,Neisseria gonorrhoeae gyrA conferring resistance to fluoroquinolones,protein variant model,antibiotic target alteration; fluoroquinolone antibiotic; nybomycin-like antibiotic,out_of_scope_chromosomal_point_mutation,,,,,,,3,41.56,Neisseria gonorrhoeae,True
ARO:3003929,Neisseria gonorrhoeae parC conferring resistance to fluoroquinolones,protein variant model,antibiotic target alteration; fluoroquinolone antibiotic,out_of_scope_chromosomal_point_mutation,,,,,,,2,37.0,Neisseria gonorrhoeae,True
ARO:3003930,rpsJ,protein variant model,antibiotic target protection; tetracycline antibiotic,out_of_scope_chromosomal_point_mutation,,,,,,,3,100.0,Neisseria brasiliensis,True
ARO:3003937,Neisseria meningititis PBP2 conferring resistance to beta-lactam,protein variant model,antibiotic target alteration; carbapenem; cephalosporin; cephamycin; monobactam; penam,out_of_scope_chromosomal_point_mutation,,,,,,,2,19.65,Neisseria meningitidis,True
ARO:3003939,Salmonella enterica parC conferring resistance to fluoroquinolones,protein variant model,antibiotic target alteration; fluoroquinolone antibiotic,out_of_scope_chromosomal_point_mutation,,,,,,,1,0.01,Salmonella enterica,True
ARO:3003974,Cutibacterium acnes gyrA conferring resistance to fluoroquinolones,protein variant model,antibiotic target alteration; fluoroquinolone antibiotic; nybomycin-like antibiotic,out_of_scope_chromosomal_point_mutation,,,,,,,1,0.53,Cutibacterium acnes,True
ARO:3004045,Escherichia coli fabI mutations conferring resistance to isoniazid and triclosan,protein variant model,antibiotic target alteration; disinfecting agents and antiseptics; isoniazid-like antibiotic,out_of_scope_chromosomal_point_mutation,,,,,,,10,94.12,Pectobacterium parmentieri,True
ARO:3004145,AxyZ,protein variant model,aminoglycoside antibiotic; antibiotic efflux; antibiotic target alteration; cephalosporin; fluoroquinolone antibiotic; macrolide antibiotic,out_of_scope_chromosomal_point_mutation,,,,,,,1,10.69,Achromobacter xylosoxidans,True
ARO:3004153,Mycobacterium tuberculosis thyA with mutation conferring resistance to para-aminosalicylic acid,protein variant model,antibiotic target alteration; salicylic acid antibiotic,out_of_scope_chromosomal_point_mutation,,,,,,,1,22.61,Mycobacterium tuberculosis,True
ARO:3004157,Mycobacterium tuberculosis folC with mutation conferring resistance to para-aminosalicylic acid,protein variant model,antibiotic target alteration; salicylic acid antibiotic,out_of_scope_chromosomal_point_mutation,,,,,,,8,100.0,Mycobacterium leprae,True
ARO:3004184,Mycobacterium tuberculosis ribD with mutation conferring resistance to para-aminosalicylic acid,protein variant model,antibiotic target replacement; salicylic acid antibiotic,out_of_scope_chromosomal_point_mutation,,,,,,,2,100.0,Mycobacterium ulcerans,True
ARO:3004334,Salmonella enterica gyrA with mutation conferring resistance to triclosan,protein variant model,antibiotic target alteration; disinfecting agents and antiseptics,out_of_scope_chromosomal_point_mutation,,,,,,,11,6.17,Klebsiella pneumoniae,True
ARO:3004335,Escherichia coli gyrA with mutation conferring resistance to triclosan,protein variant model,antibiotic target alteration; disinfecting agents and antiseptics,out_of_scope_chromosomal_point_mutation,,,,,,,5,6.06,Shigella sonnei,True
ARO:3004446,Haemophilus influenzae PBP3 conferring resistance to beta-lactam antibiotics,protein variant model,antibiotic target alteration; carbapenem; cephalosporin; cephamycin; monobactam; penam,out_of_scope_chromosomal_point_mutation,,,,,,,72,100.0,Actinobacillus indolicus,True
ARO:3004562,Clostridioides difficile gyrB conferring resistance to fluoroquinolones,protein variant model,aminocoumarin antibiotic; antibiotic target alteration; fluoroquinolone antibiotic,out_of_scope_chromosomal_point_mutation,,,,,,,4,100.0,Clostridium tetani,True
ARO:3004832,Neisseria gonorrhoeae PBP2 conferring resistance to beta-lactam antibiotics,protein variant model,antibiotic target alteration; carbapenem; cephalosporin; cephamycin; monobactam; penam,out_of_scope_chromosomal_point_mutation,,,,,,,2,69.22,Neisseria gonorrhoeae,True
ARO:3004833,Neisseria gonorrhoeae PBP1 conferring resistance to beta-lactam antibiotics,protein variant model,antibiotic target alteration; carbapenem; cephalosporin; cephamycin; monobactam; penam,out_of_scope_chromosomal_point_mutation,,,,,,,1,46.89,Neisseria gonorrhoeae,True
ARO:3004851,Neisseria gonorrhoeae mtrR with mutation conferring resistance,protein variant model,antibiotic efflux; macrolide antibiotic,out_of_scope_chromosomal_point_mutation,,,,,,,1,13.44,Neisseria gonorrhoeae,True
ARO:3005105,Mycobacterium tuberculosis ethA mutations conferring resistance to isoniazid,protein variant model,antibiotic target alteration; isoniazid-like antibiotic; thioamide antibiotic,out_of_scope_chromosomal_point_mutation,,,,,,,1,0.74,Mycobacterium tuberculosis,True
ARO:3007051,Helicobacter pylori rpoB mutation conferring resistance to rifampicin,protein variant model,antibiotic target alteration; antibiotic target replacement; fluoroquinolone antibiotic; peptide antibiotic; rifamycin antibiotic,out_of_scope_chromosomal_point_mutation,,,,,,,1,48.76,Helicobacter pylori,True
ARO:3007052,Helicobacter pylori gyrA conferring resistance to fluoroquinolones,protein variant model,antibiotic target alteration; fluoroquinolone antibiotic; nybomycin-like antibiotic,out_of_scope_chromosomal_point_mutation,,,,,,,1,18.84,Helicobacter pylori,True
ARO:3007053,Helicobacter pylori gyrB conferring resistance to fluoroquinolones,protein variant model,aminocoumarin antibiotic; antibiotic target alteration; fluoroquinolone antibiotic,out_of_scope_chromosomal_point_mutation,,,,,,,1,0.11,Helicobacter pylori,True
ARO:3007055,Helicobacter pylori rdxA mutation conferring resistance to metronidazole,protein variant model,antibiotic target alteration; nitroimidazole antibiotic,out_of_scope_chromosomal_point_mutation,,,,,,,1,52.48,Helicobacter pylori,True
ARO:3007057,Helicobacter pylori pbp3 conferring resistance to amoxicillin,protein variant model,antibiotic target alteration; carbapenem; cephalosporin; cephamycin; monobactam; penam,out_of_scope_chromosomal_point_mutation,,,,,,,1,8.23,Helicobacter pylori,True
ARO:3007058,Helicobacter pylori pbp2 mutants conferring resistance to amoxicillin,protein variant model,antibiotic target alteration; carbapenem; cephalosporin; cephamycin; monobactam; penam,out_of_scope_chromosomal_point_mutation,,,,,,,1,75.46,Helicobacter pylori,True
ARO:3007059,Helicobacter pylori frxA mutation conferring resistance to metronidazole,protein variant model,antibiotic target alteration; nitroimidazole antibiotic,out_of_scope_chromosomal_point_mutation,,,,,,,1,28.85,Helicobacter pylori,True
ARO:3007073,Bacillus subtilis rpoB mutants conferring resistance to rifampin,protein variant model,antibiotic target alteration; antibiotic target replacement; peptide antibiotic; rifamycin antibiotic,out_of_scope_chromosomal_point_mutation,,,,,,,2,0.37,Bacillus velezensis,True
ARO:3007185,Mycobacterium tuberculosis Rv1258c mutations confer resistance to ethambutol and capreomycin,protein variant model,aminoglycoside antibiotic; antibiotic target alteration; isoniazid-like antibiotic; polyamine antibiotic; pyrazine antibiotic,out_of_scope_chromosomal_point_mutation,,,,,,,1,0.18,Mycobacterium tuberculosis,True
ARO:3007186,"Mycobacterium tuberculosis Rv1258c mutations confer resistance to pyrazinamide, isoniazid, and streptomycin",protein variant model,aminoglycoside antibiotic; antibiotic target alteration; isoniazid-like antibiotic; polyamine antibiotic; pyrazine antibiotic,out_of_scope_chromosomal_point_mutation,,,,,,,1,0.11,Mycobacterium tuberculosis,True
ARO:3007203,Klebsiella pneumoniae mutant PhoQ conferring resistance to colistin,protein variant model,antibiotic efflux; antibiotic target alteration; macrolide antibiotic; peptide antibiotic; resistance by absence,out_of_scope_chromosomal_point_mutation,,,,,,,1,0.06,Klebsiella pneumoniae,True
ARO:3007473,Mycobacterium avium gyrA with mutation conferring resistance to Fluoroquinolone,protein variant model,antibiotic target alteration; fluoroquinolone antibiotic; nybomycin-like antibiotic,out_of_scope_chromosomal_point_mutation,,,,,,,5,60.0,Corynebacterium urealyticum,True
ARO:3003333,Escherichia coli 16S rRNA (rrsC) mutation conferring resistance to kasugamicin,rRNA gene variant model,aminoglycoside antibiotic; antibiotic target alteration; glycopeptide antibiotic; glycylcycline; nucleoside antibiotic; peptide antibiotic; tetracycline antibiotic,out_of_scope_rRNA_mutation,,,,,,,2,0.02,Escherichia coli,True
ARO:3003436,Mycobacterium tuberculosis 16S rRNA mutation conferring resistance to kanamycin,rRNA gene variant model,aminoglycoside antibiotic; antibiotic target alteration; glycopeptide antibiotic; glycylcycline; nucleoside antibiotic; peptide antibiotic; tetracycline antibiotic,out_of_scope_rRNA_mutation,,,,,,,1,8.88,Mycobacterium tuberculosis,True
ARO:3003437,Mycobacterium tuberculosis 16S rRNA mutation conferring resistance to viomycin,rRNA gene variant model,aminoglycoside antibiotic; antibiotic target alteration; glycopeptide antibiotic; glycylcycline; nucleoside antibiotic; peptide antibiotic; tetracycline antibiotic,out_of_scope_rRNA_mutation,,,,,,,1,8.88,Mycobacterium tuberculosis,True
ARO:3003480,Mycobacterium tuberculosis 16S rRNA mutation conferring resistance to streptomycin,rRNA gene variant model,aminoglycoside antibiotic; antibiotic target alteration; glycopeptide antibiotic; glycylcycline; nucleoside antibiotic; peptide antibiotic; tetracycline antibiotic,out_of_scope_rRNA_mutation,,,,,,,1,10.16,Mycobacterium tuberculosis,True
ARO:3003481,Mycobacterium tuberculosis 16S rRNA mutation conferring resistance to amikacin,rRNA gene variant model,aminoglycoside antibiotic; antibiotic target alteration; glycopeptide antibiotic; glycylcycline; nucleoside antibiotic; peptide antibiotic; tetracycline antibiotic,out_of_scope_rRNA_mutation,,,,,,,1,8.88,Mycobacterium tuberculosis,True
ARO:3003493,Pasteurella multocida 16S rRNA mutation conferring resistance to spectinomycin,rRNA gene variant model,aminoglycoside antibiotic; antibiotic target alteration; glycopeptide antibiotic; glycylcycline; nucleoside antibiotic; peptide antibiotic; tetracycline antibiotic,out_of_scope_rRNA_mutation,,,,,,,1,0.75,Pasteurella multocida,True
ARO:3003497,Neisseria meningitidis 16S rRNA mutation conferring resistance to spectinomycin,rRNA gene variant model,aminoglycoside antibiotic; antibiotic target alteration; glycopeptide antibiotic; glycylcycline; nucleoside antibiotic; peptide antibiotic; tetracycline antibiotic,out_of_scope_rRNA_mutation,,,,,,,1,0.11,Neisseria gonorrhoeae,True
ARO:3003499,Cutibacterium acnes 16S rRNA mutation conferring resistance to tetracycline,rRNA gene variant model,aminoglycoside antibiotic; antibiotic target alteration; glycopeptide antibiotic; glycylcycline; nucleoside antibiotic; peptide antibiotic; tetracycline antibiotic,out_of_scope_rRNA_mutation,,,,,,,1,4.5,Cutibacterium acnes,True
ARO:3004058,Staphylococcus aureus 23S rRNA with mutation conferring resistance to linezolid,rRNA gene variant model,antibiotic target alteration; glycopeptide antibiotic; lincosamide antibiotic; macrolide antibiotic; oxazolidinone antibiotic; phenicol antibiotic; pleuromutilin antibiotic; streptogramin A antibiotic; streptogramin antibiotic; streptogramin B antibiotic,out_of_scope_rRNA_mutation,,,,,,,4,1.27,Staphylococcus capitis,True
ARO:3004131,Escherichia coli 23S rRNA with mutation conferring resistance to erythromycin and telithromycin,rRNA gene variant model,antibiotic target alteration; glycopeptide antibiotic; lincosamide antibiotic; macrolide antibiotic; phenicol antibiotic; pleuromutilin antibiotic; streptogramin A antibiotic; streptogramin antibiotic; streptogramin B antibiotic,out_of_scope_rRNA_mutation,,,,,,,2,0.03,Escherichia coli,True
ARO:3004134,Helicobacter pylori 23S rRNA with mutation conferring resistance to clarithromycin,rRNA gene variant model,antibiotic target alteration; glycopeptide antibiotic; lincosamide antibiotic; macrolide antibiotic; phenicol antibiotic; pleuromutilin antibiotic; streptogramin A antibiotic; streptogramin antibiotic; streptogramin B antibiotic,out_of_scope_rRNA_mutation,,,,,,,3,75.4,Helicobacter pylori,True
ARO:3004149,Escherichia coli 23S rRNA with mutation conferring resistance to clindamycin,rRNA gene variant model,antibiotic target alteration; glycopeptide antibiotic; lincosamide antibiotic; macrolide antibiotic; phenicol antibiotic; pleuromutilin antibiotic; streptogramin A antibiotic; streptogramin antibiotic; streptogramin B antibiotic,out_of_scope_rRNA_mutation,,,,,,,2,0.07,Shigella sonnei,True
ARO:3004161,Propionibacteria 23S rRNA with mutation conferring resistance to macrolide antibiotics,rRNA gene variant model,antibiotic target alteration; glycopeptide antibiotic; lincosamide antibiotic; macrolide antibiotic; phenicol antibiotic; pleuromutilin antibiotic; streptogramin A antibiotic; streptogramin antibiotic; streptogramin B antibiotic,out_of_scope_rRNA_mutation,,,,,,,1,97.44,Propionibacterium freudenreichii,True
ARO:3004164,Mycobacterium avium 23S rRNA with mutation conferring resistance to clarithromycin,rRNA gene variant model,antibiotic target alteration; glycopeptide antibiotic; lincosamide antibiotic; macrolide antibiotic; phenicol antibiotic; pleuromutilin antibiotic; streptogramin A antibiotic; streptogramin antibiotic; streptogramin B antibiotic,out_of_scope_rRNA_mutation,,,,,,,1,88.04,Mycobacterium avium,True
ARO:3004166,Mycobacterium intracellulare 23S rRNA with mutation conferring resistance to clarithromycin,rRNA gene variant model,antibiotic target alteration; glycopeptide antibiotic; lincosamide antibiotic; macrolide antibiotic; phenicol antibiotic; pleuromutilin antibiotic; streptogramin A antibiotic; streptogramin antibiotic; streptogramin B antibiotic,out_of_scope_rRNA_mutation,,,,,,,1,6.12,Mycobacterium intracellulare,True
ARO:3004173,Escherichia coli 23S rRNA with mutation conferring resistance to oxazolidinone antibiotics,rRNA gene variant model,antibiotic target alteration; glycopeptide antibiotic; lincosamide antibiotic; macrolide antibiotic; oxazolidinone antibiotic; phenicol antibiotic; pleuromutilin antibiotic; streptogramin A antibiotic; streptogramin antibiotic; streptogramin B antibiotic,out_of_scope_rRNA_mutation,,,,,,,2,0.07,Shigella sonnei,True
ARO:3004174,Chlamydia trachomatis 23S rRNA with mutation conferring resistance to macrolide antibiotics,rRNA gene variant model,antibiotic target alteration; glycopeptide antibiotic; lincosamide antibiotic; macrolide antibiotic; phenicol antibiotic; pleuromutilin antibiotic; streptogramin A antibiotic; streptogramin antibiotic; streptogramin B antibiotic,out_of_scope_rRNA_mutation,,,,,,,2,91.3,Chlamydia suis,True
ARO:3004179,Mycoplasma pneumoniae 23S rRNA mutation conferring resistance to erythromycin,rRNA gene variant model,antibiotic target alteration; glycopeptide antibiotic; lincosamide antibiotic; macrolide antibiotic; phenicol antibiotic; pleuromutilin antibiotic; streptogramin A antibiotic; streptogramin antibiotic; streptogramin B antibiotic,out_of_scope_rRNA_mutation,,,,,,,1,22.12,Mycoplasma pneumoniae,True
ARO:3004546,Campylobacter jejuni 23S rRNA with mutation conferring resistance to erythromycin,rRNA gene variant model,antibiotic target alteration; glycopeptide antibiotic; lincosamide antibiotic; macrolide antibiotic; phenicol antibiotic; pleuromutilin antibiotic; streptogramin A antibiotic; streptogramin antibiotic; streptogramin B antibiotic,out_of_scope_rRNA_mutation,,,,,,,2,2.02,Campylobacter coli,True
ARO:3004616,Mycoplasma genitalium 23S rRNA mutations confers resistance to fluoroquinolone and macrolide antibiotics,rRNA gene variant model,antibiotic target alteration; fluoroquinolone antibiotic; glycopeptide antibiotic; lincosamide antibiotic; macrolide antibiotic; phenicol antibiotic; pleuromutilin antibiotic; streptogramin A antibiotic; streptogramin antibiotic; streptogramin B antibiotic,out_of_scope_rRNA_mutation,,,,,,,2,25.66,Mycoplasma pneumoniae,True
ARO:3004654,Clostridioides difficile 23S rRNA with mutation conferring resistance to erythromycin and clindamycin,rRNA gene variant model,antibiotic target alteration; glycopeptide antibiotic; lincosamide antibiotic; macrolide antibiotic; phenicol antibiotic; pleuromutilin antibiotic; streptogramin A antibiotic; streptogramin antibiotic; streptogramin B antibiotic,out_of_scope_rRNA_mutation,,,,,,,5,4.17,Chlamydia psittaci,True
ARO:3004836,Neisseria gonorrhoeae 23S rRNA with mutation conferring resistance to azithromycin,rRNA gene variant model,antibiotic target alteration; glycopeptide antibiotic; lincosamide antibiotic; macrolide antibiotic; phenicol antibiotic; pleuromutilin antibiotic; streptogramin A antibiotic; streptogramin antibiotic; streptogramin B antibiotic,out_of_scope_rRNA_mutation,,,,,,,1,0.56,Neisseria gonorrhoeae,True
ARO:3004853,Mycobacterium tuberculosis 16S rRNA mutation conferring resistance to capreomycin,rRNA gene variant model,aminoglycoside antibiotic; antibiotic target alteration; glycopeptide antibiotic; glycylcycline; nucleoside antibiotic; peptide antibiotic; tetracycline antibiotic,out_of_scope_rRNA_mutation,,,,,,,1,8.88,Mycobacterium tuberculosis,True
ARO:3004937,Mycobacterium tuberculosis 23S rRNA mutation conferring resistance to capreomycin,rRNA gene variant model,aminoglycoside antibiotic; antibiotic target alteration; glycopeptide antibiotic; lincosamide antibiotic; macrolide antibiotic; phenicol antibiotic; pleuromutilin antibiotic; streptogramin A antibiotic; streptogramin antibiotic; streptogramin B antibiotic,out_of_scope_rRNA_mutation,,,,,,,2,70.53,Mycobacterium tuberculosis,True
ARO:3000506,mexR,protein overexpression model,aminocoumarin antibiotic; antibiotic efflux; antibiotic target alteration; carbapenem; cephalosporin; cephamycin; diaminopyrimidine antibiotic; fluoroquinolone antibiotic; macrolide antibiotic; monobactam; penam; penem; peptide antibiotic; phenicol antibiotic; sulfonamide antibiotic; tetracycline antibiotic,out_of_scope_regulatory_overexpression,,,,,,,2,66.23,Pseudomonas aeruginosa,True
ARO:3000813,MexS,protein overexpression model,antibiotic efflux; diaminopyrimidine antibiotic; fluoroquinolone antibiotic; phenicol antibiotic,out_of_scope_regulatory_overexpression,,,,,,,2,64.43,Pseudomonas aeruginosa,True
ARO:3000814,MexT,protein overexpression model,antibiotic efflux; diaminopyrimidine antibiotic; fluoroquinolone antibiotic; phenicol antibiotic,out_of_scope_regulatory_overexpression,,,,,,,2,66.22,Pseudomonas aeruginosa,True
ARO:3000818,nalC,protein overexpression model,aminocoumarin antibiotic; antibiotic efflux; carbapenem; cephalosporin; cephamycin; diaminopyrimidine antibiotic; fluoroquinolone antibiotic; macrolide antibiotic; monobactam; penam; penem; peptide antibiotic; phenicol antibiotic; sulfonamide antibiotic; tetracycline antibiotic,out_of_scope_regulatory_overexpression,,,,,,,2,66.21,Pseudomonas aeruginosa,True
ARO:3000819,nalD,protein overexpression model,aminocoumarin antibiotic; antibiotic efflux; carbapenem; cephalosporin; cephamycin; diaminopyrimidine antibiotic; fluoroquinolone antibiotic; macrolide antibiotic; monobactam; penam; penem; peptide antibiotic; phenicol antibiotic; sulfonamide antibiotic; tetracycline antibiotic,out_of_scope_regulatory_overexpression,,,,,,,2,65.99,Pseudomonas aeruginosa,True
ARO:3000828,baeR,protein overexpression model,aminocoumarin antibiotic; aminoglycoside antibiotic; antibiotic efflux,out_of_scope_regulatory_overexpression,,,,,,,33,100.0,Shigella dysenteriae,True
ARO:3000829,baeS,protein overexpression model,aminocoumarin antibiotic; aminoglycoside antibiotic; antibiotic efflux,out_of_scope_regulatory_overexpression,,,,,,,10,97.78,Shigella boydii,True
ARO:3003378,Escherichia coli marR mutant conferring antibiotic resistance,protein overexpression model,antibiotic efflux; antibiotic target alteration; cephalosporin; disinfecting agents and antiseptics; fluoroquinolone antibiotic; glycylcycline; penam; phenicol antibiotic; rifamycin antibiotic; tetracycline antibiotic,out_of_scope_regulatory_overexpression,,,,,,,38,100.0,Citrobacter youngae,True
ARO:3003381,Escherichia coli soxR with mutation conferring antibiotic resistance,protein overexpression model,antibiotic efflux; antibiotic target alteration; cephalosporin; disinfecting agents and antiseptics; fluoroquinolone antibiotic; glycylcycline; penam; phenicol antibiotic; rifamycin antibiotic; tetracycline antibiotic,out_of_scope_regulatory_overexpression,,,,,,,12,100.0,Shigella dysenteriae,True
ARO:3003479,tetR,protein overexpression model,antibiotic efflux; antibiotic target alteration; tetracycline antibiotic,out_of_scope_regulatory_overexpression,,,,,,,55,67.86,Shigella flexneri,True
ARO:3003511,Escherichia coli soxS with mutation conferring antibiotic resistance,protein overexpression model,antibiotic efflux; antibiotic target alteration; carbapenem; cephalosporin; cephamycin; disinfecting agents and antiseptics; fluoroquinolone antibiotic; glycylcycline; monobactam; penam; penem; phenicol antibiotic; reduced permeability to antibiotic; rifamycin antibiotic; tetracycline antibiotic,out_of_scope_regulatory_overexpression,,,,,,,21,100.0,Shigella dysenteriae,True
ARO:3003709,MexZ,protein overexpression model,aminoglycoside antibiotic; antibiotic efflux; carbapenem; cephalosporin; cephamycin; disinfecting agents and antiseptics; fluoroquinolone antibiotic; macrolide antibiotic; penam; phenicol antibiotic; tetracycline antibiotic,out_of_scope_regulatory_overexpression,,,,,,,1,56.48,Pseudomonas aeruginosa,True
ARO:3003807,Escherichia coli acrR with mutation conferring multidrug antibiotic resistance,protein overexpression model,antibiotic efflux; antibiotic target alteration; cephalosporin; disinfecting agents and antiseptics; fluoroquinolone antibiotic; glycylcycline; penam; phenicol antibiotic; rifamycin antibiotic; tetracycline antibiotic,out_of_scope_regulatory_overexpression,,,,,,,10,100.0,Shigella dysenteriae,True
ARO:3004059,Type A NfxB,protein overexpression model,aminocoumarin antibiotic; antibiotic efflux; cephalosporin; diaminopyrimidine antibiotic; fluoroquinolone antibiotic; macrolide antibiotic; penam; phenicol antibiotic; tetracycline antibiotic,out_of_scope_regulatory_overexpression,,,,,,,2,67.37,Pseudomonas aeruginosa,True
